event_number,start_time,end_time,duration_hours,max_customers_out,total_customers_out,num_outages,num_restores,customer_hours,counties_affected,max_sknt,min_sknt,avg_sknt,max_gust,min_gust,avg_gust,max_tmpf,min_tmpf,avg_tmpf,total_p01i,max_p01i,avg_p01i
155,2015-01-01 18:45:00,2015-01-01 19:15:00,0.5,3884,3884,2,1,1940.0,Los Angeles,7.0,0.0,3.8541667,0.0,0.0,0.0,55.0,38.0,49.60875,0.0,0.0,0.0
157,2015-01-02 16:30:00,2015-01-02 20:30:00,4.0,5680,5723,9,6,18056.75,Los Angeles,9.0,0.0,2.5661764,0.0,0.0,0.0,60.0,21.0,49.06765,0.0,0.0,0.0
159,2015-01-02 23:15:00,2015-01-03 03:30:00,4.25,4665,4734,9,9,18064.0,Los Angeles,9.0,0.0,3.8298612,0.0,0.0,0.0,60.8,33.0,51.506943,0.0,0.0,0.0
161,2015-01-03 15:45:00,2015-01-03 17:00:00,1.25,4195,4262,3,3,5176.5,Los Angeles,8.0,0.0,2.1041667,0.0,0.0,0.0,56.84,24.0,43.002502,0.0,0.0,0.0
163,2015-01-04 06:30:00,2015-01-04 10:30:00,4.0,5800,5840,5,5,16618.75,Los Angeles,9.0,0.0,1.9632353,0.0,0.0,0.0,56.84,26.0,45.665295,0.0,0.0,0.0
165,2015-01-04 10:45:00,2015-01-04 19:15:00,8.5,7537,10590,13,9,43935.0,Los Angeles,9.0,0.0,2.3375,0.0,0.0,0.0,62.0,24.0,45.93089,0.0,0.0,0.0
167,2015-01-04 20:00:00,2015-01-04 22:00:00,2.0,4087,4088,2,6,8090.25,Los Angeles,14.0,0.0,3.8333333,0.0,0.0,0.0,71.6,51.0,61.93069,0.0,0.0,0.0
169,2015-01-04 23:15:00,2015-01-05 10:45:00,11.5,5867,7241,18,19,53404.5,Los Angeles,17.0,0.0,4.24867,28.0,0.0,0.625,70.0,27.0,53.47774,0.0,0.0,0.0
172,2015-01-08 16:45:00,2015-01-08 18:15:00,1.5,4870,4870,5,2,6671.5,Los Angeles,10.0,0.0,2.8214285,0.0,0.0,0.0,68.0,38.0,59.924995,0.0,0.0,0.0
174,2015-01-08 19:15:00,2015-01-08 19:30:00,0.25,6287,6287,1,1,1571.75,Los Angeles,10.0,0.0,3.0,0.0,0.0,0.0,71.6,55.0,66.3125,0.0,0.0,0.0
176,2015-01-09 05:30:00,2015-01-09 05:45:00,0.25,4406,4406,1,1,1101.5,Los Angeles,10.0,0.0,1.8125,0.0,0.0,0.0,68.0,50.0,59.23375,0.0,0.0,0.0
178,2015-01-09 16:30:00,2015-01-10 00:30:00,8.0,6669,8154,15,15,43110.75,Los Angeles,11.0,0.0,3.0094697,0.0,0.0,0.0,73.0,45.0,64.06432,0.0,0.0,0.0
180,2015-01-10 21:45:00,2015-01-10 22:00:00,0.25,4170,4170,1,1,1042.5,Los Angeles,8.0,0.0,2.1875,0.0,0.0,0.0,63.86,50.0,58.51625,0.2608,0.04,0.00815
182,2015-01-11 00:15:00,2015-01-11 00:30:00,0.25,5583,5583,1,1,1395.75,Los Angeles,6.0,0.0,2.0,0.0,0.0,0.0,63.86,48.0,56.7975,0.3807,0.05,0.011896875
184,2015-01-11 06:15:00,2015-01-11 07:30:00,1.25,4709,4717,2,3,5760.75,Los Angeles,10.0,0.0,2.5208333,0.0,0.0,0.0,63.86,46.0,54.635834,2.1810002,0.09,0.022718752
186,2015-01-11 11:00:00,2015-01-11 12:15:00,1.25,5981,5981,3,3,6843.25,Los Angeles,14.0,0.0,3.09375,0.0,0.0,0.0,60.8,37.4,53.329163,3.6804998,0.14,0.03833854
188,2015-01-11 13:00:00,2015-01-11 13:45:00,0.75,5274,5274,1,1,3955.5,Los Angeles,15.0,0.0,3.421875,21.0,0.0,0.65625,60.8,37.4,53.190624,1.3608999,0.14,0.021264061
190,2015-01-11 14:00:00,2015-01-11 14:15:00,0.25,3872,3872,1,1,968.0,Los Angeles,14.0,0.0,3.3125,21.0,0.0,1.3125,60.8,37.4,53.3375,0.5908,0.12,0.0184625
192,2015-01-11 14:30:00,2015-01-11 15:15:00,0.75,5645,5645,2,2,4136.0,Los Angeles,17.0,0.0,3.4375,19.0,0.0,0.59375,60.8,37.4,53.387497,0.98130006,0.11,0.015332813
194,2015-01-12 18:30:00,2015-01-12 20:45:00,2.25,4704,4868,4,5,9564.0,Los Angeles,11.0,0.0,3.40625,16.0,0.0,0.5875,65.0,46.0,59.178,0.0,0.0,0.0
196,2015-01-13 17:00:00,2015-01-13 17:30:00,0.5,3801,3801,1,1,1900.5,Los Angeles,12.0,0.0,2.2083333,20.0,0.0,0.7291667,66.2,39.0,55.020004,0.0,0.0,0.0
198,2015-01-14 18:15:00,2015-01-14 19:00:00,0.75,3876,3876,1,2,2906.5,Los Angeles,11.0,0.0,2.953125,0.0,0.0,0.0,71.0,46.4,60.8475,0.0,0.0,0.0
201,2015-01-19 06:45:00,2015-01-19 10:45:00,4.0,7161,9869,10,4,22747.25,Los Angeles,21.0,0.0,2.0073528,0.0,0.0,0.0,63.0,37.0,52.969116,0.0,0.0,0.0
203,2015-01-21 21:15:00,2015-01-21 21:30:00,0.25,4016,4016,1,1,1004.0,Los Angeles,11.0,0.0,6.6875,21.0,0.0,1.875,74.0,55.0,64.9875,0.0,0.0,0.0
205,2015-01-21 21:45:00,2015-01-21 22:15:00,0.5,5458,5458,2,1,2527.0,Los Angeles,12.0,0.0,6.8125,20.0,0.0,2.4375,74.0,55.0,65.85,0.0,0.0,0.0
207,2015-01-21 22:30:00,2015-01-21 23:15:00,0.75,8997,8997,2,2,6563.0,Los Angeles,15.0,0.0,6.734375,22.0,0.0,3.75,74.0,55.0,66.39875,0.0,0.0,0.0
209,2015-01-22 16:45:00,2015-01-23 01:15:00,8.5,7449,10882,15,18,49784.25,Los Angeles,16.0,0.0,4.839286,23.0,0.0,0.9714286,75.2,34.0,65.155106,0.0,0.0,0.0
211,2015-01-24 16:00:00,2015-01-26 00:00:00,32.0,11690,26570,57,60,258166.25,Los Angeles,34.0,0.0,6.2180233,44.0,0.0,3.4675388,84.2,30.0,64.763985,0.0,0.0,0.0
213,2015-01-26 18:30:00,2015-01-26 22:15:00,3.75,6076,6967,6,10,20713.0,Los Angeles,20.0,0.0,7.8398438,28.0,0.0,2.96875,79.0,49.0,70.491714,0.0007,1e-04,2.734375e-06
215,2015-01-26 22:45:00,2015-01-27 01:45:00,3.0,4386,4394,7,3,13040.75,Los Angeles,20.0,0.0,7.8076925,25.0,0.0,3.1057692,74.0,50.0,62.837692,1.2446,0.07,0.005983654
217,2015-01-27 08:30:00,2015-01-27 09:45:00,1.25,5938,5959,3,2,7384.75,Los Angeles,8.0,0.0,2.40625,0.0,0.0,0.0,60.8,45.0,54.5625,0.18079999,0.05,0.0018833332
219,2015-01-27 16:30:00,2015-01-27 21:45:00,5.25,6914,7310,11,10,31349.5,Los Angeles,11.0,0.0,3.0767045,0.0,0.0,0.0,72.0,45.0,62.97568,0.061599996,0.01,0.000175
221,2015-01-28 17:00:00,2015-01-28 21:45:00,4.75,7683,7943,10,10,23384.75,Los Angeles,19.0,0.0,4.66875,26.0,0.0,1.271875,75.2,44.0,64.70725,0.0,0.0,0.0
223,2015-01-29 18:30:00,2015-01-29 19:45:00,1.25,3969,3979,3,3,4880.25,Los Angeles,16.0,0.0,2.8854167,18.0,0.0,0.375,75.2,52.0,66.80417,0.0,0.0,0.0
225,2015-01-30 03:45:00,2015-01-30 05:30:00,1.75,4139,4140,2,5,6968.0,Los Angeles,7.0,0.0,2.6875,0.0,0.0,0.0,68.0,52.0,62.524376,0.0014,1e-04,1.09375e-05
227,2015-01-30 07:30:00,2015-01-30 17:30:00,10.0,8174,10327,16,14,62742.0,Los Angeles,13.0,0.0,3.0625,17.0,0.0,0.103658535,67.0,45.0,59.278934,0.63839996,0.02,0.0009731707
229,2015-02-03 00:15:00,2015-02-03 00:45:00,0.5,4426,4426,1,2,2201.75,Los Angeles,15.0,0.0,5.6875,19.0,0.0,0.7916667,77.0,61.34,68.550415,0.0,0.0,0.0
231,2015-02-03 16:30:00,2015-02-03 17:30:00,1.0,4529,4529,4,1,4207.0,Los Angeles,14.0,0.0,1.9375,0.0,0.0,0.0,71.0,43.0,56.784496,0.0,0.0,0.0
233,2015-02-04 18:45:00,2015-02-04 19:45:00,1.0,4552,4559,2,3,4252.5,Los Angeles,10.0,0.0,2.9625,0.0,0.0,0.0,72.0,58.0,64.65725,0.0,0.0,0.0
235,2015-02-05 17:00:00,2015-02-05 18:15:00,1.25,6853,6934,3,2,8302.0,Los Angeles,8.0,0.0,2.1041667,0.0,0.0,0.0,75.2,47.0,61.024998,0.0,0.0,0.0
237,2015-02-06 06:00:00,2015-02-06 06:30:00,0.5,4223,4223,2,1,2090.25,Los Angeles,12.0,0.0,2.0208333,0.0,0.0,0.0,80.6,54.0,61.112503,0.0,0.0,0.0
239,2015-02-06 07:00:00,2015-02-06 07:15:00,0.25,3809,3809,1,1,952.25,Los Angeles,11.0,0.0,2.4375,0.0,0.0,0.0,68.0,46.4,58.1375,0.0,0.0,0.0
241,2015-02-06 07:30:00,2015-02-06 08:15:00,0.75,3811,3811,2,2,2857.25,Los Angeles,10.0,0.0,3.4375,0.0,0.0,0.0,66.2,46.4,57.3875,0.0,0.0,0.0
243,2015-02-06 12:30:00,2015-02-06 14:00:00,1.5,4335,4335,1,1,6502.5,Los Angeles,12.0,0.0,3.4910715,19.0,0.0,0.5089286,63.0,40.0,53.153572,0.0,0.0,0.0
245,2015-02-06 19:15:00,2015-02-06 20:15:00,1.0,3817,3820,3,2,3812.25,Los Angeles,21.0,0.0,5.9875,35.0,0.0,2.1375,74.0,61.0,68.055,0.0,0.0,0.0
247,2015-02-06 21:15:00,2015-02-07 00:45:00,3.5,4568,4571,4,6,15978.25,Los Angeles,22.0,0.0,8.620833,30.0,0.0,1.0458333,77.0,58.0,68.78333,0.0,0.0,0.0
249,2015-02-08 06:00:00,2015-02-08 06:30:00,0.5,4169,4169,1,1,2084.5,Los Angeles,8.0,0.0,2.7291667,0.0,0.0,0.0,65.0,50.0,60.00833,0.0,0.0,0.0
251,2015-02-08 08:45:00,2015-02-08 11:30:00,2.75,3971,3971,1,1,10920.25,Los Angeles,12.0,0.0,3.1927083,0.0,0.0,0.0,64.0,45.0,57.880207,0.06,0.01,0.0003125
253,2015-02-08 17:15:00,2015-02-08 18:30:00,1.25,4869,4920,3,2,5930.75,Los Angeles,10.0,0.0,4.9479165,0.0,0.0,0.0,69.8,52.0,63.091663,0.0,0.0,0.0
255,2015-02-09 20:15:00,2015-02-09 23:15:00,3.0,6174,7480,5,8,14882.5,Los Angeles,24.0,0.0,10.182693,23.0,0.0,2.0673077,76.0,55.0,68.66539,0.0,0.0,0.0
257,2015-02-09 23:45:00,2015-02-10 06:15:00,6.5,5048,6551,11,13,30762.75,Los Angeles,27.0,0.0,7.9074073,32.0,0.0,3.1111112,74.0,47.0,62.323612,0.0,0.0,0.0
259,2015-02-10 06:45:00,2015-02-10 07:15:00,0.5,5211,5211,2,1,2605.25,Los Angeles,15.0,0.0,4.8125,25.0,0.0,2.9791667,73.4,46.0,58.725002,0.0,0.0,0.0
261,2015-02-10 20:15:00,2015-02-10 20:45:00,0.5,3988,3988,2,1,1991.5,Los Angeles,13.0,0.0,6.2083335,26.0,0.0,2.375,79.0,58.0,70.424995,0.0,0.0,0.0
263,2015-02-11 06:45:00,2015-02-11 07:00:00,0.25,6160,6160,1,1,1540.0,Los Angeles,18.0,0.0,4.4375,0.0,0.0,0.0,71.6,38.0,60.4,0.0,0.0,0.0
265,2015-02-11 16:45:00,2015-02-11 19:00:00,2.25,4932,4961,8,2,10232.5,Los Angeles,24.0,0.0,5.19375,30.0,0.0,2.5,85.0,48.0,70.4375,0.0,0.0,0.0
267,2015-02-11 22:45:00,2015-02-11 23:00:00,0.25,5207,5207,1,1,1301.75,Los Angeles,22.0,0.0,9.0625,30.0,0.0,3.375,86.0,63.0,78.99375,0.0,0.0,0.0
269,2015-02-11 23:30:00,2015-02-11 23:45:00,0.25,3995,3995,1,1,998.75,Los Angeles,21.0,0.0,9.4375,29.0,0.0,3.3125,88.0,62.0,78.76875,0.0,0.0,0.0
271,2015-02-12 21:30:00,2015-02-12 21:45:00,0.25,3912,3912,1,1,978.0,Los Angeles,16.0,0.0,7.28125,26.0,0.0,4.9375,87.0,65.0,79.81875,0.0,0.0,0.0
273,2015-02-15 10:00:00,2015-02-15 10:15:00,0.25,5665,5665,1,1,1416.25,Los Angeles,13.0,0.0,2.25,0.0,0.0,0.0,66.0,42.0,56.449997,0.0,0.0,0.0
275,2015-02-15 17:15:00,2015-02-15 17:45:00,0.5,4445,4445,1,2,2215.25,Los Angeles,7.0,0.0,2.0416667,0.0,0.0,0.0,73.0,52.0,65.395836,0.0,0.0,0.0
277,2015-02-16 12:30:00,2015-02-16 13:15:00,0.75,6304,6304,1,2,4685.75,Los Angeles,9.0,0.0,2.8125,0.0,0.0,0.0,63.0,35.0,54.009377,0.0,0.0,0.0
279,2015-02-16 18:45:00,2015-02-16 20:30:00,1.75,6965,7016,4,4,11577.75,Los Angeles,20.0,0.0,6.2109375,24.0,0.0,0.890625,80.0,57.0,68.07343,0.0,0.0,0.0
281,2015-02-17 17:45:00,2015-02-18 01:45:00,8.0,7971,9460,10,21,52939.25,Los Angeles,18.0,0.0,5.1761365,21.0,0.0,0.28787878,74.0,53.0,65.27573,0.0004,1e-04,7.575757e-07
283,2015-02-18 05:45:00,2015-02-18 20:30:00,14.75,8249,12944,26,21,93478.75,Los Angeles,12.0,0.0,2.7041667,0.0,0.0,0.0,76.0,36.0,57.210167,0.0,0.0,0.0
285,2015-02-18 21:45:00,2015-02-18 22:00:00,0.25,4475,4475,1,1,1118.75,Los Angeles,12.0,0.0,6.0625,0.0,0.0,0.0,78.0,61.0,69.6,0.0,0.0,0.0
287,2015-02-20 12:00:00,2015-02-20 12:45:00,0.75,5390,5390,1,2,4021.0,Los Angeles,10.0,0.0,2.0,0.0,0.0,0.0,60.8,46.0,55.04375,0.0,0.0,0.0
289,2015-02-20 17:00:00,2015-02-21 00:45:00,7.75,9284,12588,16,16,48683.25,Los Angeles,15.0,0.0,4.3535156,16.0,0.0,0.3125,75.0,53.6,64.78164,0.0,0.0,0.0
291,2015-02-21 01:00:00,2015-02-21 03:15:00,2.25,7237,7739,5,5,11624.25,Los Angeles,11.0,0.0,5.85625,16.0,0.0,1.0,73.0,51.0,61.373756,0.0,0.0,0.0
293,2015-02-21 04:00:00,2015-02-21 04:15:00,0.25,4299,4299,1,1,1074.75,Los Angeles,10.0,0.0,4.25,16.0,0.0,1.0,63.0,51.0,58.75,0.0,0.0,0.0
295,2015-02-21 06:30:00,2015-02-21 08:00:00,1.5,4395,4398,2,5,6184.25,Los Angeles,11.0,0.0,3.4642856,16.0,0.0,1.0,63.0,50.0,57.791073,0.0,0.0,0.0
297,2015-02-21 09:15:00,2015-02-21 09:30:00,0.25,4826,4826,1,1,1206.5,Los Angeles,14.0,0.0,3.96875,16.0,0.0,1.0,63.0,51.0,57.78125,0.0,0.0,0.0
299,2015-02-23 17:00:00,2015-02-23 22:30:00,5.5,7369,7442,12,10,30951.75,Los Angeles,17.0,0.0,6.488261,21.0,0.0,1.111413,65.0,39.0,57.086414,0.1302,0.03,0.00035380435
301,2015-02-24 16:45:00,2015-02-24 23:00:00,6.25,11207,13643,8,17,36664.0,Los Angeles,21.0,0.0,8.817307,26.0,0.0,6.355769,75.0,42.0,62.91394,0.0,0.0,0.0
303,2015-02-25 17:00:00,2015-02-26 00:00:00,7.0,6737,7224,13,12,40611.0,Los Angeles,22.0,0.0,4.2952585,19.0,0.0,0.43965518,73.4,44.0,64.68362,0.0,0.0,0.0
305,2015-02-26 09:45:00,2015-02-26 16:45:00,7.0,6309,6621,11,9,41561.5,Los Angeles,27.0,0.0,2.487069,27.0,0.0,0.4224138,62.6,37.0,51.3,0.0,0.0,0.0
307,2015-02-27 22:00:00,2015-02-27 23:00:00,1.0,4236,4237,3,2,4197.5,Los Angeles,26.0,4.0,9.3,32.0,0.0,4.4625,68.0,48.0,60.8675,0.0,0.0,0.0
309,2015-03-01 17:45:00,2015-03-01 19:15:00,1.5,4565,4567,5,2,6544.0,Los Angeles,15.0,0.0,5.785714,20.0,0.0,0.17857143,62.0,40.0,54.730354,0.0202,0.01,0.00018035714
311,2015-03-01 23:45:00,2015-03-02 00:30:00,0.75,3877,3877,2,2,2901.75,Los Angeles,12.0,3.0,7.640625,15.0,0.0,1.828125,61.0,38.0,54.309376,1.0410999,0.21,0.016267186
313,2015-03-03 17:45:00,2015-03-03 20:15:00,2.5,6830,7928,5,6,12236.5,Los Angeles,17.0,0.0,3.6136363,22.0,0.0,1.2045455,65.0,42.0,57.694656,0.0,0.0,0.0
315,2015-03-03 20:30:00,2015-03-04 00:15:00,3.75,5933,6255,6,10,19284.25,Los Angeles,29.16,0.0,8.850157,25.0,0.0,2.6367188,66.2,45.0,60.58211,0.0,0.0,0.0
317,2015-03-04 00:30:00,2015-03-04 00:45:00,0.25,3955,3955,1,1,988.75,Los Angeles,18.0,4.0,9.84375,18.0,0.0,1.125,64.4,43.0,58.8,1e-04,1e-04,3.125e-06
319,2015-03-04 04:30:00,2015-03-04 05:15:00,0.75,3834,3834,2,2,2864.0,Los Angeles,16.0,0.0,5.828125,0.0,0.0,0.0,60.0,39.0,53.237503,0.0,0.0,0.0
321,2015-03-04 05:30:00,2015-03-04 06:45:00,1.25,4558,4558,1,3,5117.0,Los Angeles,14.0,0.0,5.0,0.0,0.0,0.0,59.0,39.0,52.560413,0.0,0.0,0.0
323,2015-03-04 07:00:00,2015-03-04 11:15:00,4.25,6657,6675,7,7,17572.25,Los Angeles,10.0,0.0,3.0104167,0.0,0.0,0.0,59.0,31.0,49.558334,0.0,0.0,0.0
325,2015-03-04 13:45:00,2015-03-04 14:15:00,0.5,3859,3859,1,2,1924.5,Los Angeles,6.0,0.0,3.0625,0.0,0.0,0.0,55.4,30.0,46.0625,0.0,0.0,0.0
327,2015-03-04 19:15:00,2015-03-04 21:00:00,1.75,4752,4759,4,4,7506.0,Los Angeles,43.0,0.0,7.3828125,22.0,0.0,2.90625,71.0,50.0,64.79844,0.0,0.0,0.0
329,2015-03-04 22:00:00,2015-03-04 23:00:00,1.0,3898,3910,2,3,3860.25,Los Angeles,13.0,4.0,7.7625,19.0,0.0,2.225,73.4,53.0,66.472496,0.0,0.0,0.0
331,2015-03-06 07:45:00,2015-03-06 08:30:00,0.75,8572,8572,2,1,6383.75,Los Angeles,18.0,0.0,4.3125,25.0,0.0,1.1875,65.0,32.0,55.428123,0.0,0.0,0.0
333,2015-03-08 04:00:00,2015-03-08 05:00:00,1.0,4503,4503,3,1,4342.5,Los Angeles,10.0,0.0,4.2125,19.0,0.0,0.475,71.0,47.0,63.51,0.0,0.0,0.0
335,2015-03-08 23:00:00,2015-03-09 02:00:00,3.0,9572,18512,5,8,20319.0,Los Angeles,16.0,0.0,6.826923,18.0,0.0,0.34615386,79.0,56.0,69.63077,0.0,0.0,0.0
337,2015-03-09 02:15:00,2015-03-09 04:30:00,2.25,4945,5565,5,4,9713.0,Los Angeles,17.0,0.0,5.35625,0.0,0.0,0.0,71.6,49.0,61.348747,0.0,0.0,0.0
339,2015-03-09 09:00:00,2015-03-09 10:45:00,1.75,9137,9137,1,5,14711.0,Los Angeles,20.0,0.0,3.28125,0.0,0.0,0.0,66.2,38.0,53.882812,0.0,0.0,0.0
341,2015-03-09 16:30:00,2015-03-09 19:30:00,3.0,5869,5895,8,5,15974.25,Los Angeles,22.0,0.0,3.5288463,30.0,0.0,1.7596154,74.0,47.0,63.34808,0.0,0.0,0.0
343,2015-03-10 09:45:00,2015-03-10 10:00:00,0.25,5301,5301,1,1,1325.25,Los Angeles,6.0,0.0,1.5,0.0,0.0,0.0,61.0,40.0,54.18125,0.0,0.0,0.0
345,2015-03-10 16:45:00,2015-03-10 21:00:00,4.25,5425,5815,13,5,20686.25,Los Angeles,10.0,0.0,3.3645833,18.0,0.0,0.5138889,82.4,50.0,68.72986,0.0,0.0,0.0
347,2015-03-11 20:45:00,2015-03-11 22:00:00,1.25,4862,4862,2,4,5199.0,Los Angeles,18.0,0.0,7.4270835,22.0,0.0,0.45833334,74.0,57.0,68.12708,0.00059999997,1e-04,6.25e-06
349,2015-03-12 16:15:00,2015-03-12 16:30:00,0.25,4026,4026,1,1,1006.5,Los Angeles,13.0,0.0,3.34375,26.0,0.0,2.6875,80.6,50.0,66.11875,0.0,0.0,0.0
351,2015-03-13 17:00:00,2015-03-13 18:45:00,1.75,4113,4310,3,4,6907.5,Los Angeles,24.0,0.0,7.7578125,32.0,0.0,5.3828125,88.0,62.0,79.19624,0.0,0.0,0.0
353,2015-03-14 04:15:00,2015-03-14 06:15:00,2.0,6003,6026,3,6,10403.25,Los Angeles,12.0,0.0,3.9791667,22.0,0.0,1.375,86.0,51.0,70.61389,0.0004,1e-04,2.7777778e-06
355,2015-03-16 05:00:00,2015-03-16 07:15:00,2.25,5273,5583,5,3,10378.5,Los Angeles,13.0,0.0,3.3375,22.0,0.0,1.0,82.4,57.0,71.9,0.0,0.0,0.0
357,2015-03-16 11:30:00,2015-03-16 12:45:00,1.25,4302,4302,2,3,5252.5,Los Angeles,9.72,0.0,2.63875,0.0,0.0,0.0,73.0,47.0,64.63125,0.0,0.0,0.0
359,2015-03-17 15:45:00,2015-03-17 16:00:00,0.25,3927,3927,1,1,981.75,Los Angeles,21.0,0.0,3.4375,0.0,0.0,0.0,71.0,54.0,65.2125,0.0,0.0,0.0
361,2015-03-18 18:45:00,2015-03-18 19:30:00,0.75,4880,4880,1,1,3660.0,Los Angeles,15.0,0.0,6.265625,16.0,0.0,0.96875,74.0,57.0,67.99687,0.0,0.0,0.0
363,2015-03-18 21:30:00,2015-03-18 22:45:00,1.25,4738,4742,3,3,5820.5,Los Angeles,13.0,3.0,7.6666665,16.0,0.0,0.9375,72.0,61.0,68.822914,0.0,0.0,0.0
365,2015-03-19 20:00:00,2015-03-19 20:45:00,0.75,4934,4934,3,1,3660.5,Los Angeles,12.0,4.0,7.984375,19.0,0.0,2.453125,78.0,62.0,71.30594,0.0,0.0,0.0
367,2015-03-19 22:30:00,2015-03-20 01:00:00,2.5,4244,4372,6,5,10249.75,Los Angeles,15.0,0.0,8.676136,15.0,0.0,0.5113636,78.0,59.0,70.57272,0.0,0.0,0.0
369,2015-03-20 01:30:00,2015-03-20 02:00:00,0.5,3869,3869,1,2,1934.25,Los Angeles,18.0,3.0,8.270833,16.0,0.0,1.0,77.0,57.0,66.74167,0.0,0.0,0.0
371,2015-03-20 03:45:00,2015-03-20 05:00:00,1.25,5839,5839,3,1,6926.5,Los Angeles,16.0,0.0,5.1770835,0.0,0.0,0.0,71.6,56.0,63.166668,0.0,0.0,0.0
373,2015-03-20 05:30:00,2015-03-20 13:15:00,7.75,7794,8730,6,18,47225.5,Los Angeles,16.0,0.0,3.4121094,19.0,0.0,0.1484375,71.6,40.0,58.876564,0.0,0.0,0.0
377,2015-03-22 07:15:00,2015-03-22 09:30:00,2.25,8077,8897,4,4,14215.0,Los Angeles,12.0,0.0,5.0625,0.0,0.0,0.0,73.4,52.0,59.49,0.0,0.0,0.0
379,2015-03-22 17:00:00,2015-03-22 17:15:00,0.25,7573,7573,1,1,1893.25,Los Angeles,19.0,0.0,5.0625,0.0,0.0,0.0,68.0,57.2,62.1875,0.0,0.0,0.0
381,2015-03-24 16:30:00,2015-03-24 18:15:00,1.75,4601,4601,6,2,7845.0,Los Angeles,26.0,0.0,6.7109375,47.0,0.0,3.9296875,73.4,47.0,64.70157,0.0,0.0,0.0
383,2015-03-25 04:00:00,2015-03-25 05:00:00,1.0,4708,4725,2,3,4285.25,Los Angeles,26.0,0.0,9.65,36.0,0.0,10.075,77.0,48.0,65.9375,0.0,0.0,0.0
385,2015-03-25 13:30:00,2015-03-25 15:00:00,1.5,5051,5158,3,2,7169.5,Los Angeles,12.0,0.0,2.0982144,17.0,0.0,1.4821428,82.4,44.0,57.967857,0.0,0.0,0.0
387,2015-03-25 15:30:00,2015-03-25 22:15:00,6.75,6876,9936,10,15,34172.5,Los Angeles,19.0,0.0,5.638393,31.0,0.0,3.3839285,87.0,48.0,72.70804,0.0,0.0,0.0
389,2015-03-25 22:30:00,2015-03-26 01:00:00,2.5,5112,5583,4,7,11584.25,Los Angeles,15.0,0.0,8.642045,23.0,0.0,2.971591,88.0,67.0,77.568184,0.0,0.0,0.0
391,2015-03-27 20:00:00,2015-03-27 20:30:00,0.5,3884,3884,1,2,1940.0,Los Angeles,12.0,0.0,5.875,18.0,0.0,1.125,91.4,69.0,83.59583,0.0,0.0,0.0
393,2015-03-28 15:45:00,2015-03-28 19:45:00,4.0,8123,8322,6,4,30349.0,Los Angeles,14.0,0.0,4.8161764,18.0,0.0,1.2132353,89.6,59.0,72.931625,0.0,0.0,0.0
395,2015-03-29 05:45:00,2015-03-29 06:00:00,0.25,5152,5152,1,1,1288.0,Los Angeles,12.0,0.0,4.3125,0.0,0.0,0.0,75.2,59.0,63.862503,0.0,0.0,0.0
397,2015-03-29 16:15:00,2015-03-29 17:15:00,1.0,4389,4506,2,3,4073.25,Los Angeles,11.66,0.0,3.529,0.0,0.0,0.0,71.6,55.4,65.347496,0.0,0.0,0.0
399,2015-03-30 17:45:00,2015-03-30 18:00:00,0.25,4322,4322,1,1,1080.5,Los Angeles,7.0,0.0,3.09375,0.0,0.0,0.0,82.4,62.0,70.75625,0.0,0.0,0.0
401,2015-03-31 20:45:00,2015-03-31 21:00:00,0.25,5947,5947,1,1,1486.75,Los Angeles,28.0,3.0,11.125,37.0,0.0,5.125,79.0,61.0,69.4875,0.0,0.0,0.0
403,2015-04-01 17:00:00,2015-04-01 17:30:00,0.5,4762,4762,2,1,2224.5,Los Angeles,26.0,0.0,7.3958335,31.0,0.0,2.6458333,71.0,47.0,63.504166,0.0,0.0,0.0
405,2015-04-06 16:30:00,2015-04-06 19:45:00,3.25,5062,5728,6,8,14719.25,Los Angeles,18.0,0.0,9.191964,25.0,0.0,5.977679,66.2,43.0,59.318752,0.0,0.0,0.0
407,2015-04-06 20:30:00,2015-04-06 20:45:00,0.25,3816,3816,1,1,954.0,Los Angeles,16.0,3.0,10.3125,27.0,0.0,9.0625,68.0,55.0,62.175003,0.0,0.0,0.0
409,2015-04-07 19:30:00,2015-04-07 20:30:00,1.0,5694,5694,1,4,5313.5,Los Angeles,34.0,0.0,10.2275,44.0,0.0,9.43,66.2,44.0,60.3225,0.0004,1e-04,5e-06
411,2015-04-08 00:30:00,2015-04-08 00:45:00,0.25,4237,4237,1,1,1059.25,Los Angeles,20.0,0.0,8.8125,28.0,0.0,4.59375,63.0,43.0,55.2875,0.4907,0.14,0.015334375
413,2015-04-08 01:15:00,2015-04-08 09:45:00,8.5,8479,12140,18,15,52985.25,Los Angeles,22.0,0.0,6.257143,30.0,0.0,1.3142858,62.0,36.0,52.38393,3.7139997,0.18,0.0066321422
415,2015-04-08 10:45:00,2015-04-08 11:00:00,0.25,4711,4711,1,1,1177.75,Los Angeles,19.0,0.0,5.9375,23.0,0.0,2.8125,57.2,36.0,48.3625,0.0,0.0,0.0
417,2015-04-08 16:45:00,2015-04-08 19:30:00,2.75,4967,4968,6,6,12732.25,Los Angeles,20.0,0.0,9.46875,26.0,0.0,8.755208,70.0,35.0,59.44167,0.0008,1e-04,4.1666667e-06
419,2015-04-08 21:30:00,2015-04-08 22:00:00,0.5,4549,4549,2,1,2273.75,Los Angeles,20.0,5.0,12.4375,28.0,0.0,13.541667,71.0,49.0,64.11667,0.0,0.0,0.0
421,2015-04-09 15:45:00,2015-04-09 16:00:00,0.25,4142,4142,1,1,1035.5,Los Angeles,14.0,0.0,2.4375,0.0,0.0,0.0,64.4,47.0,57.8125,0.0,0.0,0.0
423,2015-04-11 04:45:00,2015-04-11 05:00:00,0.25,13905,13905,1,1,3476.25,Los Angeles,12.0,0.0,6.4375,0.0,0.0,0.0,68.0,51.0,59.3375,0.0,0.0,0.0
425,2015-04-14 18:15:00,2015-04-14 22:15:00,4.0,6381,8451,10,7,21359.75,Los Angeles,32.0,0.0,11.161765,41.0,0.0,8.011029,82.0,46.0,67.72574,0.00029999999,1e-04,1.1029412e-06
427,2015-04-14 23:00:00,2015-04-14 23:15:00,0.25,5176,5176,1,1,1294.0,Los Angeles,35.0,4.0,13.625,40.0,0.0,11.34375,80.0,50.0,67.762505,0.0,0.0,0.0
429,2015-04-18 20:15:00,2015-04-18 23:00:00,2.75,5762,6332,6,6,13547.0,Los Angeles,15.0,0.0,9.067708,21.0,0.0,2.7447917,84.0,59.0,75.833336,0.0,0.0,0.0
431,2015-04-22 03:00:00,2015-04-22 04:00:00,1.0,4684,4684,1,4,4654.75,Los Angeles,15.0,0.0,7.1875,19.0,0.0,0.9125,63.0,45.0,58.32,0.0,0.0,0.0
433,2015-04-23 16:00:00,2015-04-23 17:00:00,1.0,5438,5438,4,1,4274.75,Los Angeles,15.0,0.0,4.8625,0.0,0.0,0.0,66.2,46.0,60.73,0.0,0.0,0.0
435,2015-04-23 19:45:00,2015-04-23 20:00:00,0.25,4622,4622,1,1,1155.5,Los Angeles,16.0,0.0,8.53125,21.0,0.0,3.6875,69.0,53.6,65.01875,0.0002,1e-04,6.25e-06
437,2015-04-24 17:30:00,2015-04-24 18:00:00,0.5,6429,6429,2,1,3213.5,Los Angeles,21.0,0.0,7.2083335,0.0,0.0,0.0,64.4,46.0,59.44583,0.0002,1e-04,4.1666667e-06
439,2015-04-24 20:30:00,2015-04-24 20:45:00,0.25,5175,5175,1,1,1293.75,Los Angeles,22.0,3.0,8.59375,29.0,0.0,3.71875,67.0,48.0,62.1875,0.0,0.0,0.0
441,2015-04-25 15:00:00,2015-04-25 15:15:00,0.25,3900,3900,1,1,975.0,Los Angeles,16.0,0.0,4.78125,0.0,0.0,0.0,62.0,46.0,56.25,0.0,0.0,0.0
443,2015-04-25 23:15:00,2015-04-26 00:30:00,1.25,4560,4562,3,2,5596.0,Los Angeles,29.16,0.0,12.966667,38.88,0.0,12.097917,66.2,50.0,59.785416,0.3929,0.07,0.004092708
445,2015-04-26 01:30:00,2015-04-26 01:45:00,0.25,4451,4451,1,1,1112.75,Los Angeles,27.0,0.0,12.375,34.0,0.0,12.3125,65.0,49.0,59.3125,0.0002,1e-04,6.25e-06
447,2015-04-26 17:00:00,2015-04-27 07:45:00,14.75,9604,15491,26,30,83128.25,Los Angeles,26.0,0.0,10.370833,36.0,0.0,6.117708,80.0,46.0,66.37312,0.0,0.0,0.0
449,2015-04-27 17:00:00,2015-04-27 17:45:00,0.75,4348,4348,2,1,3258.0,Los Angeles,21.0,0.0,7.90625,31.0,0.0,7.15625,82.4,60.0,74.16875,0.0,0.0,0.0
451,2015-04-27 20:15:00,2015-04-27 20:30:00,0.25,3816,3816,1,1,954.0,Los Angeles,18.0,4.0,9.34375,28.0,0.0,7.0625,88.0,70.0,78.1375,0.0,0.0,0.0
453,2015-04-27 20:45:00,2015-04-27 22:00:00,1.25,4091,4095,2,4,4873.5,Los Angeles,16.0,4.0,9.65625,26.0,0.0,6.46875,88.0,71.0,78.67917,0.0,0.0,0.0
455,2015-04-28 20:00:00,2015-04-28 20:30:00,0.5,5757,5757,2,1,2878.25,Los Angeles,15.0,3.0,7.9791665,22.0,0.0,1.9583334,91.4,63.0,81.96667,0.0,0.0,0.0
458,2015-05-01 14:45:00,2015-05-01 15:45:00,1.0,8905,9130,3,2,7994.0,Los Angeles,13.0,0.0,3.775,23.0,0.0,0.575,79.0,57.0,66.0,0.0,0.0,0.0
460,2015-05-02 20:30:00,2015-05-02 22:30:00,2.0,5000,5799,4,5,9515.25,Los Angeles,24.0,3.0,12.305555,29.0,0.0,8.506945,88.0,62.6,76.870834,0.0,0.0,0.0
462,2015-05-05 16:00:00,2015-05-05 16:30:00,0.5,5073,5073,2,1,2530.75,Los Angeles,18.0,0.0,6.5833335,25.0,0.0,1.5625,64.0,45.0,58.729168,0.0,0.0,0.0
464,2015-05-07 15:00:00,2015-05-07 15:30:00,0.5,4639,4639,1,1,2319.5,Los Angeles,22.0,0.0,7.7291665,32.0,0.0,4.9166665,60.8,42.0,55.95,1e-04,1e-04,2.0833334e-06
466,2015-05-07 16:45:00,2015-05-07 17:00:00,0.25,4116,4116,1,1,1029.0,Los Angeles,23.0,0.0,9.875,33.0,0.0,5.46875,62.0,45.0,58.29375,0.0,0.0,0.0
468,2015-05-07 17:45:00,2015-05-07 23:15:00,5.5,8840,9734,7,12,33687.5,Los Angeles,30.0,0.0,13.565217,37.0,0.0,14.222826,68.0,42.0,60.979347,0.111,0.03,0.00030163044
470,2015-05-08 00:00:00,2015-05-08 00:30:00,0.5,5291,5291,1,1,2645.5,Los Angeles,21.0,0.0,12.375,29.0,0.0,11.125,64.4,39.0,57.90833,0.0805,0.03,0.0016770833
472,2015-05-08 05:15:00,2015-05-08 08:45:00,3.5,11006,11438,6,7,29146.0,Los Angeles,17.0,0.0,7.1375,25.0,0.0,2.0666666,61.0,36.0,53.083332,0.5529,0.08,0.00230375
474,2015-05-08 09:45:00,2015-05-08 10:30:00,0.75,4028,4028,1,1,3021.0,Los Angeles,16.0,0.0,5.609375,25.0,0.0,0.65625,55.4,37.0,50.3375,0.31059998,0.08,0.0048531247
476,2015-05-08 11:15:00,2015-05-08 12:30:00,1.25,4577,4607,2,3,5161.25,Los Angeles,16.0,0.0,6.2708335,21.0,0.0,0.6145833,55.4,37.0,49.458332,1.2006999,0.13,0.012507291
478,2015-05-08 14:45:00,2015-05-08 18:15:00,3.5,9802,11174,9,5,29505.5,Los Angeles,17.0,0.0,6.133333,21.0,0.0,1.2458333,60.8,38.0,54.030003,0.051499996,0.01,0.00021458331
480,2015-05-08 18:30:00,2015-05-08 21:45:00,3.25,9604,10030,3,11,21703.25,Los Angeles,31.1,0.0,8.108035,25.0,0.0,2.919643,65.0,41.0,57.269646,0.18589999,0.02,0.0008299107
482,2015-05-09 14:00:00,2015-05-09 14:15:00,0.25,7562,7562,1,1,1890.5,Los Angeles,13.0,0.0,3.1875,14.0,0.0,0.4375,59.0,45.0,54.6,0.0,0.0,0.0
485,2015-05-11 02:30:00,2015-05-11 03:45:00,1.25,33471,33556,3,3,30961.5,Los Angeles,15.0,3.0,7.67375,0.0,0.0,0.0,76.0,59.0,65.75,0.0,0.0,0.0
487,2015-05-11 21:30:00,2015-05-11 21:45:00,0.25,4213,4213,1,1,1053.25,Los Angeles,24.0,0.0,11.465,32.0,0.0,9.54125,84.0,61.0,74.79375,0.0,0.0,0.0
489,2015-05-11 22:00:00,2015-05-11 22:30:00,0.5,6575,6575,2,1,3285.75,Los Angeles,24.0,0.0,11.7775,32.0,0.0,9.093333,84.0,63.0,75.07917,0.0,0.0,0.0
491,2015-05-12 00:00:00,2015-05-12 00:15:00,0.25,4003,4003,1,1,1000.75,Los Angeles,25.0,0.0,12.43375,35.0,0.0,9.3225,84.0,59.0,73.66875,0.0,0.0,0.0
493,2015-05-12 00:30:00,2015-05-12 01:00:00,0.5,4152,4152,2,1,2012.25,Los Angeles,25.0,4.0,10.729167,35.0,0.0,5.0416665,82.4,59.0,72.525,0.0,0.0,0.0
495,2015-05-12 16:45:00,2015-05-12 20:00:00,3.25,4547,4727,9,5,13765.75,Los Angeles,19.0,0.0,9.0275,26.0,0.0,4.522321,75.0,55.0,65.380356,0.0,0.0,0.0
497,2015-05-13 02:00:00,2015-05-13 02:30:00,0.5,3907,3907,1,2,1946.75,Los Angeles,15.0,0.0,8.329792,16.0,0.0,0.6666667,69.8,52.0,63.441666,0.0,0.0,0.0
499,2015-05-13 03:45:00,2015-05-13 06:30:00,2.75,6138,6509,3,9,12498.5,Los Angeles,16.0,0.0,7.0433335,0.0,0.0,0.0,69.8,47.0,59.6875,0.0,0.0,0.0
501,2015-05-14 17:00:00,2015-05-14 18:45:00,1.75,4282,4314,4,3,7069.5,Los Angeles,20.0,0.0,9.765625,27.0,0.0,3.96875,66.2,44.0,59.65594,1.0809,0.17,0.008444531
503,2015-05-14 22:00:00,2015-05-14 22:15:00,0.25,5481,5481,1,1,1370.25,Los Angeles,24.0,0.0,8.75,33.0,0.0,3.8125,58.0,49.0,55.01875,1.1405,0.16,0.035640623
505,2015-05-15 07:30:00,2015-05-15 07:45:00,0.25,4152,4152,1,1,1038.0,Los Angeles,12.0,0.0,4.21875,0.0,0.0,0.0,59.0,39.0,52.75,0.0004,1e-04,1.25e-05
507,2015-05-15 09:45:00,2015-05-15 11:30:00,1.75,4798,4799,3,4,8359.5,Los Angeles,11.0,0.0,2.8671875,0.0,0.0,0.0,57.2,39.0,51.74844,0.1201,0.03,0.00093828124
509,2015-05-16 11:30:00,2015-05-16 12:15:00,0.75,4103,4103,2,1,3076.25,Los Angeles,15.0,0.0,4.57625,19.0,0.0,0.296875,61.0,46.0,53.925,0.0,0.0,0.0
511,2015-05-16 18:45:00,2015-05-16 19:30:00,0.75,5947,5947,2,2,4459.75,Los Angeles,19.44,0.0,9.636875,34.99,0.0,7.4707813,71.6,55.0,64.90938,0.0,0.0,0.0
514,2015-05-18 19:45:00,2015-05-18 22:30:00,2.75,5641,5719,5,6,14865.0,Los Angeles,24.0,0.0,9.93375,31.0,0.0,5.1510415,70.0,55.0,65.93958,0.0,0.0,0.0
516,2015-05-19 00:30:00,2015-05-19 01:45:00,1.25,4105,4106,2,4,5089.25,Los Angeles,21.0,0.0,11.398541,29.16,0.0,4.715,69.0,54.0,63.69583,0.0,0.0,0.0
518,2015-05-19 17:00:00,2015-05-19 23:00:00,6.0,6790,7702,10,14,28689.75,Los Angeles,19.0,0.0,8.4325,25.0,0.0,5.155,74.0,56.0,66.962006,0.0,0.0,0.0
520,2015-05-20 16:45:00,2015-05-20 17:00:00,0.25,7625,7625,1,1,1906.25,Los Angeles,13.0,0.0,5.71875,15.0,0.0,0.9375,66.0,54.0,62.4625,0.0,0.0,0.0
522,2015-05-20 17:15:00,2015-05-21 02:00:00,8.75,9273,14900,17,17,69850.0,Los Angeles,22.0,0.0,9.677083,31.0,0.0,5.59375,74.0,54.0,66.65833,0.0,0.0,0.0
524,2015-05-21 18:45:00,2015-05-21 19:45:00,1.0,4387,4387,2,1,4183.5,Los Angeles,22.0,0.0,8.35,29.0,0.0,4.0875,69.0,53.0,63.847496,0.0,0.0,0.0
528,2015-05-26 21:15:00,2015-05-27 00:00:00,2.75,7137,7469,5,7,13461.25,Los Angeles,20.0,0.0,9.682292,26.0,0.0,3.8854167,82.0,54.0,68.80833,0.0,0.0,0.0
530,2015-05-27 16:45:00,2015-05-27 17:00:00,0.25,4785,4785,1,1,1196.25,Los Angeles,13.0,0.0,4.3125,0.0,0.0,0.0,76.0,54.0,63.30625,0.0,0.0,0.0
533,2015-05-27 19:00:00,2015-05-27 22:30:00,3.5,6537,7742,8,6,18778.0,Los Angeles,16.0,0.0,6.3458333,23.0,0.0,1.3916667,87.0,57.0,70.791664,0.0,0.0,0.0
535,2015-05-28 04:30:00,2015-05-28 04:45:00,0.25,4681,4681,1,1,1170.25,Los Angeles,15.0,0.0,7.46875,0.0,0.0,0.0,70.0,53.0,62.0625,0.0,0.0,0.0
537,2015-05-28 05:00:00,2015-05-28 05:15:00,0.25,3828,3828,1,1,957.0,Los Angeles,15.0,0.0,7.3125,0.0,0.0,0.0,69.0,53.0,62.0,0.0,0.0,0.0
539,2015-05-28 06:00:00,2015-05-28 06:15:00,0.25,4439,4439,1,1,1109.75,Los Angeles,13.0,3.0,7.25,25.0,0.0,1.5625,69.0,53.0,61.5625,0.0,0.0,0.0
541,2015-05-28 15:00:00,2015-05-28 15:45:00,0.75,5422,5422,1,1,4066.5,Los Angeles,14.0,0.0,2.84375,0.0,0.0,0.0,77.0,53.0,61.53125,0.0,0.0,0.0
543,2015-05-28 17:00:00,2015-05-28 20:15:00,3.25,5015,5064,3,6,15586.0,Los Angeles,15.55,0.0,5.148661,19.0,0.0,1.0044643,89.0,59.0,69.86161,0.0,0.0,0.0
545,2015-05-28 21:00:00,2015-05-28 21:15:00,0.25,4107,4107,1,1,1026.75,Los Angeles,12.0,3.0,7.4375,17.0,0.0,2.0,90.0,62.0,74.262505,0.0,0.0,0.0
547,2015-05-29 09:30:00,2015-05-29 11:15:00,1.75,3951,3951,3,1,6886.25,Los Angeles,19.0,0.0,3.140625,14.0,0.0,0.4375,68.0,54.0,60.14375,0.0,0.0,0.0
549,2015-05-30 14:00:00,2015-05-30 14:45:00,0.75,4699,4699,2,1,3524.0,Los Angeles,8.0,0.0,2.40625,0.0,0.0,0.0,72.0,54.0,61.759377,0.0,0.0,0.0
551,2015-05-30 15:45:00,2015-05-30 23:15:00,7.5,8840,10852,14,14,60792.75,Los Angeles,18.0,0.0,6.520161,26.0,0.0,2.4012096,95.0,55.0,74.31209,0.0,0.0,0.0
553,2015-05-30 23:30:00,2015-05-30 23:45:00,0.25,9859,9859,1,1,2464.75,Los Angeles,19.0,0.0,9.34375,27.0,0.0,5.28125,95.0,65.0,77.45625,0.0,0.0,0.0
555,2015-05-31 00:00:00,2015-05-31 00:45:00,0.75,9836,9836,1,3,7075.0,Los Angeles,20.0,0.0,9.140625,27.0,0.0,4.1875,94.0,62.0,76.4875,0.0,0.0,0.0
557,2015-05-31 01:00:00,2015-05-31 02:00:00,1.0,8875,9039,2,3,8627.75,Los Angeles,20.0,0.0,8.9375,23.0,0.0,2.325,92.0,60.0,74.215004,0.0,0.0,0.0
559,2015-05-31 02:15:00,2015-05-31 02:30:00,0.25,7970,7970,1,1,1992.5,Los Angeles,17.0,0.0,8.46875,23.0,0.0,2.4375,88.0,59.0,72.3875,0.0,0.0,0.0
561,2015-05-31 02:45:00,2015-05-31 03:00:00,0.25,7978,7978,1,1,1994.5,Los Angeles,15.0,0.0,8.25,0.0,0.0,0.0,85.0,59.0,69.95,0.0,0.0,0.0
563,2015-05-31 03:15:00,2015-05-31 03:30:00,0.25,7984,7984,1,1,1996.0,Los Angeles,15.0,0.0,8.0625,0.0,0.0,0.0,85.0,59.0,69.49375,0.0,0.0,0.0
565,2015-05-31 03:45:00,2015-05-31 04:00:00,0.25,7616,7616,1,1,1904.0,Los Angeles,16.0,0.0,7.3125,19.0,0.0,1.1875,84.2,58.0,68.275,0.0,0.0,0.0
567,2015-05-31 04:15:00,2015-05-31 06:15:00,2.0,8730,8730,1,4,12733.5,Los Angeles,16.0,0.0,5.7916665,19.0,0.0,0.2638889,84.2,58.0,67.47361,0.0,0.0,0.0
569,2015-05-31 17:30:00,2015-05-31 18:15:00,0.75,4592,4605,2,2,3309.25,Los Angeles,14.0,0.0,5.6875,24.0,0.0,3.328125,91.0,61.0,69.56875,0.0,0.0,0.0
571,2015-05-31 19:30:00,2015-05-31 20:15:00,0.75,4008,4008,3,1,2997.25,Los Angeles,20.0,0.0,9.25,28.0,0.0,4.765625,93.0,62.0,73.47188,0.0,0.0,0.0
573,2015-06-02 22:15:00,2015-06-02 23:15:00,1.0,6895,6895,1,3,6742.75,Los Angeles,19.0,4.0,11.2205,31.1,0.0,7.7050004,83.0,61.0,73.3075,0.0,0.0,0.0
575,2015-06-02 23:30:00,2015-06-03 00:30:00,1.0,6620,6620,1,4,6473.5,Los Angeles,20.0,0.0,10.5,23.0,0.0,3.9,82.0,58.0,72.415,0.0,0.0,0.0
577,2015-06-03 17:15:00,2015-06-03 19:30:00,2.25,4883,4883,6,3,10626.0,Los Angeles,23.0,0.0,7.691625,33.0,0.0,3.4375,73.4,56.0,64.795,0.0018999999,1e-04,1.18749995e-05
579,2015-06-03 20:30:00,2015-06-03 21:15:00,0.75,4071,4071,1,3,2952.25,Los Angeles,27.0,0.0,7.953125,34.0,0.0,3.21875,77.0,61.0,68.46875,0.0004,1e-04,6.25e-06
581,2015-06-05 16:15:00,2015-06-05 23:45:00,7.5,5788,5857,12,13,37912.0,Los Angeles,90.0,0.0,8.524194,29.0,0.0,3.1028225,79.0,53.0,68.178635,0.0,0.0,0.0
583,2015-06-06 20:00:00,2015-06-07 00:00:00,4.0,5699,5967,7,6,16715.75,Los Angeles,32.0,0.0,9.106618,39.0,0.0,2.9669118,87.0,57.0,71.64706,0.0604,0.03,0.00022205884
585,2015-06-07 07:15:00,2015-06-07 08:00:00,0.75,5737,5737,1,1,4302.75,Los Angeles,21.0,0.0,6.59375,28.0,0.0,1.46875,70.0,53.0,63.118748,0.0,0.0,0.0
587,2015-06-07 17:00:00,2015-06-08 01:00:00,8.0,9262,10206,14,14,40929.0,Los Angeles,16.0,0.0,7.128788,24.0,0.0,2.2689395,95.0,59.0,76.78295,0.0008,1e-04,1.5151514e-06
589,2015-06-08 04:30:00,2015-06-08 05:00:00,0.5,4201,4201,1,1,2100.5,Los Angeles,15.0,0.0,5.8125,0.0,0.0,0.0,81.0,59.0,68.729164,0.0,0.0,0.0
591,2015-06-08 15:30:00,2015-06-08 16:15:00,0.75,4494,4494,2,1,3361.25,Los Angeles,13.0,0.0,4.373125,0.0,0.0,0.0,81.0,60.8,71.431244,0.0,0.0,0.0
593,2015-06-08 16:30:00,2015-06-08 19:45:00,3.25,5791,5934,6,5,15229.5,Los Angeles,19.0,0.0,5.774643,25.0,0.0,1.7901785,100.0,61.0,79.94643,0.0,0.0,0.0
595,2015-06-09 05:30:00,2015-06-09 05:45:00,0.25,3813,3813,1,1,953.25,Los Angeles,14.0,0.0,4.59375,16.0,0.0,1.0,83.0,62.0,71.26875,0.0,0.0,0.0
597,2015-06-09 17:15:00,2015-06-09 18:00:00,0.75,5333,5333,2,2,3365.25,Los Angeles,15.0,0.0,6.5625,20.0,0.0,0.3125,84.0,64.0,75.35625,0.062000006,0.02,0.0009687501
599,2015-06-09 22:15:00,2015-06-10 03:45:00,5.5,21912,23130,10,13,115363.25,Los Angeles,23.33,0.0,9.099511,25.0,0.0,2.9320652,86.0,62.0,77.01467,0.2964,0.02,0.0008054348
601,2015-06-10 16:00:00,2015-06-10 17:15:00,1.25,4331,4331,2,2,5170.25,Los Angeles,19.44,0.0,5.869167,15.0,0.0,0.46875,80.0,62.0,69.39167,0.0,0.0,0.0
603,2015-06-10 17:45:00,2015-06-10 20:45:00,3.0,8100,9018,5,5,15468.25,Los Angeles,23.0,0.0,8.765385,32.0,0.0,2.8076923,84.0,58.0,70.29519,0.0007999999,1e-04,3.8461535e-06
605,2015-06-11 20:30:00,2015-06-11 21:15:00,0.75,4916,4916,1,3,3299.0,Los Angeles,10.0,0.0,5.453125,16.0,0.0,0.75,90.0,61.0,72.97813,1e-04,1e-04,1.5625e-06
607,2015-06-12 19:15:00,2015-06-12 21:45:00,2.5,5502,6007,4,6,12526.75,Los Angeles,13.0,0.0,6.9886365,19.0,0.0,0.79545456,97.0,57.0,72.80227,0.0002,1e-04,1.1363636e-06
609,2015-06-13 01:15:00,2015-06-13 02:15:00,1.0,5111,5300,2,3,4938.5,Los Angeles,17.49,0.0,7.668625,33.05,0.0,1.5131251,87.0,57.0,70.5475,0.0002,1e-04,2.5e-06
611,2015-06-13 03:45:00,2015-06-13 04:15:00,0.5,6121,6121,2,1,3043.25,Los Angeles,13.0,3.0,6.25,0.0,0.0,0.0,81.0,57.0,67.5,0.0,0.0,0.0
613,2015-06-13 16:00:00,2015-06-13 21:00:00,5.0,4604,4646,10,8,21817.75,Los Angeles,17.0,0.0,4.470238,21.0,0.0,1.1101191,98.0,58.0,69.511314,0.0431,0.01,0.00012827381
615,2015-06-14 03:00:00,2015-06-14 03:45:00,0.75,4801,4851,2,2,3390.75,Los Angeles,15.0,0.0,7.234375,15.0,0.0,0.9375,85.0,56.0,68.21875,0.0002,1e-04,3.125e-06
617,2015-06-14 05:45:00,2015-06-14 06:15:00,0.5,4394,4394,1,2,2196.0,Los Angeles,11.0,0.0,5.5625,15.0,0.0,0.9375,78.0,56.0,66.85,0.00029999999,1e-04,6.25e-06
619,2015-06-14 06:45:00,2015-06-14 07:45:00,1.0,6222,6226,2,3,5597.5,Los Angeles,12.0,0.0,5.1125,15.0,0.0,0.9375,78.0,56.0,66.6125,0.0002,1e-04,2.5e-06
621,2015-06-16 10:15:00,2015-06-16 11:15:00,1.0,4193,4193,3,2,4171.0,Los Angeles,19.0,0.0,2.8875,18.0,0.0,0.225,74.0,58.0,63.995003,0.0,0.0,0.0
623,2015-06-17 16:45:00,2015-06-17 17:00:00,0.25,3806,3806,1,1,951.5,Los Angeles,12.0,0.0,5.375,0.0,0.0,0.0,91.0,63.0,75.0,0.0,0.0,0.0
625,2015-06-17 17:30:00,2015-06-17 17:45:00,0.25,4327,4327,1,1,1081.75,Los Angeles,13.0,0.0,6.09375,0.0,0.0,0.0,96.0,62.0,76.7625,0.0,0.0,0.0
627,2015-06-17 20:15:00,2015-06-17 21:15:00,1.0,4182,4182,1,4,3988.25,Los Angeles,21.0,0.0,8.6,26.0,0.0,3.6875,100.0,63.0,80.615005,0.0,0.0,0.0
629,2015-06-17 21:45:00,2015-06-17 22:45:00,1.0,5141,5141,2,3,4694.0,Los Angeles,22.0,3.0,9.95,27.0,0.0,4.6,99.0,65.0,80.8525,0.0,0.0,0.0
631,2015-06-18 22:45:00,2015-06-18 23:45:00,1.0,7397,7397,1,4,7232.25,Los Angeles,18.0,0.0,9.3,23.0,0.0,3.5875,100.0,62.0,81.935,0.0,0.0,0.0
633,2015-06-19 18:45:00,2015-06-19 22:30:00,3.75,4536,4618,7,8,16408.5,Los Angeles,79.0,0.0,10.5390625,29.0,0.0,4.2773438,103.0,63.0,82.8375,0.0,0.0,0.0
635,2015-06-19 22:45:00,2015-06-19 23:45:00,1.0,4119,4119,2,3,4083.5,Los Angeles,30.0,0.0,10.3875,35.0,0.0,5.3875,101.0,67.0,83.9,0.0,0.0,0.0
637,2015-06-20 00:00:00,2015-06-20 05:00:00,5.0,8042,9395,9,12,35819.75,Los Angeles,27.0,0.0,8.491072,34.0,0.0,3.422619,100.0,66.0,78.97619,0.0,0.0,0.0
639,2015-06-22 15:45:00,2015-06-22 16:45:00,1.0,4413,4413,3,1,4333.0,Los Angeles,19.0,0.0,4.8575,20.0,0.0,0.25,89.0,65.0,74.9625,0.0,0.0,0.0
641,2015-06-22 19:00:00,2015-06-22 22:45:00,3.75,5273,5557,6,9,15876.0,Los Angeles,21.0,0.0,9.494766,26.0,0.0,3.3398438,99.0,65.0,81.48593,0.0,0.0,0.0
643,2015-06-22 23:00:00,2015-06-23 00:00:00,1.0,4010,4149,3,2,3940.25,Los Angeles,20.0,0.0,9.65,29.0,0.0,3.425,98.0,66.0,82.020004,0.0,0.0,0.0
645,2015-06-23 01:30:00,2015-06-23 01:45:00,0.25,4971,4971,1,1,1242.75,Los Angeles,25.0,5.0,10.0625,30.0,0.0,1.84375,92.0,64.0,79.0625,0.0,0.0,0.0
647,2015-06-23 02:15:00,2015-06-23 02:45:00,0.5,4143,4143,2,1,2071.25,Los Angeles,23.0,0.0,9.520833,29.0,0.0,1.2083334,88.0,64.0,77.28333,0.0,0.0,0.0
649,2015-06-23 03:15:00,2015-06-23 04:00:00,0.75,4696,4696,3,1,3520.75,Los Angeles,19.0,0.0,8.125,0.0,0.0,0.0,86.0,64.0,74.59375,0.0,0.0,0.0
652,2015-06-23 16:15:00,2015-06-23 20:30:00,4.25,6561,6561,5,5,21020.0,Los Angeles,18.0,0.0,5.875,24.0,0.0,2.0729167,95.0,62.0,79.270836,0.0,0.0,0.0
654,2015-06-24 17:45:00,2015-06-25 01:00:00,7.25,7161,10680,8,20,37317.25,Los Angeles,21.0,0.0,9.0375,26.0,0.0,2.6583333,98.0,66.0,81.16875,0.0,0.0,0.0
656,2015-06-25 01:15:00,2015-06-25 01:30:00,0.25,3977,3977,1,1,994.25,Los Angeles,17.0,0.0,10.0625,23.0,0.0,1.4375,92.0,64.0,79.381256,0.0,0.0,0.0
658,2015-06-25 08:15:00,2015-06-25 08:45:00,0.5,4706,4706,1,2,2337.75,Los Angeles,13.0,0.0,5.0625,0.0,0.0,0.0,80.6,60.8,69.71667,0.0,0.0,0.0
660,2015-06-25 16:00:00,2015-06-26 00:00:00,8.0,7465,10468,12,14,39837.5,Los Angeles,19.44,0.0,7.221136,23.0,0.0,1.685606,101.0,62.0,79.737495,0.0008,1e-04,1.5151514e-06
662,2015-06-26 03:30:00,2015-06-26 04:00:00,0.5,3884,3884,1,2,1941.5,Los Angeles,15.0,0.0,7.6458335,21.0,0.0,0.4375,89.0,63.0,73.145836,0.0,0.0,0.0
664,2015-06-26 19:00:00,2015-06-26 21:00:00,2.0,3993,3996,2,6,7839.75,Los Angeles,100.0,0.0,10.770833,25.0,0.0,2.7847223,102.0,63.0,80.852776,0.0,0.0,0.0
666,2015-06-28 18:45:00,2015-06-28 20:00:00,1.25,4810,4811,4,2,5908.0,Los Angeles,15.0,0.0,7.3541665,22.0,0.0,2.3645833,95.0,62.6,83.9,0.0,0.0,0.0
668,2015-06-28 21:45:00,2015-06-28 22:45:00,1.0,3933,3937,3,2,3858.25,Los Angeles,18.0,4.0,9.9125,18.0,0.0,1.575,100.0,62.6,86.395004,0.0,0.0,0.0
670,2015-06-29 04:00:00,2015-06-29 05:30:00,1.5,4158,4158,2,5,6155.25,Los Angeles,13.0,0.0,6.25,0.0,0.0,0.0,89.6,62.6,77.755356,0.0,0.0,0.0
672,2015-06-29 05:45:00,2015-06-29 06:00:00,0.25,3995,3995,1,1,998.75,Los Angeles,13.0,0.0,4.8125,0.0,0.0,0.0,89.6,62.6,76.675,0.0,0.0,0.0
674,2015-06-29 16:00:00,2015-06-29 16:15:00,0.25,4292,4292,1,1,1073.0,Los Angeles,14.0,0.0,2.6875,0.0,0.0,0.0,87.0,65.0,77.1375,0.0,0.0,0.0
676,2015-06-29 18:30:00,2015-06-29 18:45:00,0.25,3975,3975,1,1,993.75,Los Angeles,12.0,0.0,6.0,0.0,0.0,0.0,99.0,66.2,84.837494,0.0,0.0,0.0
678,2015-06-29 20:00:00,2015-06-30 02:15:00,6.25,5821,7170,8,18,31686.5,Los Angeles,16.0,0.0,8.413462,26.0,0.0,1.1153846,101.0,65.0,84.598076,0.0004,1e-04,9.615385e-07
680,2015-06-30 02:30:00,2015-06-30 04:45:00,2.25,4339,4483,5,3,9084.5,Los Angeles,15.0,0.0,6.56875,0.0,0.0,0.0,93.0,65.0,76.82125,0.0,0.0,0.0
682,2015-06-30 15:30:00,2015-06-30 22:15:00,6.75,6516,8239,9,8,36107.75,Los Angeles,21.0,0.0,6.551339,32.0,0.0,2.3191965,105.0,63.0,84.129906,0.0,0.0,0.0
684,2015-06-30 22:30:00,2015-06-30 23:00:00,0.5,3817,3817,2,1,1907.75,Los Angeles,29.16,0.0,12.947499,42.76,0.0,12.860001,103.0,68.0,84.06667,0.02,0.01,0.00041666665
686,2015-07-01 02:30:00,2015-07-01 04:00:00,1.5,3942,3978,4,3,5860.75,Los Angeles,17.0,0.0,5.0,22.0,0.0,0.38392857,89.6,66.2,82.185715,0.0,0.0,0.0
688,2015-07-01 05:15:00,2015-07-01 17:45:00,12.5,17688,28261,18,22,177867.5,Los Angeles,19.0,0.0,4.6568627,24.0,0.0,0.6642157,89.6,64.4,74.52377,0.29189998,0.03,0.00035772056
690,2015-07-02 05:30:00,2015-07-02 06:30:00,1.0,5409,5409,4,1,5273.75,Los Angeles,15.0,0.0,5.05,0.0,0.0,0.0,83.0,65.0,72.9,0.0,0.0,0.0
692,2015-07-02 16:00:00,2015-07-02 18:15:00,2.25,5054,5111,7,3,10594.25,Los Angeles,10.0,0.0,5.25,0.0,0.0,0.0,91.0,63.0,76.167496,0.0008,1e-04,5e-06
694,2015-07-02 18:45:00,2015-07-02 21:45:00,3.0,9079,9079,1,10,20237.75,Los Angeles,17.0,0.0,8.322115,24.0,0.0,3.2548077,97.0,68.0,81.80384,0.0,0.0,0.0
696,2015-07-02 23:15:00,2015-07-03 01:00:00,1.75,6400,6419,4,4,8943.0,Los Angeles,24.0,0.0,11.34375,29.0,0.0,4.640625,95.0,66.0,81.49375,0.0,0.0,0.0
698,2015-07-05 14:45:00,2015-07-05 15:15:00,0.5,6051,6051,1,2,2979.75,Los Angeles,13.61,0.0,4.225625,0.0,0.0,0.0,80.0,57.0,66.35,0.0,0.0,0.0
700,2015-07-06 18:00:00,2015-07-06 19:15:00,1.25,5104,5104,3,3,6355.75,Los Angeles,10.0,0.0,5.2220836,17.0,0.0,0.53125,95.0,60.0,72.13958,0.00059999997,1e-04,6.25e-06
702,2015-07-07 17:00:00,2015-07-07 21:15:00,4.25,4122,4189,2,7,16993.5,Los Angeles,12.0,0.0,5.5555553,18.0,0.0,1.3993056,95.0,59.0,73.64167,0.0007,1e-04,2.4305555e-06
704,2015-07-09 01:45:00,2015-07-09 02:30:00,0.75,3924,3924,1,3,2941.5,Los Angeles,23.0,3.0,10.40625,29.0,0.0,3.96875,74.0,58.0,69.62188,0.0,0.0,0.0
706,2015-07-09 17:00:00,2015-07-09 22:45:00,5.75,6982,7443,11,11,36619.5,Los Angeles,26.0,0.0,9.270833,33.0,0.0,5.419271,76.0,53.0,70.50938,0.0,0.0,0.0
708,2015-07-09 23:00:00,2015-07-10 00:15:00,1.25,6410,6410,1,5,5854.25,Los Angeles,24.0,3.0,10.645833,34.0,0.0,6.875,77.0,63.0,72.168755,0.0,0.0,0.0
710,2015-07-10 10:30:00,2015-07-10 11:15:00,0.75,7092,7092,1,2,4546.5,Los Angeles,13.0,0.0,4.203125,0.0,0.0,0.0,67.0,53.0,61.996876,0.0,0.0,0.0
712,2015-07-11 17:15:00,2015-07-12 05:45:00,12.5,8444,11290,24,19,74132.25,Los Angeles,20.0,0.0,8.419118,27.0,0.0,2.2941177,88.0,60.0,73.89142,0.0,0.0,0.0
714,2015-07-12 18:15:00,2015-07-12 18:30:00,0.25,3964,3964,1,1,991.0,Los Angeles,13.0,0.0,7.0725,0.0,0.0,0.0,85.0,69.0,77.1875,0.0,0.0,0.0
716,2015-07-13 18:00:00,2015-07-13 18:30:00,0.5,4591,4591,2,1,2282.5,Los Angeles,13.61,0.0,6.6631255,17.0,0.0,0.35416666,87.0,69.0,79.458336,0.0,0.0,0.0
718,2015-07-13 19:15:00,2015-07-13 20:30:00,1.25,4204,4206,3,2,5218.5,Los Angeles,19.44,0.0,8.880104,29.16,0.0,2.5120833,94.0,71.6,81.510414,0.0,0.0,0.0
720,2015-07-13 20:45:00,2015-07-13 21:15:00,0.5,3896,3896,1,2,1936.75,Los Angeles,19.44,4.0,10.9025,29.16,0.0,7.1349998,95.0,72.0,82.3125,0.0,0.0,0.0
722,2015-07-13 22:45:00,2015-07-14 05:00:00,6.25,6313,9462,9,17,28977.0,Los Angeles,21.38,0.0,10.601466,29.16,0.0,3.5215383,93.0,60.0,76.496635,0.0,0.0,0.0
724,2015-07-14 17:30:00,2015-07-14 18:15:00,0.75,4969,4969,2,2,3685.0,Los Angeles,12.0,0.0,5.5,18.0,0.0,2.03125,87.0,67.0,75.73125,0.0,0.0,0.0
726,2015-07-14 18:30:00,2015-07-14 19:30:00,1.0,5143,5143,2,3,4924.0,Los Angeles,16.0,0.0,7.2875,18.0,0.0,2.8125,90.0,67.0,77.9875,0.0,0.0,0.0
728,2015-07-14 23:15:00,2015-07-15 00:15:00,1.0,4717,4718,2,3,4619.0,Los Angeles,23.0,6.0,10.4375,28.0,0.0,4.5,91.0,67.0,79.1575,0.0,0.0,0.0
730,2015-07-15 18:30:00,2015-07-16 09:45:00,15.25,8301,17277,32,28,88740.0,Los Angeles,22.0,0.0,8.195564,29.0,0.0,2.174395,92.0,57.0,73.80544,0.0,0.0,0.0
732,2015-07-16 11:30:00,2015-07-16 12:00:00,0.5,5581,5581,1,2,2789.75,Los Angeles,11.0,0.0,3.8541667,0.0,0.0,0.0,71.0,58.0,65.8125,0.0,0.0,0.0
734,2015-07-16 13:15:00,2015-07-17 09:30:00,20.25,17643,32492,39,41,142167.5,Los Angeles,24.0,0.0,7.304116,30.0,0.0,1.5365853,95.0,56.0,73.36052,0.0,0.0,0.0
736,2015-07-17 11:45:00,2015-07-18 03:45:00,16.0,9532,15743,25,37,111612.75,Los Angeles,20.0,0.0,6.6865387,27.0,0.0,1.8028846,97.0,55.0,75.417305,0.0,0.0,0.0
738,2015-07-18 04:00:00,2015-07-18 04:15:00,0.25,4634,4634,1,1,1158.5,Los Angeles,12.0,0.0,6.8125,0.0,0.0,0.0,86.0,60.0,72.35,0.0,0.0,0.0
740,2015-07-18 06:30:00,2015-07-18 08:45:00,2.25,6033,6457,4,6,10685.0,Los Angeles,12.0,0.0,5.31875,0.0,0.0,0.0,86.0,59.0,69.575,0.0,0.0,0.0
742,2015-07-18 09:45:00,2015-07-18 10:30:00,0.75,4098,4098,1,2,3073.0,Los Angeles,10.0,0.0,2.953125,0.0,0.0,0.0,72.0,61.0,67.453125,0.0,0.0,0.0
744,2015-07-18 17:00:00,2015-07-19 22:30:00,29.5,16515,30195,47,63,263230.0,Los Angeles,21.38,0.0,5.2685084,38.88,0.0,0.9448161,93.2,56.0,73.9645,17.311098,0.21,0.009091963
746,2015-07-20 00:00:00,2015-07-20 03:00:00,3.0,4678,4702,6,7,12722.75,Los Angeles,27.0,0.0,8.426058,38.88,0.0,5.073942,87.8,62.0,74.34519,8.1345005,0.72,0.039108176
748,2015-07-20 03:30:00,2015-07-20 09:15:00,5.75,6707,7057,7,14,35429.5,Los Angeles,15.0,0.0,5.3783336,21.0,0.0,0.5677083,78.0,61.0,72.08021,2.3691,0.34,0.0061695315
750,2015-07-20 17:45:00,2015-07-21 03:15:00,9.5,6220,10103,16,21,46018.75,Los Angeles,17.49,0.0,7.2170997,20.0,0.0,0.56891024,86.0,67.0,78.74968,0.0007,1e-04,1.1217949e-06
752,2015-07-21 03:45:00,2015-07-21 12:15:00,8.5,6649,6806,12,16,38556.25,Los Angeles,17.49,0.0,4.579447,0.0,0.0,0.0,80.6,60.0,71.005,0.0023999999,1e-04,4.285714e-06
754,2015-07-21 15:15:00,2015-07-22 00:00:00,8.75,7660,9753,15,21,51576.5,Los Angeles,19.44,0.0,6.288403,22.0,0.0,0.8888889,90.0,64.0,76.33438,0.151,0.01,0.00026215275
756,2015-07-22 02:00:00,2015-07-22 03:30:00,1.5,4125,4125,2,5,5988.5,Los Angeles,18.0,3.0,8.8125,24.0,0.0,0.64285713,82.0,64.0,73.82857,0.0,0.0,0.0
758,2015-07-22 04:15:00,2015-07-22 04:45:00,0.5,3948,3948,1,1,1974.0,Los Angeles,16.0,0.0,6.9583335,20.0,0.0,0.41666666,77.0,63.0,71.90417,0.0,0.0,0.0
760,2015-07-22 15:45:00,2015-07-22 22:45:00,7.0,7428,7574,12,16,40378.75,Los Angeles,21.0,0.0,7.8577585,28.0,0.0,2.435345,84.2,61.0,75.219826,0.041300006,0.01,8.900864e-05
762,2015-07-23 18:00:00,2015-07-23 23:30:00,5.5,6029,6288,7,15,25616.0,Los Angeles,19.0,0.0,7.2744565,151.0,0.0,3.361413,88.0,65.0,78.17771,0.0,0.0,0.0
764,2015-07-24 08:00:00,2015-07-24 09:00:00,1.0,3988,3988,3,1,3942.0,Los Angeles,13.0,0.0,4.9375,0.0,0.0,0.0,77.0,62.0,70.115005,0.0,0.0,0.0
766,2015-07-24 23:45:00,2015-07-25 03:30:00,3.75,7358,7865,10,6,17840.25,Los Angeles,19.0,3.0,9.353281,25.0,0.0,2.6757812,92.0,70.0,78.99531,0.0,0.0,0.0
768,2015-07-25 08:15:00,2015-07-25 08:30:00,0.25,4201,4201,1,1,1050.25,Los Angeles,13.0,0.0,4.78125,0.0,0.0,0.0,80.6,66.0,72.043755,0.0,0.0,0.0
771,2015-07-27 16:30:00,2015-07-27 22:30:00,6.0,5165,5474,12,12,28482.75,Los Angeles,20.0,0.0,7.6566505,27.21,0.0,2.355525,95.0,65.0,77.775,0.0,0.0,0.0
773,2015-07-28 16:00:00,2015-07-28 23:15:00,7.25,6948,8623,12,18,39433.5,Los Angeles,13.0,0.0,5.633333,22.0,0.0,1.4166666,99.0,64.0,80.05042,0.0,0.0,0.0
775,2015-07-29 00:15:00,2015-07-29 01:00:00,0.75,4253,4253,1,3,3113.25,Los Angeles,20.0,3.0,10.203125,20.0,0.0,2.234375,98.0,67.0,81.62813,0.0,0.0,0.0
777,2015-07-29 16:15:00,2015-07-29 23:15:00,7.0,6557,7180,12,17,40869.25,Los Angeles,34.0,0.0,7.0775,41.0,0.0,1.9180173,102.0,62.0,80.086205,0.62020004,0.4,0.001336638
779,2015-07-30 00:45:00,2015-07-30 03:15:00,2.5,5294,5476,5,5,11805.0,Los Angeles,15.55,0.0,8.701875,0.0,0.0,0.0,95.0,65.0,78.20682,0.0,0.0,0.0
781,2015-07-30 17:30:00,2015-07-30 22:45:00,5.25,6734,8720,10,12,26419.5,Los Angeles,15.0,0.0,7.2329545,30.0,0.0,0.6363636,94.0,67.0,81.19773,1.2207999,0.19,0.0034681817
783,2015-07-31 02:00:00,2015-07-31 03:45:00,1.75,17260,17328,4,4,23742.0,Los Angeles,10.0,0.0,6.90625,0.0,0.0,0.0,90.0,67.0,77.19531,0.0,0.0,0.0
785,2015-08-01 06:45:00,2015-08-01 08:45:00,2.0,4091,4091,3,3,8160.5,Los Angeles,12.0,0.0,5.25,0.0,0.0,0.0,91.4,66.2,72.931946,0.0,0.0,0.0
787,2015-08-01 19:45:00,2015-08-01 23:00:00,3.25,5608,5676,4,7,15307.0,Los Angeles,15.0,4.0,8.910714,21.0,0.0,2.2901785,99.0,70.0,82.87232,0.0,0.0,0.0
789,2015-08-02 06:30:00,2015-08-02 06:45:00,0.25,3878,3878,1,1,969.5,Los Angeles,12.0,0.0,5.4375,20.0,0.0,1.25,86.0,64.4,72.83125,0.0,0.0,0.0
791,2015-08-02 07:15:00,2015-08-02 07:30:00,0.25,3832,3832,1,1,958.0,Los Angeles,14.0,0.0,5.25,20.0,0.0,0.625,86.0,64.4,71.8,0.0,0.0,0.0
793,2015-08-03 18:15:00,2015-08-03 20:15:00,2.0,4167,4316,4,5,7996.0,Los Angeles,14.0,0.0,7.0555553,19.0,0.0,0.6180556,97.0,71.0,81.916664,0.0,0.0,0.0
795,2015-08-03 22:45:00,2015-08-03 23:45:00,1.0,6169,6169,1,4,4899.25,Los Angeles,18.0,0.0,10.95,18.0,0.0,2.2875,96.0,69.0,82.6675,0.0,0.0,0.0
797,2015-08-04 03:30:00,2015-08-04 03:45:00,0.25,4465,4465,1,1,1116.25,Los Angeles,16.0,0.0,6.875,22.0,0.0,0.6875,82.0,69.0,74.65,0.0,0.0,0.0
799,2015-08-04 05:00:00,2015-08-04 05:15:00,0.25,4964,4964,1,1,1241.0,Los Angeles,16.0,0.0,6.4375,0.0,0.0,0.0,81.0,69.0,74.0875,0.0,0.0,0.0
801,2015-08-04 09:45:00,2015-08-04 11:15:00,1.5,5163,5163,1,4,7650.0,Los Angeles,12.0,0.0,2.2857144,0.0,0.0,0.0,74.0,66.0,69.13572,0.0,0.0,0.0
803,2015-08-04 18:30:00,2015-08-04 23:45:00,5.25,5714,6978,13,8,25573.5,Los Angeles,24.0,0.0,10.741477,30.0,0.0,5.2357955,98.0,72.0,85.10568,0.0,0.0,0.0
805,2015-08-05 05:15:00,2015-08-05 06:00:00,0.75,7297,7297,3,1,5013.25,Los Angeles,18.0,0.0,7.65625,24.0,0.0,1.5,89.6,62.0,75.484375,0.0,0.0,0.0
807,2015-08-05 16:00:00,2015-08-05 23:45:00,7.75,5442,5644,16,15,36665.5,Los Angeles,21.0,0.0,8.099375,23.0,0.0,1.0683594,99.0,69.0,84.74063,0.0,0.0,0.0
809,2015-08-06 16:30:00,2015-08-07 00:45:00,8.25,7328,11053,18,13,49124.0,Los Angeles,19.0,0.0,8.40625,27.0,0.0,1.7003677,94.0,66.0,81.17352,0.0004,1e-04,7.352941e-07
812,2015-08-07 18:45:00,2015-08-07 19:15:00,0.5,3979,3979,2,1,1976.25,Los Angeles,18.0,0.0,8.541667,26.0,0.0,5.375,88.0,66.0,76.525,0.0,0.0,0.0
814,2015-08-08 16:30:00,2015-08-08 19:15:00,2.75,4317,4317,2,2,11870.0,Los Angeles,14.0,0.0,4.7604165,14.0,0.0,0.29166666,87.0,65.0,74.07917,0.0,0.0,0.0
816,2015-08-09 16:15:00,2015-08-09 17:30:00,1.25,4804,4804,2,4,5415.75,Los Angeles,11.66,0.0,3.9787502,0.0,0.0,0.0,82.0,61.0,70.70208,0.0,0.0,0.0
818,2015-08-09 18:45:00,2015-08-09 19:30:00,0.75,4467,4467,1,2,3289.25,Los Angeles,12.0,0.0,5.838125,18.0,0.0,0.28125,89.0,66.0,76.1375,0.0,0.0,0.0
820,2015-08-11 16:30:00,2015-08-11 18:45:00,2.25,4327,4328,6,2,9612.25,Los Angeles,15.0,0.0,3.525,0.0,0.0,0.0,88.0,62.6,72.5775,0.0,0.0,0.0
822,2015-08-12 16:30:00,2015-08-12 17:45:00,1.25,4427,4427,4,1,5047.0,Los Angeles,10.0,0.0,3.0658333,0.0,0.0,0.0,86.0,70.0,77.322914,0.0,0.0,0.0
824,2015-08-13 04:45:00,2015-08-13 05:00:00,0.25,6012,6012,1,1,1503.0,Los Angeles,17.0,0.0,6.25,24.0,0.0,1.5,86.0,71.0,77.274994,0.0,0.0,0.0
826,2015-08-13 05:15:00,2015-08-13 05:30:00,0.25,4177,4177,1,1,1044.25,Los Angeles,17.0,0.0,6.1875,24.0,0.0,1.5,86.0,71.0,77.087494,0.0,0.0,0.0
828,2015-08-13 16:30:00,2015-08-13 17:45:00,1.25,4652,4652,3,2,5726.0,Los Angeles,13.0,0.0,3.9583333,16.0,0.0,0.33333334,92.0,70.0,83.245834,0.0,0.0,0.0
830,2015-08-13 19:30:00,2015-08-13 20:00:00,0.5,4003,4003,1,1,2001.5,Los Angeles,15.0,0.0,6.75,20.0,0.0,1.25,100.0,72.0,89.04584,0.0,0.0,0.0
832,2015-08-13 21:15:00,2015-08-13 23:15:00,2.0,4238,4238,3,6,8021.25,Los Angeles,17.0,0.0,9.708333,21.0,0.0,3.1111112,103.0,71.0,89.23056,0.0,0.0,0.0
834,2015-08-14 00:30:00,2015-08-14 00:45:00,0.25,3873,3873,1,1,968.25,Los Angeles,18.0,0.0,10.53125,23.0,0.0,3.6875,100.0,71.0,88.06875,0.0,0.0,0.0
836,2015-08-14 16:45:00,2015-08-14 20:00:00,3.25,5068,5168,7,6,13713.25,Los Angeles,15.0,0.0,6.022321,22.0,0.0,1.5223215,101.0,71.0,87.11161,0.0,0.0,0.0
838,2015-08-15 09:15:00,2015-08-15 11:45:00,2.5,18819,18890,4,5,46670.75,Los Angeles,14.0,0.0,2.721591,0.0,0.0,0.0,86.0,69.0,74.515915,0.0,0.0,0.0
840,2015-08-16 00:45:00,2015-08-16 01:45:00,1.0,4345,4345,4,1,4294.75,Los Angeles,17.0,0.0,9.375,22.0,0.0,0.275,102.2,72.0,88.6725,0.0,0.0,0.0
842,2015-08-16 02:15:00,2015-08-16 02:45:00,0.5,3906,3906,1,2,1946.75,Los Angeles,14.0,0.0,8.833333,22.0,0.0,0.9166667,100.4,70.0,84.912506,0.0,0.0,0.0
844,2015-08-16 03:45:00,2015-08-16 04:00:00,0.25,4775,4775,1,1,1193.75,Los Angeles,14.0,0.0,6.875,0.0,0.0,0.0,100.4,71.0,81.4375,0.0,0.0,0.0
846,2015-08-16 05:00:00,2015-08-16 06:00:00,1.0,4971,4971,4,1,4896.0,Los Angeles,14.0,0.0,5.9625,0.0,0.0,0.0,100.4,70.0,80.2875,0.0,0.0,0.0
848,2015-08-16 16:45:00,2015-08-16 17:00:00,0.25,5536,5536,1,1,1384.0,Los Angeles,7.0,0.0,2.75,0.0,0.0,0.0,95.0,64.4,86.0375,0.0,0.0,0.0
850,2015-08-16 22:30:00,2015-08-17 04:30:00,6.0,8001,12521,11,14,33354.5,Los Angeles,23.33,0.0,8.926701,27.0,0.0,1.5375,107.0,64.4,86.9075,0.0,0.0,0.0
852,2015-08-17 04:45:00,2015-08-17 05:15:00,0.5,3972,3972,1,2,1943.5,Los Angeles,19.44,0.0,5.4025,0.0,0.0,0.0,96.8,64.4,80.275,0.0,0.0,0.0
854,2015-08-17 05:45:00,2015-08-17 06:15:00,0.5,4788,4788,2,1,2383.25,Los Angeles,19.44,0.0,6.2775,22.0,0.0,1.375,96.8,64.4,78.85833,0.0,0.0,0.0
856,2015-08-18 17:15:00,2015-08-18 22:15:00,5.0,4603,5509,8,13,21239.5,Los Angeles,23.0,0.0,8.258928,30.0,0.0,2.7113094,100.0,69.0,81.1006,0.0,0.0,0.0
858,2015-08-18 22:45:00,2015-08-18 23:15:00,0.5,4143,4143,2,1,2063.25,Los Angeles,22.0,5.0,11.09,31.0,0.0,7.450625,98.0,70.0,81.9125,0.0,0.0,0.0
860,2015-08-19 16:30:00,2015-08-19 22:00:00,5.5,6660,6926,5,18,27449.25,Los Angeles,24.0,0.0,7.8097825,31.0,0.0,2.7961957,101.0,61.0,79.02554,0.0,0.0,0.0
863,2015-08-21 17:15:00,2015-08-21 17:45:00,0.5,3977,3977,1,1,1988.5,Los Angeles,15.0,0.0,5.0625,16.0,0.0,0.33333334,89.0,67.28,74.09917,0.0,0.0,0.0
865,2015-08-22 16:00:00,2015-08-22 16:15:00,0.25,4660,4660,1,1,1165.0,Los Angeles,13.0,0.0,2.875,0.0,0.0,0.0,83.0,62.0,71.472496,0.0002,1e-04,6.25e-06
867,2015-08-22 16:45:00,2015-08-22 17:00:00,0.25,3854,3854,1,1,963.5,Los Angeles,10.0,0.0,2.125,0.0,0.0,0.0,86.0,65.0,73.1875,0.0002,1e-04,6.25e-06
869,2015-08-22 17:30:00,2015-08-22 18:15:00,0.75,3989,3989,3,1,2991.0,Los Angeles,11.0,0.0,4.640625,17.0,0.0,0.796875,89.0,66.2,75.984375,0.0004,1e-04,6.25e-06
871,2015-08-22 18:45:00,2015-08-22 19:45:00,1.0,4144,4145,2,3,3938.25,Los Angeles,14.0,0.0,6.35,18.0,0.0,2.1,95.0,66.2,78.71,0.00049999997,1e-04,6.2499994e-06
873,2015-08-23 14:15:00,2015-08-23 14:30:00,0.25,4059,4059,1,1,1014.75,Los Angeles,7.0,0.0,2.4375,0.0,0.0,0.0,82.4,62.0,68.125,0.0,0.0,0.0
875,2015-08-23 14:45:00,2015-08-23 15:00:00,0.25,5098,5098,1,1,1274.5,Los Angeles,7.0,0.0,2.40625,0.0,0.0,0.0,82.4,63.0,69.887505,0.0,0.0,0.0
877,2015-08-23 15:45:00,2015-08-23 16:15:00,0.5,4382,4382,2,1,2116.5,Los Angeles,7.0,0.0,2.8333333,0.0,0.0,0.0,83.0,64.0,72.6,0.0,0.0,0.0
879,2015-08-24 17:15:00,2015-08-24 17:30:00,0.25,6035,6035,1,1,1508.75,Los Angeles,11.0,0.0,3.4375,0.0,0.0,0.0,87.0,68.0,78.50625,0.0,0.0,0.0
881,2015-08-24 17:45:00,2015-08-24 21:15:00,3.5,5623,6208,4,11,18451.25,Los Angeles,14.0,0.0,5.804167,19.0,0.0,1.1333333,103.0,70.16,83.66258,0.0,0.0,0.0
883,2015-08-25 17:45:00,2015-08-25 22:15:00,4.5,7258,7596,8,10,27822.25,Los Angeles,20.0,0.0,7.0098686,27.0,0.0,1.1315789,96.0,70.0,80.81829,0.0039,1e-04,1.2828947e-05
885,2015-08-25 23:00:00,2015-08-25 23:30:00,0.5,5428,5428,2,1,2706.5,Los Angeles,18.0,0.0,7.3333335,18.0,0.0,0.75,91.0,72.0,82.2875,0.0002,1e-04,4.1666667e-06
887,2015-08-26 16:15:00,2015-08-27 02:30:00,10.25,11978,17317,19,23,85678.75,Los Angeles,20.0,0.0,7.383929,27.0,0.0,2.232143,100.0,71.24,86.430954,0.0,0.0,0.0
889,2015-08-27 22:45:00,2015-08-27 23:00:00,0.25,5133,5133,1,1,1283.25,Los Angeles,21.0,6.0,10.125,29.0,0.0,6.3125,102.0,74.84,91.19625,0.0,0.0,0.0
891,2015-08-28 15:45:00,2015-08-29 02:30:00,10.75,14581,21374,24,20,82821.75,Los Angeles,19.0,0.0,6.8238635,24.0,0.0,1.5241477,103.0,75.56,90.39722,0.0,0.0,0.0
893,2015-08-29 03:30:00,2015-08-29 04:15:00,0.75,7288,7288,3,1,4502.5,Los Angeles,15.0,0.0,5.65625,22.0,0.0,0.34375,100.4,75.0,83.19313,0.0,0.0,0.0
895,2015-08-29 04:30:00,2015-08-29 05:30:00,1.0,6497,6497,2,3,5734.25,Los Angeles,11.0,0.0,5.7625,17.0,0.0,0.2125,100.4,74.0,81.9775,0.0,0.0,0.0
897,2015-08-29 17:15:00,2015-08-29 18:15:00,1.0,4705,4705,1,3,4700.25,Los Angeles,17.0,0.0,5.7125,18.0,0.0,1.4875,94.0,78.0,85.8125,0.0,0.0,0.0
899,2015-08-29 19:30:00,2015-08-30 02:00:00,6.5,8951,12209,14,13,45516.25,Los Angeles,19.0,0.0,9.581018,25.0,0.0,3.5578704,99.0,75.0,88.91408,0.0,0.0,0.0
901,2015-08-30 02:15:00,2015-08-30 02:30:00,0.25,4885,4885,1,1,1221.25,Los Angeles,17.0,3.0,8.6875,21.0,0.0,1.71875,95.0,73.0,83.8775,0.0,0.0,0.0
903,2015-08-30 03:30:00,2015-08-30 04:30:00,1.0,4341,4341,3,2,4285.5,Los Angeles,15.0,0.0,7.0125,20.0,0.0,2.1875,95.0,72.0,81.0775,0.0,0.0,0.0
905,2015-08-30 08:30:00,2015-08-30 11:15:00,2.75,4016,4069,4,5,10954.75,Los Angeles,19.0,0.0,5.0677085,22.0,0.0,0.45833334,95.0,63.0,73.947914,0.0,0.0,0.0
907,2015-08-30 11:30:00,2015-08-30 13:15:00,1.75,5205,5219,2,5,7999.25,Los Angeles,17.0,0.0,3.7265625,14.0,0.0,0.4375,95.0,60.0,71.932816,0.0,0.0,0.0
909,2015-08-30 16:15:00,2015-08-30 16:30:00,0.25,4217,4217,1,1,1054.25,Los Angeles,9.0,0.0,3.90625,14.0,0.0,0.875,84.2,64.4,77.40625,0.0,0.0,0.0
911,2015-08-31 16:00:00,2015-08-31 18:30:00,2.5,6106,6107,6,5,12637.0,Los Angeles,10.0,0.0,4.4261365,0.0,0.0,0.0,84.0,66.0,74.72022,0.0,0.0,0.0
913,2015-08-31 19:00:00,2015-08-31 21:00:00,2.0,5274,5301,3,5,9202.25,Los Angeles,16.0,0.0,7.3125,23.0,0.0,1.8888888,93.0,71.0,80.68973,0.0,0.0,0.0
915,2015-08-31 22:45:00,2015-09-01 02:15:00,3.5,5126,5201,5,9,15514.75,Los Angeles,20.0,3.0,9.445833,26.0,0.0,2.0583334,92.0,62.0,78.525665,0.0,0.0,0.0
917,2015-09-02 16:45:00,2015-09-02 21:00:00,4.25,7342,7402,10,8,24537.75,Los Angeles,18.0,0.0,6.454861,24.0,0.0,1.2361112,88.0,62.0,75.26681,0.0,0.0,0.0
919,2015-09-09 02:45:00,2015-09-09 03:00:00,0.25,3996,3996,1,1,999.0,Los Angeles,11.0,0.0,6.4375,15.0,0.0,0.9375,91.4,74.0,84.0125,0.0,0.0,0.0
921,2015-09-09 03:30:00,2015-09-09 05:15:00,1.75,6483,7661,4,4,9326.25,Los Angeles,11.0,0.0,4.6640625,15.0,0.0,0.9375,91.4,74.0,82.717186,0.0,0.0,0.0
923,2015-09-09 08:30:00,2015-09-09 09:00:00,0.5,4041,4041,1,1,2020.5,Los Angeles,8.0,0.0,2.6041667,15.0,0.0,0.9375,91.4,69.8,79.98334,0.0,0.0,0.0
925,2015-09-09 09:45:00,2015-09-09 13:00:00,3.25,5336,6724,6,7,15239.75,Los Angeles,8.0,0.0,2.294643,15.0,0.0,0.9375,91.4,69.8,78.916954,0.0,0.0,0.0
927,2015-09-09 15:45:00,2015-09-09 21:15:00,5.5,6799,6814,9,13,29958.5,Los Angeles,26.0,0.0,5.964674,25.0,0.0,1.6603261,104.0,78.0,91.82717,0.0004,1e-04,1.0869564e-06
929,2015-09-09 21:30:00,2015-09-09 23:00:00,1.5,4933,5041,4,3,7149.0,Los Angeles,26.0,0.0,10.339286,30.0,0.0,3.5535715,104.0,67.0,91.391075,0.17019999,0.05,0.0015196428
931,2015-09-10 00:15:00,2015-09-10 00:30:00,0.25,3971,3971,1,1,992.75,Los Angeles,23.0,0.0,8.09375,29.0,0.0,3.9375,100.0,72.0,89.399994,1e-04,1e-04,3.125e-06
933,2015-09-10 01:30:00,2015-09-11 02:45:00,25.25,12570,25248,45,55,221810.25,Los Angeles,27.21,0.0,5.1973767,36.0,0.0,0.5055147,98.0,64.0,84.46728,0.070599996,0.04,4.3259803e-05
935,2015-09-11 03:00:00,2015-09-11 04:00:00,1.0,4057,4057,3,2,4009.25,Los Angeles,12.0,0.0,6.775,0.0,0.0,0.0,89.6,76.0,82.995,0.0,0.0,0.0
937,2015-09-11 22:15:00,2015-09-11 22:30:00,0.25,3965,3965,1,1,991.25,Los Angeles,14.0,4.0,8.59375,19.0,0.0,2.5625,100.0,78.0,90.71875,0.0,0.0,0.0
939,2015-09-12 01:15:00,2015-09-12 01:45:00,0.5,4381,4381,1,2,2190.0,Los Angeles,18.0,0.0,9.041667,26.0,0.0,1.0833334,93.0,78.0,84.125,0.0,0.0,0.0
941,2015-09-12 03:15:00,2015-09-12 03:30:00,0.25,3836,3836,1,1,959.0,Los Angeles,15.0,0.0,6.875,22.0,0.0,1.375,85.0,75.0,80.45,0.0,0.0,0.0
943,2015-09-12 04:15:00,2015-09-12 08:30:00,4.25,8535,8601,6,9,29583.75,Los Angeles,16.0,0.0,5.1840277,22.0,0.0,0.15277778,84.2,68.0,79.14792,0.0,0.0,0.0
945,2015-09-12 08:45:00,2015-09-12 10:00:00,1.25,5292,5292,1,4,6575.75,Los Angeles,13.0,0.0,3.4375,0.0,0.0,0.0,84.2,68.0,77.07709,0.0,0.0,0.0
947,2015-09-12 15:30:00,2015-09-12 15:45:00,0.25,3828,3828,1,1,957.0,Los Angeles,13.0,0.0,3.09375,0.0,0.0,0.0,84.0,75.0,79.756256,1e-04,1e-04,3.125e-06
949,2015-09-13 06:15:00,2015-09-13 06:45:00,0.5,4461,4461,1,1,2230.5,Los Angeles,14.0,0.0,4.875,0.0,0.0,0.0,87.8,68.0,77.89166,0.0,0.0,0.0
951,2015-09-14 17:30:00,2015-09-14 18:30:00,1.0,3913,3913,2,2,3884.5,Los Angeles,20.0,0.0,7.75,28.0,0.0,2.75,82.4,66.0,77.165,0.0,0.0,0.0
953,2015-09-14 20:00:00,2015-09-14 21:45:00,1.75,5301,5355,4,4,9160.75,Los Angeles,23.0,0.0,10.28125,29.0,0.0,3.8359375,85.0,71.0,79.96094,0.0,0.0,0.0
955,2015-09-15 11:15:00,2015-09-16 12:15:00,25.0,34780,65286,40,58,277491.25,Los Angeles,347.0,0.0,11.259889,28.0,0.0,1.6658416,80.6,53.0,70.38888,32.8169,0.62,0.020307487
957,2015-09-16 16:00:00,2015-09-18 04:15:00,36.25,8338,23359,53,81,200920.25,Los Angeles,22.0,0.0,6.497774,27.0,0.0,1.0119863,85.0,49.0,70.332016,0.0,0.0,0.0
959,2015-09-19 05:00:00,2015-09-19 07:30:00,2.5,9272,9279,6,3,21718.0,Los Angeles,9.0,0.0,3.5681818,0.0,0.0,0.0,91.4,65.0,73.130684,0.0,0.0,0.0
961,2015-09-19 09:00:00,2015-09-19 10:15:00,1.25,4602,4602,2,4,5664.5,Los Angeles,9.0,0.0,2.0104167,0.0,0.0,0.0,73.4,61.0,69.04583,0.0,0.0,0.0
963,2015-09-19 23:30:00,2015-09-20 05:45:00,6.25,4564,4695,6,13,27265.75,Los Angeles,12.0,0.0,5.5024037,15.0,0.0,0.14423077,94.0,70.0,80.94279,0.0,0.0,0.0
965,2015-09-20 06:30:00,2015-09-20 08:00:00,1.5,6678,6678,4,1,8243.5,Los Angeles,12.0,0.0,3.205357,0.0,0.0,0.0,93.2,68.0,74.96071,0.0,0.0,0.0
967,2015-09-20 11:15:00,2015-09-20 14:15:00,3.0,12143,12181,3,5,35944.75,Los Angeles,7.0,0.0,1.4375,0.0,0.0,0.0,78.0,60.0,71.12692,0.0,0.0,0.0
969,2015-09-20 17:00:00,2015-09-20 18:00:00,1.0,4911,4911,1,4,4587.25,Los Angeles,12.0,0.0,3.875,17.0,0.0,0.6375,95.0,69.8,86.58501,0.0,0.0,0.0
971,2015-09-20 19:45:00,2015-09-20 20:15:00,0.5,4106,4106,2,1,2052.75,Los Angeles,17.0,0.0,6.9375,19.0,0.0,1.1875,101.0,69.8,91.85,0.0,0.0,0.0
973,2015-09-21 01:45:00,2015-09-21 11:30:00,9.75,11960,20812,15,25,56223.75,Los Angeles,17.0,0.0,5.746875,20.0,0.0,1.015625,100.4,65.0,81.01875,0.0,0.0,0.0
975,2015-09-21 12:00:00,2015-09-21 14:30:00,2.5,6688,6688,3,6,13522.5,Los Angeles,13.0,0.0,2.875,18.0,0.0,0.67045456,85.0,62.0,74.31023,0.0,0.0,0.0
977,2015-09-21 15:45:00,2015-09-22 00:45:00,9.0,5520,5676,14,23,43169.5,Los Angeles,22.0,0.0,9.398648,30.0,0.0,4.7888513,98.0,67.0,81.01555,0.0,0.0,0.0
979,2015-09-22 01:00:00,2015-09-22 05:15:00,4.25,6311,6730,7,9,22368.0,Los Angeles,21.0,0.0,6.4375,24.0,0.0,0.8472222,84.0,66.0,73.44167,0.0,0.0,0.0
981,2015-09-22 16:00:00,2015-09-22 23:15:00,7.25,8971,10948,15,15,46359.0,Los Angeles,21.0,0.0,7.85,31.0,0.0,2.2583334,91.0,65.0,79.515,0.0,0.0,0.0
983,2015-09-22 23:45:00,2015-09-23 00:30:00,0.75,3871,3871,1,3,2893.0,Los Angeles,18.0,3.0,9.734375,28.0,0.0,5.734375,86.0,67.0,78.234375,0.0,0.0,0.0
985,2015-09-23 01:15:00,2015-09-24 06:15:00,29.0,14377,32115,49,52,201685.5,Los Angeles,20.0,0.0,5.5267096,24.0,0.0,0.50961536,95.0,59.0,74.951706,0.0011999999,1e-04,6.410256e-07
987,2015-09-24 16:45:00,2015-09-24 17:30:00,0.75,4271,4271,2,2,3154.0,Los Angeles,8.0,0.0,1.46875,0.0,0.0,0.0,88.0,73.0,80.58125,0.0,0.0,0.0
989,2015-09-24 19:00:00,2015-09-24 20:45:00,1.75,5373,5378,4,2,7949.75,Los Angeles,15.0,0.0,6.28125,21.0,0.0,1.1875,98.0,74.0,87.6375,0.0,0.0,0.0
991,2015-09-24 22:00:00,2015-09-24 23:00:00,1.0,3908,3931,2,3,3864.5,Los Angeles,15.0,0.0,8.1125,22.0,0.0,0.9,99.0,73.4,88.69501,0.0,0.0,0.0
993,2015-09-25 11:45:00,2015-09-25 12:15:00,0.5,4902,4902,1,2,2449.25,Los Angeles,6.0,0.0,1.625,0.0,0.0,0.0,80.0,66.2,71.85,0.0,0.0,0.0
995,2015-09-25 19:30:00,2015-09-25 20:00:00,0.5,4999,4999,1,2,2454.75,Los Angeles,13.0,3.0,6.1666665,24.0,0.0,1.5,96.8,74.0,87.658325,0.0,0.0,0.0
997,2015-09-27 03:45:00,2015-09-27 04:45:00,1.0,3983,3983,2,2,3923.5,Los Angeles,12.0,0.0,6.35,0.0,0.0,0.0,93.2,71.0,78.665,0.0,0.0,0.0
999,2015-09-27 22:30:00,2015-09-27 23:30:00,1.0,4669,4687,2,3,4616.5,Los Angeles,21.0,0.0,9.125,25.0,0.0,0.575,94.0,68.0,84.979996,0.0,0.0,0.0
1001,2015-09-28 03:45:00,2015-09-28 04:00:00,0.25,3812,3812,1,1,953.0,Los Angeles,13.0,0.0,4.65625,0.0,0.0,0.0,84.2,68.0,75.825,0.0,0.0,0.0
1003,2015-09-28 08:30:00,2015-09-28 09:45:00,1.25,4509,4509,2,1,5634.75,Los Angeles,12.0,0.0,2.375,0.0,0.0,0.0,84.2,64.4,71.49167,0.0,0.0,0.0
1005,2015-09-28 10:00:00,2015-09-28 10:45:00,0.75,6342,6342,2,2,3861.25,Los Angeles,8.0,0.0,2.3125,0.0,0.0,0.0,84.2,64.4,70.80313,0.0,0.0,0.0
1007,2015-09-28 15:45:00,2015-09-29 02:15:00,10.5,6687,8787,17,25,59301.75,Los Angeles,19.0,0.0,7.554767,26.0,0.0,1.0,92.0,68.0,81.17209,0.0,0.0,0.0
1009,2015-09-29 02:30:00,2015-09-29 04:30:00,2.0,4549,4594,4,5,8506.25,Los Angeles,14.0,0.0,6.2222223,0.0,0.0,0.0,82.4,66.0,74.12361,0.0,0.0,0.0
1011,2015-09-29 05:30:00,2015-09-29 06:00:00,0.5,4074,4074,1,2,2035.75,Los Angeles,14.0,0.0,5.0833335,0.0,0.0,0.0,82.4,66.0,72.379166,0.0,0.0,0.0
1013,2015-09-29 08:45:00,2015-09-29 09:30:00,0.75,4193,4193,1,2,3144.25,Los Angeles,12.0,0.0,3.296875,0.0,0.0,0.0,82.4,59.0,68.043755,0.0,0.0,0.0
1015,2015-09-29 12:00:00,2015-09-29 12:15:00,0.25,3902,3902,1,1,975.5,Los Angeles,12.0,0.0,2.5625,0.0,0.0,0.0,68.0,59.0,65.0875,0.0,0.0,0.0
1017,2015-09-29 15:30:00,2015-09-29 22:30:00,7.0,7672,10538,14,15,44076.5,Los Angeles,14.0,0.0,5.0948277,21.0,0.0,0.61206895,94.0,61.0,79.875435,0.0,0.0,0.0
1019,2015-09-30 15:45:00,2015-10-01 02:45:00,11.0,8921,10254,18,21,68450.5,Los Angeles,54.0,0.0,6.5055556,18.0,0.0,0.6666667,96.0,66.0,82.126114,0.0,0.0,0.0
1021,2015-10-01 15:45:00,2015-10-01 16:00:00,0.25,6698,6698,1,1,1674.5,Los Angeles,13.0,0.0,4.0625,0.0,0.0,0.0,77.0,66.0,72.875,0.0,0.0,0.0
1023,2015-10-01 17:15:00,2015-10-01 17:30:00,0.25,4191,4191,1,1,1047.75,Los Angeles,21.0,0.0,6.84375,28.0,0.0,1.75,81.0,67.0,76.3625,0.0,0.0,0.0
1025,2015-10-01 19:30:00,2015-10-01 19:45:00,0.25,7095,7095,1,1,1773.75,Los Angeles,16.0,0.0,8.125,22.0,0.0,1.15625,86.0,72.0,80.825,0.0,0.0,0.0
1027,2015-10-05 05:15:00,2015-10-05 13:30:00,8.25,5860,7815,12,9,39678.25,Los Angeles,9.0,0.0,3.1488972,0.0,0.0,0.0,69.0,47.0,60.691177,0.66440004,0.07,0.0012213236
1029,2015-10-05 17:45:00,2015-10-05 20:30:00,2.75,6207,8018,6,6,12829.0,Los Angeles,12.0,0.0,5.484375,16.0,0.0,0.33333334,75.2,58.0,69.78021,0.691,0.15,0.0035989583
1031,2015-10-06 02:15:00,2015-10-06 03:45:00,1.5,6572,6685,3,4,7887.0,Los Angeles,6.0,0.0,2.9642856,0.0,0.0,0.0,71.6,52.0,65.23214,0.3807,0.36,0.0033991071
1033,2015-10-06 16:00:00,2015-10-07 01:00:00,9.0,9710,10401,14,21,70160.25,Los Angeles,16.0,0.0,6.182973,19.0,0.0,0.9543919,81.0,56.0,72.38074,0.0,0.0,0.0
1035,2015-10-07 16:00:00,2015-10-08 03:15:00,11.25,11150,14253,16,26,80766.75,Los Angeles,14.0,0.0,6.240489,18.0,0.0,0.36413044,88.0,65.0,76.72011,0.0,0.0,0.0
1037,2015-10-08 04:00:00,2015-10-08 12:15:00,8.25,5912,6270,8,15,43539.0,Los Angeles,15.0,0.0,3.0643382,17.0,0.0,0.0625,76.0,57.0,68.66213,0.0,0.0,0.0
1039,2015-10-08 17:15:00,2015-10-08 22:15:00,5.0,4458,4498,9,9,20808.75,Los Angeles,14.0,0.0,6.0119047,24.0,0.0,1.9136904,99.0,71.0,85.20536,0.0,0.0,0.0
1041,2015-10-09 06:45:00,2015-10-09 07:00:00,0.25,3804,3804,1,1,951.0,Los Angeles,12.0,0.0,3.53125,0.0,0.0,0.0,85.0,66.0,75.48125,0.0,0.0,0.0
1043,2015-10-09 07:15:00,2015-10-09 07:30:00,0.25,3953,3953,1,1,988.25,Los Angeles,11.0,0.0,3.125,0.0,0.0,0.0,85.0,66.0,74.7875,0.0,0.0,0.0
1045,2015-10-09 07:45:00,2015-10-09 08:15:00,0.5,4130,4130,1,2,2064.5,Los Angeles,10.0,0.0,3.625,0.0,0.0,0.0,85.0,64.0,73.7875,0.0,0.0,0.0
1047,2015-10-09 12:15:00,2015-10-09 12:45:00,0.5,4350,4350,1,2,2073.0,Los Angeles,11.0,0.0,2.2291667,0.0,0.0,0.0,82.0,56.0,69.645836,0.0,0.0,0.0
1049,2015-10-09 20:00:00,2015-10-09 20:15:00,0.25,5468,5468,1,1,1367.0,Los Angeles,15.0,0.0,5.5625,23.0,0.0,1.4375,102.0,81.0,94.3,0.0,0.0,0.0
1051,2015-10-09 22:30:00,2015-10-10 06:15:00,7.75,10274,13967,14,17,51262.75,Los Angeles,16.0,0.0,5.4492188,24.0,0.0,1.3925781,103.0,66.0,87.18477,0.0,0.0,0.0
1053,2015-10-10 06:45:00,2015-10-10 11:00:00,4.25,3990,4093,6,10,16533.0,Los Angeles,10.0,0.0,2.90625,0.0,0.0,0.0,93.2,59.0,77.061806,0.0,0.0,0.0
1055,2015-10-10 15:30:00,2015-10-11 14:45:00,23.25,14251,31120,42,46,174193.75,Los Angeles,16.0,0.0,4.4394946,21.0,0.0,0.48138297,102.2,60.0,84.08857,0.0,0.0,0.0
1057,2015-10-11 22:30:00,2015-10-12 00:00:00,1.5,6183,6354,3,4,8918.75,Los Angeles,14.0,3.0,8.758928,14.0,0.0,1.875,100.0,73.4,89.93572,0.0,0.0,0.0
1059,2015-10-12 00:45:00,2015-10-12 01:45:00,1.0,6718,6718,3,2,6497.0,Los Angeles,13.0,3.0,7.825,18.0,0.0,1.325,94.0,73.4,85.735,0.0,0.0,0.0
1061,2015-10-12 02:45:00,2015-10-12 05:30:00,2.75,9797,11421,4,7,19704.0,Los Angeles,13.0,0.0,5.1197915,14.0,0.0,0.875,89.6,71.0,80.44167,0.0,0.0,0.0
1063,2015-10-12 17:15:00,2015-10-12 18:30:00,1.25,4827,4827,2,3,5308.0,Los Angeles,13.0,0.0,5.28125,17.0,0.0,1.21875,91.0,73.4,84.72083,0.0,0.0,0.0
1065,2015-10-12 18:45:00,2015-10-12 19:45:00,1.0,4561,4561,2,2,4550.0,Los Angeles,13.0,0.0,6.5,22.0,0.0,2.0625,93.0,73.4,87.302505,0.0,0.0,0.0
1067,2015-10-14 15:45:00,2015-10-15 00:30:00,8.75,9133,13289,14,19,54464.0,Los Angeles,15.0,0.0,5.3784723,18.0,0.0,0.3472222,90.0,69.0,80.73472,0.0004,1e-04,6.9444445e-07
1069,2015-10-15 00:45:00,2015-10-15 03:00:00,2.25,5047,5742,3,6,10247.75,Los Angeles,12.0,0.0,6.55625,0.0,0.0,0.0,86.0,67.0,77.19499,0.0,0.0,0.0
1071,2015-10-15 09:30:00,2015-10-15 14:00:00,4.5,4304,4373,8,4,17587.0,Los Angeles,10.0,0.0,3.7236843,0.0,0.0,0.0,75.2,62.0,70.6329,0.0,0.0,0.0
1073,2015-10-15 15:15:00,2015-10-15 16:00:00,0.75,4309,4309,2,1,3062.25,Los Angeles,8.0,0.0,3.484375,0.0,0.0,0.0,75.2,61.0,71.17812,0.0,0.0,0.0
1075,2015-10-15 16:15:00,2015-10-15 23:00:00,6.75,10552,20049,11,17,39011.75,Los Angeles,17.0,0.0,6.948661,23.0,0.0,0.9598214,83.0,59.0,75.994644,1.8405,0.28,0.004108259
1077,2015-10-15 23:45:00,2015-10-16 00:15:00,0.5,4089,4089,1,2,1988.5,Los Angeles,22.0,5.0,9.916667,32.0,0.0,1.9583334,80.6,62.0,73.354164,1.3399999,0.38,0.027916664
1079,2015-10-16 16:30:00,2015-10-16 16:45:00,0.25,4139,4139,1,1,1034.75,Los Angeles,17.0,0.0,3.96875,24.0,0.0,1.5,73.4,62.0,69.681244,0.0002,1e-04,6.25e-06
1081,2015-10-16 17:00:00,2015-10-16 17:15:00,0.25,4812,4812,1,1,1203.0,Los Angeles,17.0,0.0,4.28125,24.0,0.0,1.5,74.0,62.0,69.956245,0.0002,1e-04,6.25e-06
1083,2015-10-16 18:30:00,2015-10-16 19:45:00,1.25,4460,4463,4,2,5375.75,Los Angeles,19.0,0.0,5.95125,26.0,0.0,2.1770833,77.0,66.0,71.708336,0.00029999999,1e-04,3.125e-06
1085,2015-10-16 20:15:00,2015-10-16 20:30:00,0.25,3921,3921,1,1,980.25,Los Angeles,19.0,0.0,7.083125,25.0,0.0,1.53125,78.0,64.0,72.73125,0.0,0.0,0.0
1087,2015-10-16 20:45:00,2015-10-16 22:45:00,2.0,8130,8131,6,2,15213.5,Los Angeles,19.0,0.0,8.069445,26.0,0.0,1.5277778,78.0,64.4,73.093056,0.0004,1e-04,2.7777778e-06
1089,2015-10-16 23:15:00,2015-10-16 23:30:00,0.25,7915,7915,1,1,1978.75,Los Angeles,16.0,5.0,8.90625,26.0,0.0,1.53125,77.0,62.0,72.375,0.0002,1e-04,6.25e-06
1091,2015-10-17 04:00:00,2015-10-17 04:15:00,0.25,4040,4040,1,1,1010.0,Los Angeles,13.0,0.0,5.8125,0.0,0.0,0.0,73.4,61.0,70.075,0.0,0.0,0.0
1093,2015-10-17 15:30:00,2015-10-17 16:00:00,0.5,5485,5485,2,1,2567.25,Los Angeles,12.0,0.0,3.1875,0.0,0.0,0.0,75.2,60.0,69.52917,0.00029999999,1e-04,6.25e-06
1095,2015-10-17 16:15:00,2015-10-17 16:30:00,0.25,3925,3925,1,1,981.25,Los Angeles,12.0,0.0,3.8125,0.0,0.0,0.0,78.0,60.0,70.6875,0.0101,0.01,0.000315625
1097,2015-10-18 06:30:00,2015-10-18 07:00:00,0.5,4447,4447,1,2,2223.0,Los Angeles,14.0,0.0,4.1458335,0.0,0.0,0.0,80.6,59.0,69.237495,0.0,0.0,0.0
1099,2015-10-19 11:15:00,2015-10-19 11:30:00,0.25,3827,3827,1,1,956.75,Los Angeles,13.0,0.0,4.53125,0.0,0.0,0.0,71.6,50.0,64.28125,0.0,0.0,0.0
1101,2015-10-19 17:00:00,2015-10-19 23:45:00,6.75,5366,6123,12,14,30436.75,Los Angeles,19.0,0.0,7.754464,25.0,0.0,2.325893,80.0,48.0,70.84688,0.0002,1e-04,4.4642857e-07
1103,2015-10-20 17:45:00,2015-10-20 18:15:00,0.5,4003,4003,2,1,1979.75,Los Angeles,15.0,0.0,4.5,20.0,0.0,1.25,77.0,56.0,71.299995,0.0,0.0,0.0
1105,2015-10-21 17:00:00,2015-10-21 19:15:00,2.25,6224,6349,5,4,10442.75,Los Angeles,14.0,0.0,5.56875,21.0,0.0,2.4125,86.0,65.0,75.76875,0.0,0.0,0.0
1107,2015-10-22 16:00:00,2015-10-22 22:00:00,6.0,8804,13588,11,12,34790.25,Los Angeles,18.0,0.0,5.505,22.0,0.0,1.0675,82.0,58.0,73.129,0.0004,1e-04,1e-06
1109,2015-10-23 20:00:00,2015-10-23 23:15:00,3.25,5465,6100,5,9,17046.5,Los Angeles,29.16,0.0,8.092143,19.0,0.0,0.54464287,88.0,70.0,77.702675,0.0,0.0,0.0
1111,2015-10-23 23:30:00,2015-10-24 08:45:00,9.25,8362,11019,15,18,56463.5,Los Angeles,47.0,0.0,5.0328946,14.0,0.0,0.023026315,88.0,53.0,70.47665,0.0,0.0,0.0
1113,2015-10-24 10:30:00,2015-10-24 12:00:00,1.5,3829,3829,1,2,5742.75,Los Angeles,9.0,0.0,2.3214285,0.0,0.0,0.0,74.0,47.0,62.164284,0.0,0.0,0.0
1115,2015-10-24 13:45:00,2015-10-24 14:15:00,0.5,4862,4862,1,2,2413.0,Los Angeles,8.0,0.0,2.1875,0.0,0.0,0.0,72.0,45.0,60.8875,0.0,0.0,0.0
1117,2015-10-24 15:30:00,2015-10-24 17:00:00,1.5,6869,7535,3,3,9684.5,Los Angeles,7.0,0.0,1.9196428,0.0,0.0,0.0,82.0,47.0,71.55178,0.0,0.0,0.0
1119,2015-10-24 17:15:00,2015-10-24 17:45:00,0.5,4575,4575,2,1,2109.0,Los Angeles,9.0,0.0,2.4166667,17.0,0.0,0.7083333,87.0,63.0,78.2125,0.0,0.0,0.0
1121,2015-10-24 22:15:00,2015-10-24 22:45:00,0.5,3853,3853,1,1,1926.5,Los Angeles,14.0,0.0,6.9583335,19.0,0.0,0.39583334,95.0,72.0,83.799995,0.0,0.0,0.0
1123,2015-10-26 10:15:00,2015-10-26 10:45:00,0.5,4259,4259,2,1,2109.75,Los Angeles,14.0,0.0,2.1875,18.0,0.0,0.75,72.0,1.0,57.649998,0.0,0.0,0.0
1125,2015-10-26 12:30:00,2015-10-26 13:45:00,1.25,4820,4820,2,3,5778.5,Los Angeles,8.0,0.0,1.7916666,0.0,0.0,0.0,70.0,1.0,57.10208,0.0,0.0,0.0
1127,2015-10-26 14:15:00,2015-10-26 14:30:00,0.25,3949,3949,1,1,987.25,Los Angeles,9.0,0.0,1.625,0.0,0.0,0.0,72.0,42.0,60.40625,0.0,0.0,0.0
1129,2015-10-26 14:45:00,2015-10-26 22:45:00,8.0,7612,9485,14,14,44607.75,Los Angeles,13.0,0.0,3.7443182,14.0,0.0,0.10606061,91.0,45.0,75.767426,0.0,0.0,0.0
1131,2015-10-27 17:15:00,2015-10-27 17:45:00,0.5,4697,4697,1,2,2347.0,Los Angeles,10.0,0.0,2.75,0.0,0.0,0.0,78.0,59.0,71.88333,0.0,0.0,0.0
1133,2015-10-28 16:45:00,2015-10-28 20:45:00,4.0,5382,5613,8,7,18110.25,Los Angeles,23.0,0.0,7.617647,26.0,0.0,1.5,84.0,57.0,73.05367,1e-04,1e-04,3.6764706e-07
1135,2015-10-29 02:15:00,2015-10-29 04:30:00,2.25,13244,13663,6,4,28893.0,Los Angeles,17.0,0.0,7.24375,31.0,0.0,1.84375,80.6,54.0,69.95125,0.0,0.0,0.0
1137,2015-10-29 05:30:00,2015-10-29 05:45:00,0.25,5583,5583,1,1,1395.75,Los Angeles,22.0,0.0,7.53125,31.0,0.0,5.0625,80.6,52.0,68.756256,0.0002,1e-04,6.25e-06
1139,2015-10-29 06:00:00,2015-10-30 08:00:00,26.0,24139,47527,45,51,351118.75,Los Angeles,33.0,0.0,10.88378,43.0,0.0,9.463572,86.0,47.0,69.529045,0.0401,0.01,2.3869048e-05
1141,2015-10-30 11:00:00,2015-10-30 11:30:00,0.5,3954,3954,2,1,1976.75,Los Angeles,14.0,0.0,5.4166665,22.0,0.0,2.0416667,71.0,44.0,62.475002,0.0,0.0,0.0
1143,2015-10-30 12:00:00,2015-10-30 15:15:00,3.25,5595,6041,4,8,17040.5,Los Angeles,17.0,0.0,5.5,25.0,0.0,3.4285715,72.0,41.0,62.304466,0.0,0.0,0.0
1145,2015-10-30 16:15:00,2015-10-30 22:00:00,5.75,10916,17910,15,9,44955.5,Los Angeles,23.0,0.0,7.5234375,30.0,0.0,4.690104,87.0,52.0,76.8875,0.0,0.0,0.0
1147,2015-10-31 01:00:00,2015-10-31 01:45:00,0.75,3967,3967,2,2,2956.25,Los Angeles,15.0,0.0,5.71875,0.0,0.0,0.0,84.2,56.0,75.8875,0.0,0.0,0.0
1149,2015-10-31 02:15:00,2015-10-31 04:30:00,2.25,5603,5630,2,8,11892.5,Los Angeles,18.0,0.0,5.725,0.0,0.0,0.0,84.2,56.0,71.50625,0.0,0.0,0.0
1151,2015-10-31 05:00:00,2015-10-31 05:45:00,0.75,3883,3883,1,2,2911.75,Los Angeles,18.0,0.0,4.734375,0.0,0.0,0.0,78.0,54.0,69.8375,0.0,0.0,0.0
1153,2015-11-01 17:45:00,2015-11-01 18:00:00,0.25,4364,4364,1,1,1091.0,Los Angeles,19.0,0.0,4.8125,0.0,0.0,0.0,83.0,62.6,77.0875,0.0,0.0,0.0
1155,2015-11-02 03:15:00,2015-11-02 04:45:00,1.5,3890,3891,3,3,5831.0,Los Angeles,13.0,0.0,4.196429,0.0,0.0,0.0,72.0,60.0,67.04107,0.0,0.0,0.0
1157,2015-11-02 16:45:00,2015-11-03 04:15:00,11.5,11394,22808,20,25,92502.5,Los Angeles,32.0,0.0,11.156595,38.0,0.0,7.704734,75.0,41.0,64.779526,2.0216,0.17,0.0026882978
1159,2015-11-03 05:00:00,2015-11-03 06:15:00,1.25,4338,4347,3,3,5376.75,Los Angeles,25.0,0.0,9.635417,32.0,0.0,2.3333333,64.0,40.0,57.047916,0.0612,0.01,0.0006375
1161,2015-11-03 06:30:00,2015-11-03 06:45:00,0.25,4607,4607,1,1,1151.75,Los Angeles,20.0,0.0,7.90625,22.0,0.0,0.6875,64.0,40.0,56.59375,0.030199999,0.01,0.00094374997
1163,2015-11-03 22:00:00,2015-11-03 22:15:00,0.25,5052,5052,1,1,1263.0,Los Angeles,19.0,0.0,9.9375,25.0,0.0,3.5,70.0,44.0,63.324997,0.0002,1e-04,6.25e-06
1165,2015-11-04 17:30:00,2015-11-04 18:30:00,1.0,6573,6573,3,2,5048.5,Los Angeles,23.0,0.0,7.4,28.0,0.0,5.0,68.0,40.0,59.992504,0.0,0.0,0.0
1167,2015-11-04 18:45:00,2015-11-05 00:00:00,5.25,5467,5524,3,18,22704.0,Los Angeles,23.0,0.0,11.0,27.0,0.0,5.275568,70.0,40.0,62.52386,0.0,0.0,0.0
1169,2015-11-05 18:30:00,2015-11-06 01:30:00,7.0,5673,6326,11,17,33936.75,Los Angeles,14.0,0.0,4.531552,27.0,0.0,0.20474137,72.0,44.0,63.496983,0.0,0.0,0.0
1171,2015-11-06 02:00:00,2015-11-06 03:15:00,1.25,4929,4929,1,5,5703.25,Los Angeles,14.0,0.0,5.4375,27.0,0.0,1.2291666,66.2,43.0,58.854168,0.0,0.0,0.0
1173,2015-11-06 08:45:00,2015-11-06 10:15:00,1.5,4279,4279,2,3,6396.75,Los Angeles,14.0,0.0,3.705357,0.0,0.0,0.0,64.4,34.0,53.57321,0.0,0.0,0.0
1175,2015-11-07 04:45:00,2015-11-07 05:00:00,0.25,3826,3826,1,1,956.5,Los Angeles,12.0,0.0,4.6875,18.0,0.0,1.125,68.0,41.0,60.375,0.0,0.0,0.0
1177,2015-11-07 11:15:00,2015-11-07 12:45:00,1.5,3859,3859,1,2,5752.5,Los Angeles,20.0,0.0,4.955357,28.0,0.0,1.6517857,68.0,32.0,53.010715,0.0,0.0,0.0
1179,2015-11-07 16:30:00,2015-11-07 19:45:00,3.25,5593,6182,9,5,15191.25,Los Angeles,19.0,0.0,5.151786,27.0,0.0,2.3125,82.0,40.0,68.0375,0.0,0.0,0.0
1181,2015-11-08 16:45:00,2015-11-08 17:45:00,1.0,5390,5390,3,2,4960.5,Los Angeles,8.0,0.0,2.5625,0.0,0.0,0.0,71.6,47.0,62.4675,0.00049999997,1e-04,6.2499994e-06
1183,2015-11-08 19:45:00,2015-11-09 01:00:00,5.25,5824,5980,6,11,22654.25,Los Angeles,10.0,0.0,6.0113635,18.0,0.0,0.20454545,77.0,56.0,69.70056,0.0022,1e-04,6.25e-06
1185,2015-11-09 06:45:00,2015-11-09 15:15:00,8.5,7577,7732,7,14,50649.0,Los Angeles,16.0,0.0,3.6482143,21.0,0.0,0.15,65.0,41.0,55.695713,0.033499997,0.01,5.9821425e-05
1187,2015-11-09 18:00:00,2015-11-09 18:30:00,0.5,3996,3996,2,1,1953.5,Los Angeles,16.0,0.0,7.75,22.0,0.0,1.375,81.0,48.0,62.279163,0.0,0.0,0.0
1189,2015-11-09 19:30:00,2015-11-09 23:00:00,3.5,6097,7238,7,7,14435.75,Los Angeles,21.0,0.0,10.5875,26.0,0.0,4.1583333,86.0,48.0,64.88917,0.050399996,0.01,0.00020999998
1191,2015-11-09 23:45:00,2015-11-10 00:00:00,0.25,4443,4443,1,1,1110.75,Los Angeles,21.0,7.0,12.5,25.0,0.0,10.875,77.0,48.0,63.387497,0.0,0.0,0.0
1193,2015-11-10 04:15:00,2015-11-10 04:30:00,0.25,4766,4766,1,1,1191.5,Los Angeles,21.0,0.0,8.0,26.0,0.0,4.65625,71.0,42.0,57.181248,1e-04,1e-04,3.125e-06
1195,2015-11-10 08:30:00,2015-11-10 10:00:00,1.5,7059,7059,3,2,8104.0,Los Angeles,19.0,0.0,7.2995534,25.0,0.0,1.9107143,72.0,36.0,54.162502,0.0602,0.02,0.00053749996
1197,2015-11-10 17:30:00,2015-11-10 17:45:00,0.25,4769,4769,1,1,1192.25,Los Angeles,26.0,4.0,11.253125,34.0,0.0,8.375,81.0,39.0,58.725,0.0,0.0,0.0
1199,2015-11-11 00:45:00,2015-11-11 01:15:00,0.5,3975,3975,1,1,1987.5,Los Angeles,25.0,4.0,11.5625,34.0,0.0,10.916667,73.0,38.0,58.95,0.0,0.0,0.0
1201,2015-11-11 05:15:00,2015-11-11 05:30:00,0.25,3992,3992,1,1,998.0,Los Angeles,18.0,0.0,7.0625,26.0,0.0,3.8125,66.0,36.0,55.050003,0.0,0.0,0.0
1203,2015-11-11 06:45:00,2015-11-11 07:30:00,0.75,4013,4013,1,2,3009.25,Los Angeles,18.0,0.0,5.234375,26.0,0.0,2.5625,64.4,36.0,53.221874,0.0,0.0,0.0
1205,2015-11-11 09:15:00,2015-11-11 11:30:00,2.25,4093,4153,4,4,8887.75,Los Angeles,18.0,0.0,4.56875,26.0,0.0,1.625,60.0,31.0,48.5,0.0,0.0,0.0
1207,2015-11-11 17:30:00,2015-11-11 18:30:00,1.0,4167,4167,3,2,4005.75,Los Angeles,18.0,0.0,4.175,26.0,0.0,1.8625,90.0,44.0,61.347504,0.0,0.0,0.0
1209,2015-11-11 22:00:00,2015-11-12 01:30:00,3.5,5651,6967,5,8,16231.75,Los Angeles,15.0,0.0,7.3657503,18.0,0.0,0.15,92.0,46.0,65.714165,0.0,0.0,0.0
1211,2015-11-12 03:15:00,2015-11-12 03:30:00,0.25,4472,4472,1,1,1118.0,Los Angeles,15.0,0.0,4.149375,0.0,0.0,0.0,69.0,42.0,56.84375,0.0,0.0,0.0
1213,2015-11-12 19:45:00,2015-11-12 20:00:00,0.25,3867,3867,1,1,966.75,Los Angeles,16.0,0.0,5.0,21.0,0.0,1.3125,92.0,56.0,70.925,0.0,0.0,0.0
1215,2015-11-12 20:30:00,2015-11-12 21:30:00,1.0,3901,3901,3,2,3893.75,Los Angeles,19.0,0.0,6.2875,25.0,0.0,2.225,105.0,56.0,72.3775,0.0,0.0,0.0
1217,2015-11-13 15:15:00,2015-11-13 15:30:00,0.25,6831,6831,1,1,1707.75,Los Angeles,17.0,0.0,2.65625,23.0,0.0,1.40625,73.4,28.0,52.856247,0.0,0.0,0.0
1219,2015-11-13 18:00:00,2015-11-13 19:15:00,1.25,4306,4306,2,4,5117.0,Los Angeles,17.0,0.0,3.6666667,24.0,0.0,1.0,102.0,52.0,71.76875,0.0,0.0,0.0
1221,2015-11-14 19:00:00,2015-11-14 19:15:00,0.25,6273,6273,1,1,1568.25,Los Angeles,8.0,0.0,2.5625,0.0,0.0,0.0,85.0,59.0,70.6,0.0,0.0,0.0
1223,2015-11-14 20:45:00,2015-11-14 21:15:00,0.5,4857,4857,1,1,2428.5,Los Angeles,10.0,0.0,4.2291665,16.0,0.0,1.0,104.0,65.0,74.566666,0.0,0.0,0.0
1225,2015-11-14 22:45:00,2015-11-14 23:00:00,0.25,3895,3895,1,1,973.75,Los Angeles,10.0,0.0,6.0,0.0,0.0,0.0,94.0,63.0,73.100006,0.0,0.0,0.0
1227,2015-11-15 07:30:00,2015-11-15 07:45:00,0.25,4232,4232,1,1,1058.0,Los Angeles,27.0,0.0,3.40625,35.0,0.0,2.1875,64.0,37.0,54.025,0.0,0.0,0.0
1229,2015-11-15 19:15:00,2015-11-15 20:45:00,1.5,4965,4979,4,3,6210.5,Los Angeles,27.0,0.0,13.116072,35.0,0.0,12.357142,88.0,41.0,62.628574,0.020399999,0.02,0.00018214285
1231,2015-11-16 05:00:00,2015-11-16 05:30:00,0.5,4076,4076,1,2,2021.5,Los Angeles,27.0,0.0,12.541667,35.0,0.0,11.145833,71.0,36.0,53.825,0.0,0.0,0.0
1233,2015-11-16 06:30:00,2015-11-16 08:00:00,1.5,5009,5009,2,4,7380.0,Los Angeles,28.0,0.0,13.580358,41.0,0.0,12.866072,69.0,36.0,52.676785,0.0007,1e-04,6.25e-06
1235,2015-11-16 13:15:00,2015-11-18 04:30:00,39.25,24354,52838,62,94,432618.75,Los Angeles,38.0,0.0,8.880934,54.0,0.0,8.452136,76.0,26.0,54.799767,0.0009,1e-04,3.5601266e-07
1237,2015-11-18 05:45:00,2015-11-18 06:45:00,1.0,3889,3890,3,2,3878.5,Los Angeles,19.0,0.0,3.7875,0.0,0.0,0.0,62.0,37.0,54.2375,0.0,0.0,0.0
1239,2015-11-18 18:00:00,2015-11-18 21:00:00,3.0,4412,4417,5,8,12141.0,Los Angeles,28.0,0.0,4.0048075,35.0,0.0,1.3605769,80.0,53.0,68.34904,0.0,0.0,0.0
1241,2015-11-19 04:00:00,2015-11-19 04:15:00,0.25,4640,4640,1,1,1160.0,Los Angeles,13.0,0.0,2.4375,0.0,0.0,0.0,65.0,48.0,59.4375,0.0,0.0,0.0
1243,2015-11-19 19:00:00,2015-11-19 19:15:00,0.25,4952,4952,1,1,1238.0,Los Angeles,9.0,0.0,2.59375,0.0,0.0,0.0,82.0,58.0,74.4875,0.0,0.0,0.0
1245,2015-11-20 18:00:00,2015-11-21 01:00:00,7.0,5554,6752,11,18,32865.75,Los Angeles,18.0,0.0,4.5172415,25.0,0.0,0.46336207,88.0,57.0,76.02199,0.0,0.0,0.0
1247,2015-11-21 02:30:00,2015-11-21 03:15:00,0.75,4597,4597,3,1,3055.75,Los Angeles,19.0,0.0,3.9375,0.0,0.0,0.0,78.8,54.0,66.921875,0.0,0.0,0.0
1249,2015-11-21 03:45:00,2015-11-21 06:45:00,3.0,7490,8663,6,7,19916.25,Los Angeles,22.0,0.0,3.5288463,30.0,0.0,1.3653846,77.0,42.0,64.0952,0.0,0.0,0.0
1251,2015-11-21 10:15:00,2015-11-21 12:30:00,2.25,5272,5310,6,4,10630.5,Los Angeles,23.0,0.0,4.66875,30.0,0.0,1.60625,72.0,37.0,59.85625,0.0,0.0,0.0
1253,2015-11-21 12:45:00,2015-11-21 13:15:00,0.5,4114,4114,1,1,2057.0,Los Angeles,22.0,0.0,5.0625,29.0,0.0,1.8125,70.0,38.0,59.912502,0.0,0.0,0.0
1255,2015-11-22 20:00:00,2015-11-22 20:30:00,0.5,3931,3931,1,2,1965.0,Los Angeles,50.0,0.0,6.3958335,20.0,0.0,0.8333333,87.8,62.0,77.86667,0.0,0.0,0.0
1257,2015-11-23 06:30:00,2015-11-23 07:00:00,0.5,6307,6307,1,2,3148.75,Los Angeles,12.0,0.0,2.8333333,0.0,0.0,0.0,71.0,38.0,61.675,0.0,0.0,0.0
1259,2015-11-23 11:30:00,2015-11-23 18:00:00,6.5,6865,9698,12,10,39990.0,Los Angeles,13.61,0.0,2.5962732,0.0,0.0,0.0,77.0,30.0,58.200924,0.0,0.0,0.0
1261,2015-11-23 18:45:00,2015-11-23 19:15:00,0.5,4071,4071,2,1,1979.5,Los Angeles,13.0,0.0,4.9825,19.0,0.0,1.1875,78.8,60.0,72.637505,0.0,0.0,0.0
1263,2015-11-23 20:00:00,2015-11-23 21:30:00,1.5,7477,8475,3,4,8001.25,Los Angeles,18.0,0.0,6.205357,27.0,0.0,1.4732143,80.6,64.4,74.44643,0.0,0.0,0.0
1265,2015-11-24 09:45:00,2015-11-24 10:15:00,0.5,3965,3965,1,1,1982.5,Los Angeles,12.0,0.0,3.0208333,0.0,0.0,0.0,62.6,48.0,54.787495,0.0,0.0,0.0
1267,2015-11-24 20:45:00,2015-11-24 21:15:00,0.5,5215,5215,1,2,2606.0,Los Angeles,25.0,4.0,11.430209,32.0,0.0,7.343333,68.0,56.0,64.525,0.0,0.0,0.0
1269,2015-11-25 01:45:00,2015-11-25 21:15:00,19.5,10735,23544,41,33,126923.75,Los Angeles,30.0,0.0,8.669343,37.0,0.0,4.283228,63.0,30.0,54.286232,0.6061,0.05,0.0004795095
1271,2015-11-26 01:00:00,2015-11-26 01:45:00,0.75,3970,3970,3,1,2976.25,Los Angeles,19.0,0.0,9.265625,22.0,0.0,2.671875,59.0,34.0,53.5375,0.0,0.0,0.0
1273,2015-11-26 09:45:00,2015-11-26 15:30:00,5.75,8044,11594,14,8,29076.5,Los Angeles,16.0,0.0,3.9114583,0.0,0.0,0.0,56.0,27.0,45.485943,0.0,0.0,0.0
1275,2015-11-26 19:00:00,2015-11-26 20:00:00,1.0,5903,5906,2,3,4545.0,Los Angeles,15.0,0.0,6.6125,22.0,0.0,2.7,63.0,41.0,56.26,0.0,0.0,0.0
1277,2015-11-27 00:00:00,2015-11-27 04:15:00,4.25,10289,10289,8,7,38170.25,Los Angeles,14.0,0.0,5.1180553,0.0,0.0,0.0,60.8,37.0,52.65278,0.0,0.0,0.0
1279,2015-11-28 20:15:00,2015-11-28 21:00:00,0.75,4900,4900,2,2,3624.25,Los Angeles,15.0,0.0,6.640625,22.0,0.0,2.640625,66.2,42.0,58.453125,0.0,0.0,0.0
1281,2015-11-28 21:15:00,2015-11-28 21:30:00,0.25,4585,4585,1,1,1146.25,Los Angeles,15.0,0.0,6.375,20.0,0.0,3.25,66.2,42.0,58.80625,0.0,0.0,0.0
1283,2015-11-30 17:45:00,2015-11-30 22:45:00,5.0,7209,8371,9,11,31884.25,Los Angeles,14.0,0.0,4.202381,0.0,0.0,0.0,68.0,39.0,59.484528,0.0,0.0,0.0
1285,2015-12-01 04:30:00,2015-12-01 11:45:00,7.25,5101,5712,16,10,32629.25,Los Angeles,13.0,0.0,3.35625,0.0,0.0,0.0,62.6,22.0,48.21792,0.0,0.0,0.0
1287,2015-12-01 14:45:00,2015-12-01 15:00:00,0.25,3862,3862,1,1,965.5,Los Angeles,11.0,0.0,3.1875,0.0,0.0,0.0,57.2,23.0,45.175,0.0,0.0,0.0
1289,2015-12-01 17:30:00,2015-12-01 20:15:00,2.75,5218,5234,7,5,13317.5,Los Angeles,18.0,0.0,4.046875,25.0,0.0,1.3958334,69.8,35.0,60.48854,0.0,0.0,0.0
1291,2015-12-01 21:00:00,2015-12-01 21:15:00,0.25,3838,3838,1,1,959.5,Los Angeles,12.0,0.0,4.1875,19.0,0.0,2.5,73.4,51.0,65.162506,0.0,0.0,0.0
1293,2015-12-02 03:00:00,2015-12-02 04:00:00,1.0,4543,4592,3,2,4331.75,Los Angeles,15.0,0.0,4.325,0.0,0.0,0.0,61.0,37.0,55.03,0.0,0.0,0.0
1295,2015-12-02 16:45:00,2015-12-03 04:30:00,11.75,6789,8290,20,25,61402.75,Los Angeles,17.0,0.0,4.6471353,22.0,0.0,0.8125,92.0,38.0,65.74479,0.0,0.0,0.0
1297,2015-12-03 17:30:00,2015-12-03 22:30:00,5.0,6291,6300,8,11,24053.25,Los Angeles,14.0,0.0,3.4136906,0.0,0.0,0.0,76.0,38.0,67.76964,0.0,0.0,0.0
1299,2015-12-03 23:30:00,2015-12-04 00:30:00,1.0,4833,4833,1,4,4375.75,Los Angeles,47.0,0.0,8.5375,19.0,0.0,0.2375,75.0,56.0,66.495,0.0,0.0,0.0
1301,2015-12-04 02:15:00,2015-12-04 02:45:00,0.5,4014,4014,1,2,2004.75,Los Angeles,11.0,0.0,3.75,0.0,0.0,0.0,64.4,44.0,59.145832,0.0,0.0,0.0
1303,2015-12-05 15:30:00,2015-12-05 16:00:00,0.5,4709,4709,2,1,2342.5,Los Angeles,18.0,0.0,4.0208335,0.0,0.0,0.0,64.4,24.0,50.733334,0.0,0.0,0.0
1305,2015-12-05 16:30:00,2015-12-05 17:45:00,1.25,8303,9009,3,2,9458.75,Los Angeles,22.0,0.0,4.21875,28.0,0.0,1.75,70.0,30.0,57.55,0.0,0.0,0.0
1307,2015-12-05 21:15:00,2015-12-05 22:45:00,1.5,4704,4928,2,5,6753.0,Los Angeles,20.0,0.0,5.571429,25.0,0.0,2.2232144,79.0,51.0,69.817856,0.0,0.0,0.0
1309,2015-12-07 17:30:00,2015-12-08 01:30:00,8.0,7063,9885,12,19,49843.75,Los Angeles,20.0,0.0,4.689394,28.0,0.0,1.4602273,82.4,41.0,70.61364,0.0,0.0,0.0
1311,2015-12-08 23:15:00,2015-12-08 23:30:00,0.25,4362,4362,1,1,1090.5,Los Angeles,13.0,0.0,4.59375,0.0,0.0,0.0,85.0,61.0,74.48125,0.0,0.0,0.0
1313,2015-12-09 04:30:00,2015-12-09 04:45:00,0.25,4748,4748,1,1,1187.0,Los Angeles,13.0,0.0,2.375,0.0,0.0,0.0,73.0,45.0,61.5375,0.0,0.0,0.0
1315,2015-12-09 06:30:00,2015-12-09 13:00:00,6.5,4416,4666,5,13,27200.75,Los Angeles,16.0,0.0,2.0277777,0.0,0.0,0.0,72.0,32.0,57.290276,0.0,0.0,0.0
1317,2015-12-10 06:15:00,2015-12-10 07:15:00,1.0,4685,4686,2,3,4170.0,Los Angeles,7.0,0.0,1.9125,0.0,0.0,0.0,66.2,54.0,58.777504,0.0,0.0,0.0
1319,2015-12-10 19:45:00,2015-12-10 20:15:00,0.5,6523,6523,1,1,3261.5,Los Angeles,16.0,0.0,6.8125,0.0,0.0,0.0,68.0,57.2,63.995834,0.0,0.0,0.0
1321,2015-12-11 23:15:00,2015-12-12 00:15:00,1.0,4478,4478,2,3,4421.5,Los Angeles,29.0,3.0,14.7125,40.0,0.0,17.675,64.0,36.0,56.234997,0.00049999997,1e-04,6.2499994e-06
1323,2015-12-12 05:15:00,2015-12-12 09:30:00,4.25,9649,9710,6,8,28296.5,Los Angeles,34.0,0.0,11.236111,48.0,0.0,12.399305,59.0,35.0,52.599304,0.00029999999,1e-04,1.0416666e-06
1325,2015-12-14 02:30:00,2015-12-14 03:15:00,0.75,21119,21119,3,1,10668.25,Los Angeles,31.0,0.0,12.125,40.0,0.0,12.28125,64.4,37.0,53.634377,2.7202,0.15,0.042503126
1327,2015-12-14 04:45:00,2015-12-14 05:00:00,0.25,5377,5377,1,1,1344.25,Los Angeles,28.0,0.0,14.125,39.0,0.0,15.75,64.4,34.0,52.74375,0.060599998,0.01,0.0018937499
1329,2015-12-14 05:15:00,2015-12-14 08:30:00,3.25,12320,14956,4,5,27061.75,Los Angeles,30.0,0.0,11.857142,39.0,0.0,11.241072,64.4,32.0,50.933926,0.070599996,0.01,0.00031517856
1331,2015-12-14 09:45:00,2015-12-14 10:15:00,0.5,5867,5867,1,1,2933.5,Los Angeles,22.0,3.0,10.75,33.0,0.0,9.458333,53.6,31.0,46.7625,0.0,0.0,0.0
1333,2015-12-14 10:45:00,2015-12-14 11:15:00,0.5,3985,3985,1,1,1992.5,Los Angeles,19.0,3.0,10.270833,31.0,0.0,7.7916665,53.6,30.0,45.662495,0.00029999999,1e-04,6.25e-06
1335,2015-12-14 12:30:00,2015-12-15 00:15:00,11.75,7143,13106,21,22,66480.0,Los Angeles,35.0,0.0,13.2786455,45.0,0.0,14.691406,62.0,29.0,49.7375,0.21169999,0.02,0.00027565102
1337,2015-12-15 01:00:00,2015-12-15 01:45:00,0.75,3936,3936,2,1,2900.0,Los Angeles,24.0,0.0,12.25,30.0,0.0,14.0,56.0,30.0,49.043747,0.0,0.0,0.0
1339,2015-12-15 04:15:00,2015-12-15 04:30:00,0.25,4186,4186,1,1,1046.5,Los Angeles,26.0,0.0,13.78125,35.0,0.0,16.53125,56.0,30.0,47.18125,0.0,0.0,0.0
1341,2015-12-15 17:15:00,2015-12-16 11:00:00,17.75,9045,14690,21,23,125461.75,Los Angeles,16.0,0.0,5.1623263,25.0,0.0,1.0980903,62.6,23.0,49.602776,0.0,0.0,0.0
1343,2015-12-17 16:45:00,2015-12-17 17:00:00,0.25,3857,3857,1,1,964.25,Los Angeles,7.0,0.0,2.8125,0.0,0.0,0.0,59.0,31.0,48.9625,0.0,0.0,0.0
1345,2015-12-17 17:45:00,2015-12-17 18:15:00,0.5,5234,5234,2,1,2522.25,Los Angeles,8.0,0.0,2.4375,0.0,0.0,0.0,60.0,37.0,52.962498,0.0,0.0,0.0
1347,2015-12-17 18:45:00,2015-12-17 19:00:00,0.25,3839,3839,1,1,959.75,Los Angeles,10.0,0.0,2.5,0.0,0.0,0.0,62.0,41.0,56.024998,0.0,0.0,0.0
1349,2015-12-17 19:15:00,2015-12-17 20:00:00,0.75,4469,4469,3,1,3346.75,Los Angeles,10.0,0.0,2.140625,0.0,0.0,0.0,66.2,41.0,57.384377,0.0,0.0,0.0
1351,2015-12-17 21:15:00,2015-12-17 22:00:00,0.75,4303,4303,1,2,3026.75,Los Angeles,10.0,0.0,2.78125,0.0,0.0,0.0,66.2,47.0,60.2625,0.0,0.0,0.0
1353,2015-12-20 07:30:00,2015-12-20 07:45:00,0.25,3940,3940,1,1,985.0,Los Angeles,22.0,0.0,6.75,27.0,0.0,4.6875,57.2,34.0,49.462498,0.0101,0.01,0.000315625
1356,2015-12-22 14:30:00,2015-12-22 15:00:00,0.5,4302,4302,2,1,2135.5,Los Angeles,29.0,0.0,12.541667,42.0,0.0,14.041667,62.6,50.0,55.645832,0.4706,0.07,0.009804167
1358,2015-12-22 19:30:00,2015-12-22 20:15:00,0.75,3914,3914,2,2,2919.0,Los Angeles,43.0,0.0,13.140625,50.0,0.0,15.078125,64.4,52.0,59.034374,0.0619,0.02,0.0009671875
1360,2015-12-22 21:15:00,2015-12-22 21:30:00,0.25,4869,4869,1,1,1217.25,Los Angeles,38.0,0.0,15.25,45.0,0.0,16.25,64.4,50.0,59.15625,0.060999997,0.02,0.0019062499
1365,2015-12-25 18:45:00,2015-12-25 20:00:00,1.25,4384,4384,2,3,5331.25,Los Angeles,19.0,0.0,11.239583,26.0,0.0,9.708333,59.0,30.0,51.677082,0.0,0.0,0.0
1367,2015-12-26 16:45:00,2015-12-26 18:30:00,1.75,5039,5039,3,3,8602.25,Los Angeles,26.0,0.0,10.09375,33.0,0.0,9.2265625,60.0,30.0,50.204685,0.0,0.0,0.0
1370,2015-12-28 21:15:00,2015-12-28 21:45:00,0.5,4767,4767,2,1,2380.5,Los Angeles,23.0,0.0,7.7291665,24.0,0.0,1.0,59.0,33.0,52.587505,0.010799999,0.01,0.00022499998
1375,2016-01-04 17:00:00,2016-01-04 17:30:00,0.5,4037,4037,2,1,2014.25,Los Angeles,15.0,0.0,5.2083335,0.0,0.0,0.0,66.0,42.0,55.879166,0.15100001,0.04,0.0031458335
1377,2016-01-04 17:45:00,2016-01-04 18:15:00,0.5,5001,5001,1,2,2497.75,Los Angeles,12.0,0.0,4.625,0.0,0.0,0.0,66.0,44.0,58.058334,0.00049999997,1e-04,1.0416666e-05
1379,2016-01-04 20:00:00,2016-01-04 20:30:00,0.5,3829,3829,2,1,1914.25,Los Angeles,12.0,0.0,4.8541665,0.0,0.0,0.0,69.8,46.0,61.94167,0.0,0.0,0.0
1381,2016-01-05 18:45:00,2016-01-05 20:45:00,2.0,6786,6789,5,4,10761.75,Los Angeles,30.0,0.0,9.438889,44.0,0.0,8.3125,60.8,42.0,54.106945,13.720299,0.59,0.09527985
1383,2016-01-05 21:30:00,2016-01-05 21:45:00,0.25,6006,6006,1,1,1501.5,Los Angeles,24.0,0.0,8.53125,31.0,0.0,5.875,60.8,43.0,53.6,2.5103,0.48,0.07844687
1385,2016-01-05 22:00:00,2016-01-05 22:15:00,0.25,4205,4205,1,1,1051.25,Los Angeles,24.0,0.0,8.53125,31.0,0.0,7.1875,60.0,43.0,53.83125,1.5005,0.27,0.046890624
1387,2016-01-05 22:30:00,2016-01-05 22:45:00,0.25,6145,6145,1,1,1536.25,Los Angeles,20.0,0.0,7.96875,27.0,0.0,4.6875,60.8,44.0,54.5125,0.6703,0.1,0.020946875
1389,2016-01-06 01:00:00,2016-01-06 01:15:00,0.25,4011,4011,1,1,1002.75,Los Angeles,22.0,0.0,9.5625,31.0,0.0,8.0625,59.0,40.0,53.5375,0.030499998,0.01,0.00095312495
1391,2016-01-06 04:15:00,2016-01-06 05:00:00,0.75,5659,5700,2,2,4053.5,Los Angeles,21.0,0.0,7.46875,28.0,0.0,3.875,58.0,38.0,51.362503,0.0008,1e-04,1.25e-05
1393,2016-01-06 20:30:00,2016-01-07 00:00:00,3.5,12131,15892,8,7,26667.5,Los Angeles,27.0,0.0,9.233334,35.0,0.0,6.6458335,59.0,33.8,50.710835,13.043499,0.41,0.054347914
1395,2016-01-08 10:15:00,2016-01-08 10:45:00,0.5,4694,4694,1,2,2334.5,Los Angeles,16.0,0.0,5.25,29.0,0.0,3.6666667,53.6,34.0,45.833332,0.00029999999,1e-04,6.25e-06
1397,2016-01-09 01:15:00,2016-01-09 02:15:00,1.0,7324,7350,3,2,6739.0,Los Angeles,17.0,0.0,5.3,20.0,0.0,0.25,59.0,35.0,52.2,0.0,0.0,0.0
1399,2016-01-09 23:15:00,2016-01-09 23:30:00,0.25,4228,4228,1,1,1057.0,Los Angeles,18.0,0.0,6.625,0.0,0.0,0.0,60.0,40.0,55.3125,0.0002,1e-04,6.25e-06
1401,2016-01-09 23:45:00,2016-01-10 00:45:00,1.0,4828,4828,2,3,4610.75,Los Angeles,17.0,0.0,6.8125,23.0,0.0,1.35,59.0,39.0,54.305,0.0025,1e-04,3.1249998e-05
1403,2016-01-10 12:00:00,2016-01-10 14:00:00,2.0,3899,3899,1,2,7728.25,Los Angeles,14.0,0.0,3.3958333,16.0,0.0,0.44444445,53.6,38.0,48.931946,0.0319,0.01,0.00022152778
1405,2016-01-11 18:00:00,2016-01-11 18:45:00,0.75,4550,4601,2,2,3344.25,Los Angeles,12.0,0.0,3.34375,0.0,0.0,0.0,65.0,42.0,56.396877,0.0,0.0,0.0
1407,2016-01-11 20:15:00,2016-01-11 20:30:00,0.25,7272,7272,1,1,1818.0,Los Angeles,13.0,0.0,4.84375,19.0,0.0,1.6875,71.6,44.0,59.15,0.0,0.0,0.0
1409,2016-01-11 20:45:00,2016-01-11 22:15:00,1.5,5841,6023,4,3,7515.5,Los Angeles,17.0,0.0,6.651786,23.0,0.0,2.419643,65.0,44.0,59.591072,0.0,0.0,0.0
1411,2016-01-12 17:45:00,2016-01-12 18:00:00,0.25,4613,4613,1,1,1153.25,Los Angeles,15.0,0.0,4.375,22.0,0.0,1.375,61.0,39.0,54.825,0.0,0.0,0.0
1413,2016-01-13 03:30:00,2016-01-13 05:00:00,1.5,5848,6462,3,4,7952.25,Los Angeles,10.0,0.0,3.1964285,0.0,0.0,0.0,62.6,34.0,51.07143,0.0,0.0,0.0
1415,2016-01-14 19:15:00,2016-01-14 19:30:00,0.25,4398,4398,1,1,1099.5,Los Angeles,20.0,0.0,4.59375,23.0,0.0,0.71875,64.4,47.0,57.25625,0.0,0.0,0.0
1417,2016-01-16 19:30:00,2016-01-16 19:45:00,0.25,4773,4773,1,1,1193.25,Los Angeles,16.0,0.0,6.09375,19.0,0.0,1.1875,64.4,55.0,60.4375,0.0002,1e-04,6.25e-06
1419,2016-01-16 22:00:00,2016-01-16 22:30:00,0.5,4229,4229,2,1,2114.25,Los Angeles,23.0,0.0,7.9375,19.0,0.0,0.7916667,68.0,54.0,62.125,0.00029999999,1e-04,6.25e-06
1421,2016-01-19 16:30:00,2016-01-19 23:30:00,7.0,8757,10970,14,13,54894.5,Los Angeles,21.0,0.0,5.625948,28.0,0.0,1.0538793,66.0,39.0,57.845688,0.81340003,0.12,0.0017530173
1423,2016-01-20 18:30:00,2016-01-20 19:15:00,0.75,3898,3902,2,2,2917.0,Los Angeles,12.0,0.0,3.875,0.0,0.0,0.0,78.0,50.0,62.403122,0.0,0.0,0.0
1425,2016-01-20 19:30:00,2016-01-20 20:00:00,0.5,4001,4001,1,2,1977.25,Los Angeles,10.0,0.0,4.7708335,0.0,0.0,0.0,83.0,55.0,63.7,0.0002,1e-04,4.1666667e-06
1427,2016-01-21 17:45:00,2016-01-21 18:45:00,1.0,4676,4676,4,1,4303.5,Los Angeles,21.0,0.0,5.6125,29.0,0.0,1.7625,73.0,46.0,61.672497,0.0,0.0,0.0
1429,2016-01-21 19:15:00,2016-01-21 22:45:00,3.5,5221,5365,4,11,14781.5,Los Angeles,21.0,0.0,6.2541666,27.0,0.0,1.2041667,77.0,49.0,68.434166,0.0,0.0,0.0
1433,2016-01-23 19:15:00,2016-01-23 23:00:00,3.75,4793,4846,4,3,17872.75,Los Angeles,22.0,0.0,6.0820312,26.0,0.0,0.8359375,66.2,41.0,59.37422,0.0225,0.01,8.789063e-05
1435,2016-01-24 17:00:00,2016-01-24 17:15:00,0.25,4304,4304,1,1,1076.0,Los Angeles,27.0,0.0,7.635,31.0,0.0,3.125,57.2,38.0,52.86875,0.0002,1e-04,6.25e-06
1437,2016-01-26 18:30:00,2016-01-26 18:45:00,0.25,5038,5038,1,1,1259.5,Los Angeles,21.0,0.0,6.6875,26.0,0.0,2.21875,71.6,47.0,63.56875,1e-04,1e-04,3.125e-06
1439,2016-01-26 19:30:00,2016-01-26 20:00:00,0.5,3831,3831,1,1,1915.5,Los Angeles,18.0,0.0,6.8125,27.0,0.0,1.6875,73.4,49.0,65.862495,1e-04,1e-04,2.0833334e-06
1441,2016-01-26 22:00:00,2016-01-26 23:30:00,1.5,4683,4683,3,2,6349.0,Los Angeles,15.0,3.0,7.910714,21.0,0.0,1.0357143,74.0,50.0,66.59643,0.0,0.0,0.0
1444,2016-01-29 12:45:00,2016-01-29 13:15:00,0.5,4019,4019,1,1,2009.5,Los Angeles,21.0,0.0,4.2708335,26.0,0.0,2.875,60.8,48.2,52.766666,0.0,0.0,0.0
1446,2016-01-29 13:45:00,2016-01-29 14:00:00,0.25,4580,4580,1,1,1145.0,Los Angeles,24.0,0.0,6.0625,29.0,0.0,3.5,60.0,48.2,52.6875,0.0,0.0,0.0
1448,2016-01-30 23:15:00,2016-01-31 00:15:00,1.0,4253,4253,2,2,4142.0,Los Angeles,19.0,0.0,8.4,24.0,0.0,0.825,66.0,48.0,60.7725,0.0,0.0,0.0
1450,2016-01-31 21:15:00,2016-02-01 09:15:00,12.0,37210,58041,23,25,324515.5,Los Angeles,38.0,0.0,17.674746,55.0,0.0,23.640306,60.8,29.0,48.725258,3.4347,0.28,0.004380995
1453,2016-02-02 22:00:00,2016-02-02 22:45:00,0.75,5241,5241,2,1,3256.25,Los Angeles,21.0,0.0,9.0,28.0,0.0,2.953125,61.0,37.0,55.409374,0.0,0.0,0.0
1455,2016-02-06 16:45:00,2016-02-06 17:00:00,0.25,4231,4231,1,1,1057.75,Los Angeles,17.0,0.0,5.0,24.0,0.0,1.5,66.0,41.0,58.6,0.0,0.0,0.0
1457,2016-02-08 16:30:00,2016-02-08 16:45:00,0.25,4938,4938,1,1,1234.5,Los Angeles,30.0,0.0,6.46875,41.0,0.0,3.75,76.0,42.0,65.174995,0.0,0.0,0.0
1459,2016-02-11 22:30:00,2016-02-12 03:00:00,4.5,4855,4872,2,12,19465.5,Los Angeles,11.0,0.0,4.3157897,0.0,0.0,0.0,87.0,51.0,72.92698,0.0,0.0,0.0
1461,2016-02-13 05:45:00,2016-02-13 06:00:00,0.25,4687,4687,1,1,1171.75,Los Angeles,12.0,0.0,3.125,0.0,0.0,0.0,75.2,45.0,60.2,0.0,0.0,0.0
1463,2016-02-13 10:30:00,2016-02-13 11:00:00,0.5,4742,4742,1,1,2371.0,Los Angeles,12.0,0.0,2.3333333,0.0,0.0,0.0,67.0,33.0,53.17917,0.0,0.0,0.0
1465,2016-02-14 06:30:00,2016-02-14 07:00:00,0.5,3928,3928,1,1,1964.0,Los Angeles,23.0,0.0,4.2083335,28.0,0.0,1.75,73.4,47.0,58.05,0.0,0.0,0.0
1468,2016-02-15 19:15:00,2016-02-15 19:30:00,0.25,4063,4063,1,1,1015.75,Los Angeles,20.0,0.0,6.09375,29.0,0.0,3.75,89.6,64.0,78.575,0.0,0.0,0.0
1470,2016-02-16 00:45:00,2016-02-16 11:00:00,10.25,9251,12228,15,17,69759.0,Los Angeles,21.0,0.0,5.1011906,27.0,0.0,0.76636904,87.8,40.0,67.36786,0.0,0.0,0.0
1472,2016-02-17 18:00:00,2016-02-18 00:45:00,6.75,8753,9385,9,16,36866.25,Los Angeles,33.0,0.0,8.142858,44.0,0.0,3.997768,77.0,44.0,65.285484,1.3987,0.09,0.0031220983
1474,2016-02-18 02:00:00,2016-02-18 03:45:00,1.75,7188,7309,4,4,9062.5,Los Angeles,20.0,0.0,6.125,31.0,0.0,2.1875,61.0,42.0,55.53594,6.062,0.13,0.047359373
1476,2016-02-18 05:45:00,2016-02-18 06:00:00,0.25,4056,4056,1,1,1014.0,Los Angeles,34.0,4.0,9.65625,43.0,0.0,4.75,58.0,43.0,54.11875,0.62039995,0.08,0.019387498
1480,2016-02-19 23:00:00,2016-02-20 00:15:00,1.25,4823,4829,2,4,5955.5,Los Angeles,16.0,0.0,8.083333,0.0,0.0,0.0,69.8,52.0,63.410416,0.0,0.0,0.0
1482,2016-02-21 16:45:00,2016-02-21 23:30:00,6.75,6409,6754,12,8,40889.75,Los Angeles,21.0,0.0,5.444196,26.0,0.0,0.78125,79.0,54.0,66.171875,0.0,0.0,0.0
1484,2016-02-22 18:00:00,2016-02-22 23:15:00,5.25,7060,11003,8,10,25029.25,Los Angeles,23.0,0.0,8.332386,32.0,0.0,3.7613637,84.0,56.0,71.97841,0.0,0.0,0.0
1486,2016-02-23 18:45:00,2016-02-23 19:30:00,0.75,5242,5286,2,2,3858.5,Los Angeles,15.0,0.0,5.015625,22.0,0.0,1.5625,82.0,56.0,73.203125,0.0,0.0,0.0
1488,2016-02-24 04:30:00,2016-02-24 04:45:00,0.25,5681,5681,1,1,1420.25,Los Angeles,24.0,0.0,5.5,30.0,0.0,1.875,75.2,46.0,64.5125,0.0,0.0,0.0
1490,2016-02-24 08:15:00,2016-02-24 08:30:00,0.25,5407,5407,1,1,1351.75,Los Angeles,20.0,0.0,6.0,28.0,0.0,0.875,79.0,36.0,61.5,0.0,0.0,0.0
1493,2016-02-25 16:15:00,2016-02-25 16:30:00,0.25,4183,4183,1,1,1045.75,Los Angeles,18.0,0.0,2.59375,23.0,0.0,0.71875,72.0,38.0,59.7875,0.0,0.0,0.0
1497,2016-02-27 15:00:00,2016-02-27 15:15:00,0.25,4529,4529,1,1,1132.25,Los Angeles,18.0,0.0,5.0625,0.0,0.0,0.0,62.0,47.0,54.44375,0.0,0.0,0.0
1499,2016-02-28 12:00:00,2016-02-28 12:30:00,0.5,6500,6500,1,1,3250.0,Los Angeles,19.0,0.0,4.4583335,25.0,0.0,1.9166666,66.0,48.0,56.058334,0.0,0.0,0.0
1501,2016-02-28 19:00:00,2016-02-28 19:15:00,0.25,4653,4653,1,1,1163.25,Los Angeles,18.0,0.0,4.5625,0.0,0.0,0.0,74.0,57.2,66.8625,0.0,0.0,0.0
1503,2016-02-28 19:45:00,2016-02-28 20:15:00,0.5,4737,4737,1,2,2349.5,Los Angeles,15.0,0.0,5.75,0.0,0.0,0.0,77.0,57.2,69.450005,0.0,0.0,0.0
1506,2016-02-29 18:00:00,2016-02-29 18:15:00,0.25,3812,3812,1,1,953.0,Los Angeles,11.0,0.0,3.90625,15.0,0.0,0.9375,73.0,59.0,65.53125,0.0,0.0,0.0
1508,2016-03-01 01:15:00,2016-03-01 01:45:00,0.5,4286,4286,1,1,2143.0,Los Angeles,20.0,0.0,7.6666665,21.0,0.0,1.1875,77.0,57.0,67.29583,0.0,0.0,0.0
1510,2016-03-01 17:45:00,2016-03-01 18:45:00,1.0,4762,4762,2,3,4569.5,Los Angeles,7.0,0.0,1.9125,0.0,0.0,0.0,76.0,59.0,67.1175,0.0,0.0,0.0
1512,2016-03-01 20:00:00,2016-03-01 21:00:00,1.0,5224,5224,1,3,5099.5,Los Angeles,10.0,0.0,4.925,0.0,0.0,0.0,81.0,61.0,72.8925,0.0,0.0,0.0
1514,2016-03-01 22:30:00,2016-03-01 23:15:00,0.75,6113,6113,2,2,4049.25,Los Angeles,19.0,0.0,7.890625,26.0,0.0,1.625,84.0,59.0,72.30312,0.0,0.0,0.0
1516,2016-03-02 15:00:00,2016-03-02 15:30:00,0.5,4601,4601,1,1,2300.5,Los Angeles,19.0,0.0,3.0625,0.0,0.0,0.0,63.0,44.0,54.57083,0.0,0.0,0.0
1518,2016-03-02 18:30:00,2016-03-02 19:15:00,0.75,3933,3933,2,2,2935.25,Los Angeles,13.0,0.0,4.34375,0.0,0.0,0.0,79.0,59.0,67.9125,0.0,0.0,0.0
1520,2016-03-03 18:15:00,2016-03-03 22:45:00,4.5,4301,4485,5,9,17898.5,Los Angeles,22.0,0.0,6.5986843,27.0,0.0,0.52960527,78.0,60.0,68.82895,0.0,0.0,0.0
1522,2016-03-05 17:00:00,2016-03-05 18:30:00,1.5,5426,5426,2,4,7980.75,Los Angeles,20.0,0.0,5.803571,24.0,0.0,1.6339285,65.0,48.0,59.4625,0.0,0.0,0.0
1525,2016-03-06 17:45:00,2016-03-06 19:30:00,1.75,5061,5824,4,4,7764.25,Los Angeles,32.0,0.0,13.296875,41.0,0.0,12.71875,66.2,46.0,59.043747,0.08039999,0.01,0.0006281249
1527,2016-03-07 15:30:00,2016-03-07 16:45:00,1.25,5104,5104,5,1,5499.5,Los Angeles,22.0,0.0,7.7083335,32.0,0.0,4.3854165,56.0,34.0,47.758335,4.3209,0.27,0.045009375
1529,2016-03-07 17:15:00,2016-03-07 17:30:00,0.25,4553,4553,1,1,1138.25,Los Angeles,27.0,0.0,9.40625,40.0,0.0,2.96875,56.0,35.0,49.4375,0.2404,0.08,0.0075125
1531,2016-03-07 18:45:00,2016-03-07 19:15:00,0.5,4413,4413,1,1,2206.5,Los Angeles,27.0,3.0,13.416667,38.0,0.0,12.8125,59.0,38.0,53.129166,0.031,0.03,0.0006458333
1533,2016-03-07 19:45:00,2016-03-07 20:00:00,0.25,3801,3801,1,1,950.25,Los Angeles,29.0,5.0,13.375,36.0,0.0,13.0625,60.0,40.0,54.28125,0.060399998,0.03,0.0018874999
1535,2016-03-08 17:30:00,2016-03-08 17:45:00,0.25,4453,4453,1,1,1113.25,Los Angeles,20.0,0.0,7.09375,25.0,0.0,4.1875,66.0,41.0,56.75,0.0,0.0,0.0
1537,2016-03-10 19:00:00,2016-03-10 19:30:00,0.5,4864,4864,1,1,2432.0,Los Angeles,11.0,0.0,3.8541667,0.0,0.0,0.0,78.0,64.0,70.82083,0.0,0.0,0.0
1539,2016-03-10 19:45:00,2016-03-10 20:30:00,0.75,5513,5513,1,2,3761.25,Los Angeles,17.49,0.0,6.117031,0.0,0.0,0.0,78.0,65.0,72.08437,0.0,0.0,0.0
1542,2016-03-11 23:45:00,2016-03-12 00:00:00,0.25,4235,4235,1,1,1058.75,Los Angeles,24.0,0.0,10.125,31.0,0.0,7.1875,60.0,43.0,52.875,1.8102,0.17,0.05656875
1545,2016-03-13 03:45:00,2016-03-13 05:00:00,1.25,6933,6933,4,2,7051.5,Los Angeles,24.0,0.0,7.0104165,26.0,0.0,2.5833333,60.0,41.0,54.760418,0.00059999997,1e-04,6.25e-06
1547,2016-03-14 17:15:00,2016-03-14 18:00:00,0.75,3881,3881,2,1,2898.25,Los Angeles,26.0,0.0,7.171875,33.0,0.0,4.421875,64.4,48.0,59.996876,0.020899998,0.01,0.00032656247
1549,2016-03-16 06:45:00,2016-03-16 08:30:00,1.75,9499,10754,4,3,14521.25,Los Angeles,15.0,0.0,4.765625,23.0,0.0,0.5390625,80.6,47.0,59.439064,0.0,0.0,0.0
1552,2016-03-18 19:30:00,2016-03-18 20:45:00,1.25,7130,7130,3,3,8765.0,Los Angeles,10.0,0.0,5.9270835,0.0,0.0,0.0,78.0,60.0,69.520836,0.0,0.0,0.0
1554,2016-03-21 19:30:00,2016-03-22 00:15:00,4.75,43266,44724,7,10,119503.25,Los Angeles,27.0,0.0,9.646875,33.0,0.0,2.53125,71.6,52.0,65.23937,0.0,0.0,0.0
1556,2016-03-22 23:30:00,2016-03-23 00:15:00,0.75,4697,4697,3,1,3402.75,Los Angeles,27.0,7.0,15.84375,34.0,0.0,19.1875,71.6,48.0,63.856247,0.0,0.0,0.0
1558,2016-03-23 01:00:00,2016-03-23 03:30:00,2.5,9165,9558,7,4,18052.5,Los Angeles,32.0,0.0,14.051136,46.0,0.0,16.505682,71.6,42.0,60.25682,0.0002,1e-04,1.1363636e-06
1560,2016-03-23 16:15:00,2016-03-23 20:15:00,4.0,10473,11188,9,5,31718.25,Los Angeles,21.0,0.0,7.5588236,30.0,0.0,6.397059,77.0,45.0,65.80662,0.0,0.0,0.0
1562,2016-03-23 21:30:00,2016-03-23 22:00:00,0.5,3923,3923,1,2,1959.75,Los Angeles,15.0,0.0,8.791667,22.0,0.0,3.6875,80.0,61.0,71.30417,0.0,0.0,0.0
1564,2016-03-25 21:45:00,2016-03-25 22:15:00,0.5,4340,4340,1,1,2170.0,Los Angeles,26.0,4.0,8.729167,15.0,0.0,0.9375,81.0,61.0,72.94583,0.0,0.0,0.0
1566,2016-03-26 03:30:00,2016-03-26 04:15:00,0.75,5917,5917,1,3,4143.0,Los Angeles,22.0,0.0,7.828125,30.0,0.0,5.171875,75.2,51.0,64.21875,0.0,0.0,0.0
1569,2016-03-29 04:00:00,2016-03-29 05:00:00,1.0,7271,7271,2,3,5378.5,Los Angeles,31.0,0.0,10.4625,40.0,0.0,8.1,57.2,36.0,52.2,0.00049999997,1e-04,6.2499994e-06
1571,2016-03-30 05:30:00,2016-03-30 06:30:00,1.0,3813,3813,2,1,3812.5,Los Angeles,21.0,0.0,7.8375,26.0,0.0,2.9375,58.0,37.0,51.325,0.0,0.0,0.0
1573,2016-03-31 05:00:00,2016-03-31 10:00:00,5.0,4118,4141,6,4,19829.75,Los Angeles,13.0,0.0,3.6279762,0.0,0.0,0.0,62.6,41.0,51.449406,0.0,0.0,0.0
1575,2016-03-31 16:45:00,2016-03-31 20:15:00,3.5,5619,5695,7,3,17989.5,Los Angeles,14.0,0.0,4.8333335,20.0,0.0,1.4916667,73.0,50.0,63.59333,0.0,0.0,0.0
1577,2016-04-01 19:30:00,2016-04-01 20:00:00,0.5,4442,4442,2,1,2214.5,Los Angeles,13.0,0.0,6.875,25.0,0.0,2.2291667,74.0,61.0,67.9,0.0,0.0,0.0
1579,2016-04-02 16:15:00,2016-04-02 16:30:00,0.25,3808,3808,1,1,952.0,Los Angeles,6.0,0.0,1.65625,0.0,0.0,0.0,68.0,58.0,62.425003,0.0,0.0,0.0
1581,2016-04-02 21:30:00,2016-04-02 22:00:00,0.5,5608,5608,1,2,2803.75,Los Angeles,13.0,0.0,7.3958335,20.0,0.0,1.25,82.0,65.0,74.3,0.0,0.0,0.0
1583,2016-04-03 15:30:00,2016-04-03 17:15:00,1.75,14044,14044,2,6,13273.25,Los Angeles,7.0,0.0,2.15625,0.0,0.0,0.0,71.6,53.0,63.589058,0.0,0.0,0.0
1585,2016-04-04 16:30:00,2016-04-04 17:15:00,0.75,4487,4487,3,1,3263.25,Los Angeles,11.0,0.0,3.890625,19.0,0.0,1.1875,72.0,60.0,66.54062,0.0,0.0,0.0
1587,2016-04-04 22:45:00,2016-04-04 23:00:00,0.25,5071,5071,1,1,1267.75,Los Angeles,23.0,3.0,9.8125,32.0,0.0,2.9375,83.0,64.0,75.425,0.0,0.0,0.0
1589,2016-04-05 15:45:00,2016-04-05 22:00:00,6.25,7842,8289,12,12,36659.75,Los Angeles,17.0,0.0,4.78125,27.0,0.0,1.2788461,90.0,57.2,73.92163,0.0,0.0,0.0
1591,2016-04-06 23:30:00,2016-04-06 23:45:00,0.25,3830,3830,1,1,957.5,Los Angeles,16.0,5.0,10.59375,23.0,0.0,4.5,91.4,59.0,73.48125,0.0,0.0,0.0
1593,2016-04-07 23:30:00,2016-04-08 00:45:00,1.25,5351,6335,2,4,6277.25,Los Angeles,12.0,0.0,5.5104165,0.0,0.0,0.0,67.0,52.0,62.16458,0.60459995,0.07,0.006297916
1595,2016-04-11 18:00:00,2016-04-11 18:30:00,0.5,6297,6297,1,2,2814.0,Los Angeles,9.0,0.0,3.8541667,0.0,0.0,0.0,71.6,51.0,64.308334,0.0,0.0,0.0
1597,2016-04-13 08:45:00,2016-04-13 09:30:00,0.75,6048,6048,2,1,4329.5,Los Angeles,13.0,0.0,3.71875,0.0,0.0,0.0,66.2,51.0,56.990623,0.0,0.0,0.0
1599,2016-04-13 16:30:00,2016-04-13 17:00:00,0.5,7115,7115,2,1,3420.75,Los Angeles,17.0,0.0,4.8541665,0.0,0.0,0.0,68.0,53.0,61.454166,0.0,0.0,0.0
1601,2016-04-14 19:30:00,2016-04-14 19:45:00,0.25,4576,4576,1,1,1144.0,Los Angeles,32.0,0.0,12.21875,41.0,0.0,8.03125,72.0,50.0,65.575,0.0,0.0,0.0
1603,2016-04-15 09:45:00,2016-04-15 10:00:00,0.25,4805,4805,1,1,1201.25,Los Angeles,26.0,0.0,13.5,40.0,0.0,18.125,64.4,40.0,55.85,0.0,0.0,0.0
1605,2016-04-15 14:45:00,2016-04-15 21:00:00,6.25,15055,17446,12,10,57179.0,Los Angeles,33.0,0.0,12.333557,45.0,0.0,14.137019,79.0,36.0,63.196636,0.080299996,0.01,0.00019302884
1607,2016-04-16 15:30:00,2016-04-16 16:30:00,1.0,4488,4488,3,2,4158.0,Los Angeles,21.0,0.0,6.35,30.0,0.0,6.0875,78.8,47.0,67.53,0.0,0.0,0.0
1609,2016-04-16 17:00:00,2016-04-16 18:15:00,1.25,4446,4459,3,3,5438.0,Los Angeles,21.0,0.0,8.041667,30.0,0.0,7.4479165,80.6,57.0,71.989586,0.0,0.0,0.0
1611,2016-04-16 22:15:00,2016-04-16 22:45:00,0.5,4570,4570,1,2,2135.0,Los Angeles,19.0,3.0,11.231041,29.0,0.0,9.862916,87.0,64.0,78.2125,0.0,0.0,0.0
1613,2016-04-17 01:15:00,2016-04-17 13:45:00,12.5,12834,24194,14,22,101152.0,Los Angeles,23.0,0.0,5.122549,27.0,0.0,1.120098,84.2,42.0,63.892647,0.0,0.0,0.0
1615,2016-04-19 04:45:00,2016-04-19 05:15:00,0.5,4007,4007,1,1,2003.5,Los Angeles,13.0,0.0,4.6875,0.0,0.0,0.0,82.4,64.0,71.0,0.0,0.0,0.0
1618,2016-04-20 18:45:00,2016-04-20 19:15:00,0.5,5276,5276,1,2,2574.25,Los Angeles,16.0,0.0,7.0,25.0,0.0,1.5625,85.0,72.0,80.275,0.0,0.0,0.0
1620,2016-04-20 20:15:00,2016-04-20 20:45:00,0.5,4487,4487,1,1,2243.5,Los Angeles,18.0,4.0,9.041667,25.0,0.0,4.9791665,87.8,73.0,81.37083,0.0,0.0,0.0
1622,2016-04-20 22:00:00,2016-04-20 23:00:00,1.0,5088,5088,1,4,4869.75,Los Angeles,20.0,5.0,11.0375,26.0,0.0,7.55,87.8,72.0,80.8925,0.0,0.0,0.0
1624,2016-04-21 03:30:00,2016-04-21 03:45:00,0.25,3810,3810,1,1,952.5,Los Angeles,14.0,0.0,6.59375,0.0,0.0,0.0,77.0,62.0,69.9875,0.0,0.0,0.0
1627,2016-04-25 03:30:00,2016-04-25 05:30:00,2.0,6613,8077,4,5,10509.25,Los Angeles,24.0,0.0,8.888889,30.0,0.0,1.0833334,66.2,49.0,59.415276,0.0,0.0,0.0
1629,2016-04-25 16:30:00,2016-04-25 17:45:00,1.25,6620,6620,3,3,6652.5,Los Angeles,29.0,0.0,10.760417,37.0,0.0,9.104167,68.0,43.0,59.631245,0.0,0.0,0.0
1631,2016-04-25 20:00:00,2016-04-25 20:45:00,0.75,5677,5683,2,2,3878.25,Los Angeles,34.0,3.0,17.083126,42.76,0.0,21.14875,69.0,50.0,63.021873,0.0,0.0,0.0
1633,2016-04-25 21:15:00,2016-04-25 21:45:00,0.5,4814,4814,2,1,2401.0,Los Angeles,34.0,8.0,18.458334,42.0,0.0,23.5,69.0,51.0,62.837498,0.0,0.0,0.0
1635,2016-04-25 22:30:00,2016-04-25 23:15:00,0.75,4428,4428,1,3,3223.5,Los Angeles,33.0,7.0,19.0625,43.0,0.0,25.359375,69.8,40.0,62.090622,0.0002,1e-04,3.125e-06
1637,2016-04-26 00:30:00,2016-04-26 04:15:00,3.75,14598,14888,6,8,35438.0,Los Angeles,35.0,0.0,15.394531,42.0,0.0,17.757812,68.0,38.0,57.584373,0.0016999999,1e-04,6.6406246e-06
1639,2016-04-26 10:45:00,2016-04-26 12:30:00,1.75,4895,4895,1,6,7743.0,Los Angeles,28.0,0.0,4.859375,35.0,0.0,0.984375,57.2,40.0,50.646873,0.0,0.0,0.0
1641,2016-04-26 16:45:00,2016-04-26 17:15:00,0.5,4573,4573,2,1,2276.75,Los Angeles,24.0,0.0,6.8125,30.0,0.0,1.875,66.2,50.0,60.287495,0.0,0.0,0.0
1643,2016-04-26 18:00:00,2016-04-26 19:00:00,1.0,4395,4598,2,3,4260.5,Los Angeles,16.0,0.0,6.3875,27.0,0.0,2.4625,68.0,51.0,63.0525,0.0,0.0,0.0
1645,2016-04-26 19:15:00,2016-04-26 19:45:00,0.5,4183,4183,1,2,2061.75,Los Angeles,16.0,0.0,7.625,27.0,0.0,2.7083333,70.0,54.0,65.129166,0.0,0.0,0.0
1648,2016-05-02 11:30:00,2016-05-02 12:00:00,0.5,3941,3941,1,1,1970.5,Los Angeles,10.0,0.0,2.3958333,0.0,0.0,0.0,60.8,51.0,56.295837,0.0,0.0,0.0
1650,2016-05-03 02:30:00,2016-05-03 02:45:00,0.25,9157,9157,1,1,2289.25,Los Angeles,13.0,0.0,7.9375,15.0,0.0,0.46875,77.0,57.0,66.175,0.0,0.0,0.0
1652,2016-05-03 03:00:00,2016-05-03 03:15:00,0.25,5503,5503,1,1,1375.75,Los Angeles,12.0,0.0,7.625,0.0,0.0,0.0,75.2,57.0,65.5875,0.0,0.0,0.0
1654,2016-05-03 07:45:00,2016-05-03 09:00:00,1.25,5255,5256,2,2,6170.75,Los Angeles,7.0,0.0,2.78125,0.0,0.0,0.0,75.2,55.0,60.21042,0.0,0.0,0.0
1656,2016-05-05 16:45:00,2016-05-05 17:00:00,0.25,4188,4188,1,1,1047.0,Los Angeles,19.0,0.0,6.875,22.0,0.0,1.96875,66.2,49.0,60.91875,0.0,0.0,0.0
1658,2016-05-05 17:15:00,2016-05-05 18:15:00,1.0,4515,4531,2,3,4136.75,Los Angeles,19.0,0.0,6.9375,24.0,0.0,1.925,66.2,49.0,62.294994,0.0,0.0,0.0
1660,2016-05-07 22:45:00,2016-05-07 23:30:00,0.75,10612,10612,2,2,7749.0,Los Angeles,22.0,3.0,10.015625,28.0,0.0,1.953125,69.8,51.0,64.1375,0.0,0.0,0.0
1662,2016-05-10 05:00:00,2016-05-10 05:15:00,0.25,5991,5991,1,1,1497.75,Los Angeles,15.0,3.0,6.15625,19.0,0.0,0.59375,66.2,52.0,59.725,0.0,0.0,0.0
1664,2016-05-10 06:45:00,2016-05-10 08:00:00,1.25,5873,5873,2,2,7324.25,Los Angeles,15.0,0.0,5.1666665,21.0,0.0,0.65625,66.2,52.0,58.979168,0.0002,1e-04,2.0833334e-06
1667,2016-05-15 19:00:00,2016-05-15 19:30:00,0.5,4041,4041,1,1,2020.5,Los Angeles,29.0,0.0,9.25,36.0,0.0,3.7291667,75.2,57.2,66.47083,0.0,0.0,0.0
1669,2016-05-15 22:30:00,2016-05-15 23:45:00,1.25,5976,5977,2,3,5598.5,Los Angeles,32.0,3.0,11.666667,37.0,0.0,4.0208335,75.2,56.0,66.987495,0.0,0.0,0.0
1671,2016-05-16 16:15:00,2016-05-16 16:30:00,0.25,4885,4885,1,1,1221.25,Los Angeles,21.0,0.0,5.59375,27.0,0.0,1.625,71.0,57.2,63.056248,0.0,0.0,0.0
1673,2016-05-16 17:30:00,2016-05-16 19:00:00,1.5,6663,6663,3,4,7674.5,Los Angeles,19.0,0.0,6.714286,26.0,0.0,1.7321428,80.0,57.0,65.94108,0.0,0.0,0.0
1675,2016-05-17 05:15:00,2016-05-17 11:00:00,5.75,8888,9995,8,11,44961.5,Los Angeles,25.0,0.0,5.9609375,34.0,0.0,1.3541666,69.0,52.0,61.318752,0.0,0.0,0.0
1677,2016-05-17 18:00:00,2016-05-17 20:00:00,2.0,8259,8449,5,3,13017.5,Los Angeles,20.0,0.0,8.291667,28.0,0.0,3.4305556,79.0,57.0,68.44028,0.98,0.98,0.006805556
1679,2016-05-17 20:30:00,2016-05-17 21:30:00,1.0,4699,4730,3,2,4547.5,Los Angeles,17.0,0.0,8.4375,26.0,0.0,3.8625,81.0,60.0,70.90501,0.0,0.0,0.0
1682,2016-05-19 18:15:00,2016-05-19 20:00:00,1.75,5983,5983,3,2,10450.75,Los Angeles,26.0,0.0,7.1640625,29.0,0.0,0.96875,86.0,55.0,67.45937,0.0002,1e-04,1.5625e-06
1685,2016-05-20 21:45:00,2016-05-20 22:00:00,0.25,5484,5484,1,1,1371.0,Los Angeles,29.0,3.0,12.4375,38.0,0.0,10.09375,68.0,57.0,64.7375,0.0,0.0,0.0
1687,2016-05-20 22:15:00,2016-05-20 23:00:00,0.75,5449,5449,1,2,4068.25,Los Angeles,30.0,3.0,12.635157,35.0,0.0,6.15625,68.0,54.0,64.149994,0.0,0.0,0.0
1689,2016-05-22 03:45:00,2016-05-22 06:15:00,2.5,5208,5253,7,2,10656.75,Los Angeles,18.0,0.0,8.482955,20.0,0.0,1.2784091,66.2,44.0,58.835228,0.0,0.0,0.0
1691,2016-05-22 13:15:00,2016-05-22 14:15:00,1.0,4100,4100,1,1,4100.0,Los Angeles,20.0,0.0,4.6375,26.0,0.0,1.2,62.6,42.0,53.9625,0.0,0.0,0.0
1693,2016-05-23 15:45:00,2016-05-23 16:30:00,0.75,4489,4489,1,1,3366.75,Los Angeles,17.0,0.0,7.203125,20.0,0.0,2.09375,66.0,51.0,61.153122,0.0,0.0,0.0
1695,2016-05-28 00:00:00,2016-05-28 02:00:00,2.0,7790,10067,5,4,12507.0,Los Angeles,21.0,3.0,10.298611,22.0,0.0,2.8958333,84.0,55.0,69.9111,0.0,0.0,0.0
1698,2016-05-30 14:30:00,2016-05-30 16:00:00,1.5,34641,39648,3,2,29671.5,Los Angeles,16.0,0.0,3.7410715,24.0,0.0,1.4642857,83.0,55.0,62.716072,0.0014,1e-04,1.25e-05
1700,2016-05-31 15:45:00,2016-05-31 16:00:00,0.25,5926,5926,1,1,1481.5,Los Angeles,8.0,0.0,3.4375,0.0,0.0,0.0,86.0,55.0,63.987503,0.0004,1e-04,1.25e-05
1702,2016-05-31 20:30:00,2016-05-31 21:00:00,0.5,5242,5242,1,2,2372.0,Los Angeles,12.0,3.0,8.25,18.0,0.0,1.125,97.0,60.0,74.62083,0.00029999999,1e-04,6.25e-06
1704,2016-06-01 05:15:00,2016-06-01 05:30:00,0.25,4344,4344,1,1,1086.0,Los Angeles,15.0,0.0,5.96875,0.0,0.0,0.0,82.0,55.0,66.3625,0.0002,1e-04,6.25e-06
1707,2016-06-03 19:15:00,2016-06-03 19:30:00,0.25,4604,4604,1,1,1151.0,Los Angeles,11.0,0.0,6.34375,16.0,0.0,0.5,96.0,65.0,82.96875,0.0,0.0,0.0
1709,2016-06-05 00:00:00,2016-06-05 02:30:00,2.5,6779,6829,5,4,13746.0,Los Angeles,23.0,0.0,10.164773,27.0,0.0,1.8352273,98.0,60.0,78.104546,0.0,0.0,0.0
1711,2016-06-05 07:00:00,2016-06-05 07:15:00,0.25,4648,4648,1,1,1162.0,Los Angeles,17.0,3.0,7.46875,0.0,0.0,0.0,81.0,58.0,67.756256,0.0,0.0,0.0
1713,2016-06-05 07:45:00,2016-06-05 08:30:00,0.75,4395,4395,2,1,3294.25,Los Angeles,18.0,0.0,7.109375,26.0,0.0,0.40625,80.6,58.0,67.28125,0.0,0.0,0.0
1715,2016-06-08 02:00:00,2016-06-08 03:00:00,1.0,4046,4046,3,1,4034.5,Los Angeles,23.0,3.0,9.675,34.0,0.0,3.075,92.0,54.0,69.63249,0.00049999997,1e-04,6.2499994e-06
1717,2016-06-09 18:15:00,2016-06-09 19:30:00,1.25,7128,7128,3,1,6235.75,Los Angeles,19.0,0.0,7.6979165,19.0,0.0,0.9583333,96.0,58.0,73.01458,0.0,0.0,0.0
1719,2016-06-11 19:30:00,2016-06-11 19:45:00,0.25,3935,3935,1,1,983.75,Los Angeles,14.0,0.0,8.3125,21.0,0.0,4.59375,85.0,61.0,68.19375,0.0,0.0,0.0
1721,2016-06-12 01:00:00,2016-06-12 01:15:00,0.25,4508,4508,1,1,1127.0,Los Angeles,29.0,0.0,8.90625,25.0,0.0,3.15625,73.0,60.8,65.493744,0.0,0.0,0.0
1723,2016-06-13 00:00:00,2016-06-13 00:15:00,0.25,4990,4990,1,1,1247.5,Los Angeles,20.0,0.0,8.59375,24.0,0.0,2.0,77.0,60.8,69.38125,0.0,0.0,0.0
1725,2016-06-14 10:00:00,2016-06-14 11:00:00,1.0,4139,4139,1,2,4137.5,Los Angeles,25.0,0.0,4.825,34.0,0.0,2.525,71.6,52.0,61.3375,0.0,0.0,0.0
1727,2016-06-14 17:00:00,2016-06-14 19:30:00,2.5,4923,5273,3,4,11214.5,Los Angeles,27.0,0.0,6.028409,23.0,0.0,1.375,87.8,56.0,67.33863,0.0,0.0,0.0
1729,2016-06-15 20:00:00,2016-06-15 21:00:00,1.0,5423,5709,3,2,4805.25,Los Angeles,26.0,0.0,10.85,33.0,0.0,3.8,75.2,55.0,68.3075,0.0,0.0,0.0
1731,2016-06-16 18:30:00,2016-06-16 19:30:00,1.0,5464,5475,2,3,5422.0,Los Angeles,21.0,0.0,8.8125,23.0,0.0,2.925,78.0,63.0,71.49501,0.0,0.0,0.0
1733,2016-06-16 21:30:00,2016-06-16 21:45:00,0.25,4175,4175,1,1,1043.75,Los Angeles,22.0,4.0,11.03125,21.0,0.0,3.625,81.0,67.0,74.06875,0.0,0.0,0.0
1735,2016-06-16 22:00:00,2016-06-16 22:15:00,0.25,3904,3904,1,1,976.0,Los Angeles,20.0,4.0,11.09375,26.0,0.0,5.21875,80.0,67.0,74.25,0.0,0.0,0.0
1738,2016-06-20 02:30:00,2016-06-20 03:00:00,0.5,3875,3875,1,1,1937.5,Los Angeles,17.0,0.0,9.5,0.0,0.0,0.0,104.0,62.6,88.50834,1e-04,1e-04,2.0833334e-06
1740,2016-06-20 04:15:00,2016-06-20 04:45:00,0.5,6561,6561,2,1,3280.25,Los Angeles,15.0,0.0,7.7083335,0.0,0.0,0.0,104.0,62.6,84.5875,0.0,0.0,0.0
1742,2016-06-20 10:30:00,2016-06-20 10:45:00,0.25,4407,4407,1,1,1101.75,Los Angeles,11.0,0.0,3.0,0.0,0.0,0.0,107.6,62.6,77.15,0.0,0.0,0.0
1744,2016-06-20 15:30:00,2016-06-20 15:45:00,0.25,4025,4025,1,1,1006.25,Los Angeles,11.0,0.0,3.78125,0.0,0.0,0.0,107.6,66.0,88.90625,0.0,0.0,0.0
1746,2016-06-20 19:30:00,2016-06-21 13:15:00,17.75,18588,34410,8,21,168046.75,Los Angeles,24.0,0.0,8.348958,30.0,0.0,2.4314237,113.0,64.4,86.031944,0.0008,1e-04,6.9444445e-07
1748,2016-06-21 13:30:00,2016-06-21 16:00:00,2.5,6175,6231,4,5,11014.25,Los Angeles,18.0,0.0,6.25,24.0,0.0,0.54545456,90.0,64.4,74.61478,0.0,0.0,0.0
1750,2016-06-21 16:15:00,2016-06-21 17:00:00,0.75,5019,5019,2,2,3583.25,Los Angeles,16.0,0.0,8.5625,21.0,0.0,1.203125,96.0,70.0,79.96562,0.0,0.0,0.0
1752,2016-06-21 17:15:00,2016-06-21 20:00:00,2.75,4791,4822,3,9,12752.75,Los Angeles,17.0,0.0,8.09375,22.0,0.0,2.3333333,106.0,69.8,84.46041,0.0,0.0,0.0
1754,2016-06-23 03:30:00,2016-06-23 04:15:00,0.75,4877,4877,3,1,3390.75,Los Angeles,22.0,0.0,8.9375,28.0,0.0,2.34375,85.0,60.0,70.368744,0.0,0.0,0.0
1756,2016-06-23 04:30:00,2016-06-23 04:45:00,0.25,3987,3987,1,1,996.75,Los Angeles,21.0,3.0,9.25,27.0,0.0,1.6875,83.0,60.0,69.9125,0.0,0.0,0.0
1758,2016-06-23 10:45:00,2016-06-23 11:00:00,0.25,5566,5566,1,1,1391.5,Los Angeles,31.0,0.0,6.25,44.0,0.0,3.6875,77.0,58.0,66.712494,0.0,0.0,0.0
1760,2016-06-23 14:30:00,2016-06-23 14:45:00,0.25,4395,4395,1,1,1098.75,Los Angeles,30.0,0.0,6.375,40.0,0.0,2.5,84.0,58.0,68.19374,0.0,0.0,0.0
1762,2016-06-23 18:30:00,2016-06-23 18:45:00,0.25,3980,3980,1,1,995.0,Los Angeles,24.0,0.0,9.1875,40.0,0.0,2.5,96.8,63.0,78.25625,0.0,0.0,0.0
1764,2016-06-24 03:30:00,2016-06-24 05:00:00,1.5,10391,10391,3,3,10469.75,Los Angeles,19.0,0.0,7.555982,28.0,0.0,0.9910714,87.0,64.0,71.68393,0.0,0.0,0.0
1766,2016-06-24 14:15:00,2016-06-24 14:45:00,0.5,4396,4396,1,2,2154.0,Los Angeles,30.0,0.0,5.6875,43.0,0.0,2.4375,80.0,59.0,65.9625,0.0,0.0,0.0
1768,2016-06-26 03:00:00,2016-06-26 04:45:00,1.75,4313,4343,4,3,7219.75,Los Angeles,23.0,0.0,8.775625,30.0,0.0,1.375,87.0,60.0,73.10312,0.0,0.0,0.0
1771,2016-06-27 15:15:00,2016-06-27 15:30:00,0.25,4476,4476,1,1,1119.0,Los Angeles,15.0,0.0,3.65625,0.0,0.0,0.0,84.0,65.0,72.89375,0.0,0.0,0.0
1773,2016-06-27 17:30:00,2016-06-27 17:45:00,0.25,5606,5606,1,1,1401.5,Los Angeles,9.0,0.0,4.28125,0.0,0.0,0.0,100.0,66.2,81.84375,0.0,0.0,0.0
1775,2016-06-28 17:30:00,2016-06-28 17:45:00,0.25,5277,5277,1,1,1319.25,Los Angeles,15.0,0.0,6.5625,0.0,0.0,0.0,98.0,64.4,80.50625,0.0,0.0,0.0
1779,2016-07-07 22:45:00,2016-07-07 23:45:00,1.0,5305,5305,2,2,5210.0,Los Angeles,21.0,0.0,11.3125,27.0,0.0,4.4875,94.0,63.0,79.1725,0.0,0.0,0.0
1781,2016-07-08 00:30:00,2016-07-08 01:00:00,0.5,6153,6153,1,2,2694.0,Los Angeles,23.0,0.0,10.875,28.0,0.0,2.3333333,91.0,62.0,76.916664,0.0,0.0,0.0
1783,2016-07-09 00:00:00,2016-07-09 00:15:00,0.25,4530,4530,1,1,1132.5,Los Angeles,21.0,6.0,11.874374,26.0,0.0,4.78125,92.0,64.0,79.037506,0.0,0.0,0.0
1785,2016-07-10 11:15:00,2016-07-10 11:45:00,0.5,5854,5854,2,1,2912.0,Los Angeles,20.0,0.0,5.0,25.0,0.0,0.5208333,71.0,59.0,65.99583,0.0,0.0,0.0
1787,2016-07-10 15:30:00,2016-07-10 16:45:00,1.25,3962,3962,4,1,4836.5,Los Angeles,19.0,0.0,5.125,19.0,0.0,0.19791667,83.0,60.8,70.575,0.0,0.0,0.0
1790,2016-07-12 21:00:00,2016-07-12 21:15:00,0.25,4622,4622,1,1,1155.5,Los Angeles,21.0,0.0,10.01,29.16,0.0,5.79125,96.0,67.0,78.98125,0.0,0.0,0.0
1792,2016-07-16 11:30:00,2016-07-16 13:00:00,1.5,4573,4573,3,2,6843.0,Los Angeles,15.0,0.0,4.258929,0.0,0.0,0.0,77.0,57.0,66.28928,0.0,0.0,0.0
1794,2016-07-17 22:00:00,2016-07-17 23:00:00,1.0,4716,4745,2,3,4492.5,Los Angeles,26.0,3.0,12.05,32.0,0.0,4.2125,95.0,65.0,80.2925,0.0,0.0,0.0
1796,2016-07-18 04:45:00,2016-07-18 05:00:00,0.25,3907,3907,1,1,976.75,Los Angeles,15.0,4.0,6.8125,0.0,0.0,0.0,78.0,56.0,68.9375,0.0,0.0,0.0
1798,2016-07-20 15:30:00,2016-07-20 21:30:00,6.0,9565,11423,10,12,44303.0,Los Angeles,22.0,0.0,6.1925,25.0,0.0,1.545,102.0,67.0,84.77901,0.0,0.0,0.0
1801,2016-07-24 15:00:00,2016-07-24 16:15:00,1.25,5304,5631,4,2,5861.75,Los Angeles,40.0,0.0,7.959375,22.0,0.0,0.9791667,90.0,68.0,77.51459,0.0,0.0,0.0
1803,2016-07-25 23:45:00,2016-07-26 00:30:00,0.75,4059,4059,1,3,3011.0,Los Angeles,23.0,4.0,11.46875,25.0,0.0,3.40625,100.0,72.0,87.6375,0.0,0.0,0.0
1805,2016-07-26 16:45:00,2016-07-26 22:00:00,5.25,5590,6697,6,13,22751.0,Los Angeles,18.0,0.0,7.693182,22.0,0.0,1.5340909,106.0,68.0,86.49148,0.0,0.0,0.0
1807,2016-07-26 22:15:00,2016-07-27 02:45:00,4.5,6007,6523,7,11,19759.75,Los Angeles,21.0,0.0,10.233553,26.0,0.0,0.93421054,106.0,69.0,86.18289,0.0,0.0,0.0
1809,2016-07-27 15:45:00,2016-07-27 16:15:00,0.5,4692,4692,2,1,2187.75,Los Angeles,11.0,0.0,4.3958335,0.0,0.0,0.0,95.0,67.0,80.075005,0.0,0.0,0.0
1811,2016-07-27 18:00:00,2016-07-27 18:45:00,0.75,7677,8336,2,2,5390.5,Los Angeles,17.0,3.0,7.734375,20.0,0.0,0.84375,104.0,70.0,86.14688,0.0,0.0,0.0
1813,2016-07-29 21:45:00,2016-07-29 22:00:00,0.25,3903,3903,1,1,975.75,Los Angeles,22.0,4.0,11.15625,27.0,0.0,3.8125,109.0,70.0,88.55,0.0,0.0,0.0
1815,2016-07-30 03:30:00,2016-07-30 04:00:00,0.5,7836,7836,1,1,3918.0,Los Angeles,14.0,0.0,7.3541665,0.0,0.0,0.0,94.0,69.8,78.43333,0.0,0.0,0.0
1817,2016-08-01 13:45:00,2016-08-01 14:00:00,0.25,3886,3886,1,1,971.5,Los Angeles,15.0,0.0,3.375,0.0,0.0,0.0,77.0,61.0,70.28125,0.0,0.0,0.0
1819,2016-08-01 15:45:00,2016-08-01 16:00:00,0.25,4146,4146,1,1,1036.5,Los Angeles,16.0,0.0,4.78125,0.0,0.0,0.0,87.0,67.0,75.09375,0.0,0.0,0.0
1821,2016-08-01 20:30:00,2016-08-01 20:45:00,0.25,3837,3837,1,1,959.25,Los Angeles,18.0,6.0,10.125,21.0,0.0,2.375,100.0,73.0,84.99375,0.0,0.0,0.0
1823,2016-08-01 21:00:00,2016-08-01 21:30:00,0.5,3926,3926,1,2,1955.75,Los Angeles,20.0,4.0,10.354167,24.0,0.0,2.8333333,99.0,73.0,85.06667,0.0,0.0,0.0
1825,2016-08-03 16:00:00,2016-08-03 18:00:00,2.0,7689,7713,5,4,13031.75,Los Angeles,14.0,0.0,5.5,15.0,0.0,0.49305555,96.0,63.0,76.67917,0.0,0.0,0.0
1827,2016-08-03 18:30:00,2016-08-03 19:30:00,1.0,4297,4445,2,3,4199.75,Los Angeles,12.0,0.0,7.7125,18.0,0.0,1.3,98.0,69.0,81.31,0.0,0.0,0.0
1829,2016-08-04 15:30:00,2016-08-04 16:30:00,1.0,6853,6853,4,1,6595.75,Los Angeles,13.0,0.0,4.1625,17.0,0.0,0.85,87.0,63.0,73.275,0.0,0.0,0.0
1831,2016-08-07 01:30:00,2016-08-07 01:45:00,0.25,3879,3879,1,1,969.75,Los Angeles,19.0,7.0,10.34375,15.0,0.0,1.40625,93.0,61.0,75.768745,0.0,0.0,0.0
1833,2016-08-08 22:45:00,2016-08-08 23:15:00,0.5,4719,4719,2,1,2359.25,Los Angeles,23.0,0.0,10.645833,29.0,0.0,3.7708333,96.0,69.0,80.0875,0.0,0.0,0.0
1835,2016-08-09 22:15:00,2016-08-09 23:00:00,0.75,5852,5852,1,3,4362.0,Los Angeles,22.0,0.0,10.171875,28.0,0.0,4.46875,91.0,67.0,79.30312,0.0,0.0,0.0
1837,2016-08-10 23:15:00,2016-08-10 23:30:00,0.25,3801,3801,1,1,950.25,Los Angeles,20.0,3.0,10.96875,25.0,0.0,2.0,91.0,65.0,80.3625,0.0,0.0,0.0
1840,2016-08-11 20:45:00,2016-08-11 21:45:00,1.0,5185,5185,1,4,5115.0,Los Angeles,15.0,3.0,8.7125,21.0,0.0,2.925,96.0,69.0,81.1125,0.0,0.0,0.0
1844,2016-08-14 10:45:00,2016-08-14 11:30:00,0.75,6827,6827,2,2,4981.75,Los Angeles,13.0,0.0,3.9375,0.0,0.0,0.0,80.0,68.0,71.425,0.0,0.0,0.0
1846,2016-08-15 03:30:00,2016-08-15 03:45:00,0.25,4101,4101,1,1,1025.25,Los Angeles,45.0,0.0,9.78125,14.0,0.0,0.4375,93.0,64.4,79.45,0.0,0.0,0.0
1848,2016-08-15 16:00:00,2016-08-15 17:00:00,1.0,4339,4554,2,3,4214.5,Los Angeles,16.0,0.0,4.8125,18.0,0.0,0.225,93.0,66.0,79.1325,0.0,0.0,0.0
1850,2016-08-17 15:30:00,2016-08-17 16:15:00,0.75,4810,4810,1,3,3380.0,Los Angeles,11.0,0.0,3.78125,0.0,0.0,0.0,81.0,62.0,71.59062,0.0,0.0,0.0
1852,2016-08-22 05:45:00,2016-08-22 08:00:00,2.25,5834,5834,1,2,13124.25,Los Angeles,12.0,0.0,6.19375,0.0,0.0,0.0,80.6,62.6,70.96875,0.0,0.0,0.0
1854,2016-08-22 20:15:00,2016-08-22 20:30:00,0.25,3941,3941,1,1,985.25,Los Angeles,19.0,3.0,9.59375,14.0,0.0,0.4375,92.0,69.0,81.35,0.0,0.0,0.0
1856,2016-08-22 23:15:00,2016-08-23 00:15:00,1.0,5401,5401,1,2,5368.5,Los Angeles,22.0,4.0,11.134375,29.16,0.0,2.7725,92.0,68.0,80.33,0.0,0.0,0.0
1858,2016-08-23 04:45:00,2016-08-23 05:15:00,0.5,9476,9476,1,2,3579.25,Los Angeles,15.0,0.0,6.875,0.0,0.0,0.0,79.0,66.0,71.5625,0.0,0.0,0.0
1860,2016-08-23 22:30:00,2016-08-24 00:00:00,1.5,8218,8229,3,3,9538.25,Los Angeles,22.0,0.0,9.803572,28.0,0.0,3.1875,96.0,69.0,81.54107,0.0,0.0,0.0
1862,2016-08-24 00:45:00,2016-08-24 01:00:00,0.25,3889,3889,1,1,972.25,Los Angeles,24.0,3.0,10.9375,28.0,0.0,3.125,91.0,68.0,79.075,0.0,0.0,0.0
1864,2016-08-24 08:45:00,2016-08-24 11:45:00,3.0,4038,4038,3,3,11910.5,Los Angeles,21.0,0.0,4.644231,31.0,0.0,1.3701923,86.0,62.0,68.4827,0.0,0.0,0.0
1866,2016-08-24 15:15:00,2016-08-24 19:15:00,4.0,7862,10308,7,9,22775.25,Los Angeles,14.0,0.0,5.180147,22.0,0.0,1.3455882,94.0,65.0,76.74927,0.0,0.0,0.0
1868,2016-08-25 16:30:00,2016-08-25 16:45:00,0.25,4173,4173,1,1,1043.25,Los Angeles,13.0,0.0,5.5,0.0,0.0,0.0,88.0,63.0,73.2875,0.0,0.0,0.0
1871,2016-08-26 20:15:00,2016-08-26 21:30:00,1.25,4079,4079,2,3,4976.75,Los Angeles,18.0,0.0,8.84375,21.0,0.0,3.1666667,91.0,66.0,76.58542,0.0,0.0,0.0
1873,2016-08-26 23:30:00,2016-08-26 23:45:00,0.25,4565,4565,1,1,1141.25,Los Angeles,18.0,3.0,10.40625,16.0,0.0,1.5,90.0,64.0,74.9875,0.0,0.0,0.0
1875,2016-08-27 20:30:00,2016-08-27 20:45:00,0.25,3881,3881,1,1,970.25,Los Angeles,13.0,3.0,7.40625,19.0,0.0,1.1875,93.0,66.2,76.68125,0.0,0.0,0.0
1877,2016-08-27 21:00:00,2016-08-27 21:30:00,0.5,5266,5266,2,1,2632.25,Los Angeles,16.0,4.0,8.1875,19.0,0.0,0.7916667,93.0,66.0,77.01666,0.0,0.0,0.0
1879,2016-08-30 05:00:00,2016-08-30 05:45:00,0.75,5114,5114,2,2,3286.5,Los Angeles,20.0,0.0,5.453125,29.0,0.0,1.71875,98.6,65.0,76.075,0.0,0.0,0.0
1881,2016-08-30 20:15:00,2016-08-30 20:30:00,0.25,4489,4489,1,1,1122.25,Los Angeles,12.0,0.0,7.3125,19.0,0.0,0.59375,103.0,73.0,88.66875,0.0,0.0,0.0
1883,2016-09-01 02:00:00,2016-09-01 02:15:00,0.25,5218,5218,1,1,1304.5,Los Angeles,14.0,0.0,8.25,0.0,0.0,0.0,91.0,67.0,78.087494,0.0,0.0,0.0
1885,2016-09-03 18:45:00,2016-09-03 19:45:00,1.0,5197,5197,2,1,5196.25,Los Angeles,22.0,0.0,8.0375,24.0,0.0,2.025,86.0,65.0,74.29,0.0,0.0,0.0
1887,2016-09-06 19:00:00,2016-09-06 19:15:00,0.25,5046,5046,1,1,1261.5,Los Angeles,10.0,0.0,5.96875,17.0,0.0,1.0625,85.0,69.0,75.7,0.0,0.0,0.0
1889,2016-09-07 06:00:00,2016-09-07 06:30:00,0.5,6428,6428,1,2,2645.75,Los Angeles,11.0,0.0,5.3333335,0.0,0.0,0.0,73.4,65.0,67.575005,0.0,0.0,0.0
1893,2016-09-09 20:00:00,2016-09-09 20:15:00,0.25,11705,11705,1,1,2926.25,Los Angeles,14.0,0.0,7.46875,15.0,0.0,0.9375,92.0,67.0,79.0,0.0,0.0,0.0
1895,2016-09-09 21:15:00,2016-09-09 21:30:00,0.25,4895,4895,1,1,1223.75,Los Angeles,19.44,0.0,9.45125,19.0,0.0,2.6875,95.0,67.0,80.575005,0.0,0.0,0.0
1897,2016-09-10 15:15:00,2016-09-10 15:30:00,0.25,4075,4075,1,1,1018.75,Los Angeles,14.0,0.0,2.4375,0.0,0.0,0.0,78.0,61.0,67.506256,0.0,0.0,0.0
1900,2016-09-11 16:00:00,2016-09-11 16:45:00,0.75,4331,4331,2,2,3221.25,Los Angeles,17.0,0.0,5.578125,0.0,0.0,0.0,84.0,63.0,70.1,0.0,0.0,0.0
1902,2016-09-11 17:15:00,2016-09-11 17:45:00,0.5,4668,4668,2,1,2325.5,Los Angeles,17.0,0.0,7.2083335,18.0,0.0,0.6666667,87.0,64.4,73.73334,0.0,0.0,0.0
1905,2016-09-17 17:00:00,2016-09-17 19:00:00,2.0,7640,11140,5,4,11829.5,Los Angeles,13.0,0.0,4.4652777,20.0,0.0,0.8611111,88.0,68.0,75.09028,0.0,0.0,0.0
1907,2016-09-17 19:30:00,2016-09-17 19:45:00,0.25,3836,3836,1,1,959.0,Los Angeles,13.0,0.0,6.96875,22.0,0.0,1.375,91.0,68.0,79.7,0.0,0.0,0.0
1909,2016-09-18 18:00:00,2016-09-18 18:15:00,0.25,4666,4666,1,1,1166.5,Los Angeles,14.0,0.0,4.5,20.0,0.0,1.25,93.0,64.4,82.225,0.0,0.0,0.0
1911,2016-09-19 06:00:00,2016-09-19 06:45:00,0.75,3972,3972,1,1,2979.0,Los Angeles,10.0,0.0,4.609375,0.0,0.0,0.0,93.2,64.4,72.618744,0.0,0.0,0.0
1913,2016-09-19 08:15:00,2016-09-19 09:15:00,1.0,4442,4442,2,1,4426.0,Los Angeles,11.0,0.0,3.5,0.0,0.0,0.0,87.8,61.0,69.4375,0.0,0.0,0.0
1915,2016-09-19 10:45:00,2016-09-19 17:15:00,6.5,40879,55333,13,14,163543.0,Los Angeles,12.0,0.0,4.296296,0.0,0.0,0.0,89.0,56.0,69.630554,0.0011,1e-04,2.5462962e-06
1917,2016-09-19 19:00:00,2016-09-19 19:15:00,0.25,6289,6289,1,1,1572.25,Los Angeles,13.0,3.0,7.15625,15.0,0.0,0.9375,97.0,68.0,85.4,0.02,0.01,0.000625
1919,2016-09-21 22:15:00,2016-09-21 23:00:00,0.75,3856,3856,3,1,2881.75,Los Angeles,23.0,5.0,10.59375,28.0,0.0,3.59375,89.0,67.0,80.49062,0.0,0.0,0.0
1921,2016-09-21 23:15:00,2016-09-21 23:30:00,0.25,3818,3818,1,1,954.5,Los Angeles,20.0,3.0,10.46875,16.0,0.0,2.40625,88.0,67.0,79.91875,0.0,0.0,0.0
1923,2016-09-25 14:45:00,2016-09-25 15:30:00,0.75,4710,4710,3,1,3332.5,Los Angeles,16.0,0.0,4.046875,24.0,0.0,1.453125,84.0,58.0,69.328125,0.0,0.0,0.0
1925,2016-09-26 09:45:00,2016-09-26 10:30:00,0.75,5021,5021,1,1,3765.75,Los Angeles,11.0,0.0,3.484375,0.0,0.0,0.0,81.0,59.0,70.77812,0.0,0.0,0.0
1927,2016-09-26 14:15:00,2016-09-26 16:00:00,1.75,6213,6213,6,2,8712.0,Los Angeles,20.0,0.0,4.296875,27.0,0.0,1.59375,90.0,53.0,76.46875,0.0,0.0,0.0
1929,2016-09-26 16:15:00,2016-09-26 16:30:00,0.25,5065,5065,1,1,1266.25,Los Angeles,19.0,0.0,4.90625,27.0,0.0,1.6875,92.0,70.0,83.0625,0.0,0.0,0.0
1931,2016-09-26 17:45:00,2016-09-26 18:00:00,0.25,4524,4524,1,1,1131.0,Los Angeles,19.0,0.0,5.25,26.0,0.0,1.625,98.6,79.0,92.424995,0.0,0.0,0.0
1933,2016-09-26 19:30:00,2016-09-26 19:45:00,0.25,4422,4422,1,1,1105.5,Los Angeles,15.0,0.0,7.53125,22.0,0.0,2.25,104.0,84.0,96.85,0.0,0.0,0.0
1935,2016-09-26 22:45:00,2016-09-26 23:00:00,0.25,4060,4060,1,1,1015.0,Los Angeles,16.0,4.0,9.3125,25.0,0.0,5.78125,102.2,87.0,96.3875,0.0,0.0,0.0
1937,2016-09-26 23:15:00,2016-09-27 00:30:00,1.25,6269,6269,1,5,7461.5,Los Angeles,15.0,3.0,9.572917,25.0,0.0,3.9895833,102.2,83.0,94.229164,0.0,0.0,0.0
1939,2016-09-27 19:15:00,2016-09-27 19:30:00,0.25,5558,5558,1,1,1389.5,Los Angeles,16.0,0.0,8.5625,23.0,0.0,2.78125,96.8,85.0,91.4,0.0,0.0,0.0
1941,2016-09-28 18:00:00,2016-09-28 18:15:00,0.25,6600,6600,1,1,1650.0,Los Angeles,12.0,0.0,4.375,18.0,0.0,1.125,88.0,74.0,82.85,0.0,0.0,0.0
1943,2016-10-02 15:15:00,2016-10-02 15:30:00,0.25,5324,5324,1,1,1331.0,Los Angeles,13.0,0.0,4.1475,0.0,0.0,0.0,69.8,51.0,63.04375,0.0,0.0,0.0
1946,2016-10-05 19:00:00,2016-10-05 19:15:00,0.25,4868,4868,1,1,1217.0,Los Angeles,23.0,0.0,7.0625,16.0,0.0,1.0,74.0,60.0,69.387505,0.0,0.0,0.0
1948,2016-10-06 15:00:00,2016-10-06 16:15:00,1.25,4449,4449,5,1,5275.0,Los Angeles,16.0,0.0,2.65625,22.0,0.0,0.9166667,68.0,48.0,60.693752,0.0,0.0,0.0
1951,2016-10-09 07:45:00,2016-10-09 09:15:00,1.5,4289,4289,3,2,6375.0,Los Angeles,9.0,0.0,2.482143,0.0,0.0,0.0,80.6,49.0,66.2625,0.0,0.0,0.0
1953,2016-10-09 09:30:00,2016-10-09 10:30:00,1.0,4246,4277,2,2,4193.75,Los Angeles,8.0,0.0,1.9375,0.0,0.0,0.0,73.4,49.0,63.6875,0.0,0.0,0.0
1955,2016-10-09 11:45:00,2016-10-09 17:45:00,6.0,6521,7523,11,5,31967.5,Los Angeles,10.0,0.0,1.815,15.0,0.0,0.075,85.0,42.0,67.021,0.0,0.0,0.0
1957,2016-10-11 13:00:00,2016-10-11 15:45:00,2.75,104866,115023,6,6,206650.5,Los Angeles,16.0,0.0,4.2604165,21.0,0.0,0.9895833,71.0,55.0,60.516666,0.0,0.0,0.0
1959,2016-10-12 20:30:00,2016-10-12 21:30:00,1.0,4176,4233,2,2,4158.75,Los Angeles,17.0,0.0,8.2375,20.0,0.0,0.4875,83.0,60.0,69.75,0.0,0.0,0.0
1961,2016-10-13 07:15:00,2016-10-13 07:30:00,0.25,3834,3834,1,1,958.5,Los Angeles,22.0,0.0,4.3125,0.0,0.0,0.0,64.4,55.0,60.543747,0.0,0.0,0.0
1963,2016-10-13 15:45:00,2016-10-13 16:30:00,0.75,3880,3880,2,2,2903.75,Los Angeles,13.0,0.0,2.40625,0.0,0.0,0.0,72.0,56.0,61.553123,0.0,0.0,0.0
1965,2016-10-14 19:00:00,2016-10-14 20:15:00,1.25,5191,5191,1,4,6450.5,Los Angeles,20.0,0.0,6.59375,20.0,0.0,1.0,84.0,64.0,71.02917,0.0,0.0,0.0
1967,2016-10-15 22:00:00,2016-10-15 22:15:00,0.25,4882,4882,1,1,1220.5,Los Angeles,19.0,5.0,10.90625,28.0,0.0,5.34375,79.0,63.0,71.88125,0.0,0.0,0.0
1969,2016-10-16 02:30:00,2016-10-16 03:30:00,1.0,5001,5001,1,3,4826.75,Los Angeles,18.0,3.0,9.5375,20.0,0.0,0.9625,69.0,57.0,65.715004,1e-04,1e-04,1.25e-06
1971,2016-10-17 02:15:00,2016-10-17 02:30:00,0.25,5985,5985,1,1,1496.25,Los Angeles,47.0,3.0,10.03125,20.0,0.0,0.625,73.4,52.0,64.399994,1e-04,1e-04,3.125e-06
1973,2016-10-17 05:45:00,2016-10-17 07:15:00,1.5,4585,4585,2,1,6519.0,Los Angeles,24.0,0.0,7.803571,29.0,0.0,1.6607143,73.4,51.0,63.057148,0.0104,0.01,9.2857146e-05
1975,2016-10-17 09:15:00,2016-10-18 04:45:00,19.5,13022,29928,30,28,161039.5,Los Angeles,35.0,0.0,8.745363,41.0,0.0,1.994462,75.2,50.0,64.41123,4.8339,0.16,0.003824288
1977,2016-10-20 15:45:00,2016-10-20 16:00:00,0.25,4318,4318,1,1,1079.5,Los Angeles,22.0,0.0,4.375,27.0,0.0,1.6875,82.0,55.0,72.6875,0.0,0.0,0.0
1979,2016-10-20 20:15:00,2016-10-20 20:30:00,0.25,4737,4737,1,1,1184.25,Los Angeles,19.0,0.0,6.0625,23.0,0.0,2.15625,95.0,73.0,89.393745,0.0,0.0,0.0
1981,2016-10-20 20:45:00,2016-10-20 22:15:00,1.5,8665,8665,3,3,11167.25,Los Angeles,19.0,0.0,6.848214,23.0,0.0,1.8303572,98.0,75.0,89.94464,0.0,0.0,0.0
1984,2016-10-22 01:30:00,2016-10-22 01:45:00,0.25,5111,5111,1,1,1277.75,Los Angeles,11.0,0.0,5.125,14.0,0.0,0.4375,91.4,70.0,76.8125,0.0,0.0,0.0
1986,2016-10-23 19:45:00,2016-10-23 20:45:00,1.0,4176,4176,2,1,4080.0,Los Angeles,18.0,4.0,7.825,35.0,0.0,3.475,82.4,62.6,74.7025,0.0,0.0,0.0
1988,2016-10-24 15:30:00,2016-10-24 15:45:00,0.25,4229,4229,1,1,1057.25,Los Angeles,16.0,0.0,4.40625,24.0,0.0,1.5,65.0,56.0,62.7625,0.030299999,0.01,0.00094687496
1990,2016-10-24 16:30:00,2016-10-25 05:15:00,12.75,8374,15125,21,16,88738.5,Los Angeles,19.0,0.0,7.6646633,27.0,0.0,1.5697116,76.0,53.0,67.15481,0.3211,0.05,0.00038593748
1992,2016-10-25 07:45:00,2016-10-25 08:15:00,0.5,4556,4556,1,1,2278.0,Los Angeles,15.0,0.0,4.9375,19.0,0.0,0.39583334,68.0,52.0,60.8625,0.0,0.0,0.0
1994,2016-10-25 11:00:00,2016-10-25 11:30:00,0.5,4282,4282,2,1,2134.5,Los Angeles,13.0,0.0,3.1458333,0.0,0.0,0.0,62.0,51.0,57.325,0.0,0.0,0.0
1996,2016-10-25 17:15:00,2016-10-25 18:00:00,0.75,4028,4033,2,2,2927.75,Los Angeles,10.0,0.0,3.859375,0.0,0.0,0.0,71.0,62.0,67.15938,0.0,0.0,0.0
1998,2016-10-25 18:15:00,2016-10-25 18:45:00,0.5,4987,4987,1,2,2443.5,Los Angeles,12.0,0.0,5.625,0.0,0.0,0.0,74.0,62.0,69.416664,0.0,0.0,0.0
2000,2016-10-25 19:45:00,2016-10-25 20:15:00,0.5,3956,3956,1,1,1978.0,Los Angeles,14.0,3.0,7.9583335,19.0,0.0,1.5208334,77.0,62.6,71.950005,0.0,0.0,0.0
2002,2016-10-26 16:45:00,2016-10-26 17:00:00,0.25,3906,3906,1,1,976.5,Los Angeles,9.72,0.0,2.3975,0.0,0.0,0.0,71.0,62.0,65.85,0.0,0.0,0.0
2004,2016-10-29 03:15:00,2016-10-29 03:30:00,0.25,4009,4009,1,1,1002.25,Los Angeles,11.0,0.0,6.4375,0.0,0.0,0.0,71.6,53.0,65.78125,0.0,0.0,0.0
2006,2016-10-30 21:00:00,2016-10-30 21:15:00,0.25,17289,17289,1,1,4322.25,Los Angeles,18.0,0.0,7.4375,23.0,0.0,2.03125,67.0,53.0,63.525,0.0402,0.04,0.00125625
2008,2016-11-02 00:00:00,2016-11-02 00:45:00,0.75,4265,4265,2,1,3195.25,Los Angeles,19.0,0.0,9.375,22.0,0.0,0.6875,70.0,50.0,63.56875,0.0,0.0,0.0
2010,2016-11-02 20:30:00,2016-11-02 21:00:00,0.5,5850,5850,1,2,2916.5,Los Angeles,17.0,0.0,8.604167,22.0,0.0,3.4583333,82.0,66.0,73.691666,0.0,0.0,0.0
2013,2016-11-07 17:15:00,2016-11-07 18:00:00,0.75,5562,5562,1,3,3864.75,Los Angeles,11.0,0.0,2.234375,17.0,0.0,1.015625,77.0,61.0,68.78438,0.0,0.0,0.0
2015,2016-11-07 20:00:00,2016-11-07 21:30:00,1.5,8980,8980,3,4,11143.0,Los Angeles,15.0,0.0,6.357143,20.0,0.0,1.2232143,85.0,68.0,75.21786,0.0,0.0,0.0
2017,2016-11-07 22:15:00,2016-11-07 22:30:00,0.25,4137,4137,1,1,1034.25,Los Angeles,14.0,3.0,6.5625,19.0,0.0,0.59375,85.0,69.0,75.48125,0.0,0.0,0.0
2019,2016-11-09 21:30:00,2016-11-09 22:15:00,0.75,4420,4432,2,2,3305.0,Los Angeles,15.0,0.0,6.46875,19.0,0.0,1.1875,95.0,75.0,87.89375,0.0,0.0,0.0
2021,2016-11-10 01:30:00,2016-11-10 03:00:00,1.5,4768,5077,3,3,6997.5,Los Angeles,15.0,0.0,5.2912498,0.0,0.0,0.0,89.6,51.0,78.073204,0.0,0.0,0.0
2023,2016-11-10 20:15:00,2016-11-10 21:00:00,0.75,4912,5969,2,2,3407.25,Los Angeles,13.0,0.0,6.5521874,21.0,0.0,1.25,91.4,74.0,85.40938,0.0,0.0,0.0
2026,2016-11-14 12:30:00,2016-11-14 13:00:00,0.5,4123,4123,1,1,2061.5,Los Angeles,7.0,0.0,1.9583334,0.0,0.0,0.0,78.0,39.0,60.120834,0.0,0.0,0.0
2028,2016-11-14 16:45:00,2016-11-14 23:30:00,6.75,8233,9815,10,15,39000.5,Los Angeles,13.0,0.0,4.352679,0.0,0.0,0.0,90.0,55.0,78.17365,0.0,0.0,0.0
2030,2016-11-17 15:00:00,2016-11-17 16:30:00,1.5,5422,5422,2,3,7453.75,Los Angeles,16.0,0.0,4.625,22.0,0.0,1.0446428,64.0,30.9,52.692852,0.0,0.0,0.0
2033,2016-11-19 16:30:00,2016-11-19 18:15:00,1.75,6659,6797,3,5,8703.5,Los Angeles,9.0,0.0,2.8359375,0.0,0.0,0.0,68.0,34.0,60.08906,0.0,0.0,0.0
2035,2016-11-19 20:00:00,2016-11-19 20:30:00,0.5,4940,4940,1,1,2470.0,Los Angeles,10.0,0.0,5.3333335,18.0,0.0,1.125,77.0,58.0,67.95416,0.0,0.0,0.0
2037,2016-11-19 20:45:00,2016-11-19 21:00:00,0.25,6077,6077,1,1,1519.25,Los Angeles,13.0,0.0,6.75,20.0,0.0,1.25,77.0,58.0,68.25,0.0,0.0,0.0
2039,2016-11-21 11:30:00,2016-11-21 12:00:00,0.5,5644,5644,2,1,2591.5,Los Angeles,20.0,0.0,6.2083335,0.0,0.0,0.0,59.0,43.0,54.61667,0.4306,0.08,0.008970833
2041,2016-11-21 17:30:00,2016-11-21 19:45:00,2.25,5361,5383,5,5,10587.25,Los Angeles,24.0,0.0,7.8,30.0,0.0,1.31875,66.0,46.0,59.872505,0.0009999999,1e-04,6.2499994e-06
2043,2016-11-22 00:30:00,2016-11-22 01:30:00,1.0,4671,4692,2,3,4363.5,Los Angeles,20.0,0.0,8.4125,18.0,0.0,0.45,66.2,43.0,59.845,0.0,0.0,0.0
2045,2016-11-23 17:15:00,2016-11-23 17:30:00,0.25,3871,3871,1,1,967.75,Los Angeles,19.0,0.0,6.125,27.0,0.0,1.6875,67.0,50.0,59.15625,0.0,0.0,0.0
2052,2016-11-29 09:00:00,2016-11-29 09:30:00,0.5,4296,4296,1,2,2063.0,Los Angeles,17.0,0.0,3.6875,15.0,0.0,0.9166667,57.0,35.0,49.866665,0.0,0.0,0.0
2054,2016-11-30 19:45:00,2016-11-30 20:15:00,0.5,4435,4435,1,2,2212.0,Los Angeles,8.0,0.0,4.25,0.0,0.0,0.0,69.8,53.0,62.2375,0.0,0.0,0.0
2056,2016-12-02 20:45:00,2016-12-02 21:15:00,0.5,4592,4592,1,2,2176.25,Los Angeles,27.0,4.0,14.916667,33.0,0.0,12.6875,66.2,46.0,60.3,0.0,0.0,0.0
2058,2016-12-02 21:45:00,2016-12-02 22:30:00,0.75,6614,6614,1,2,4944.5,Los Angeles,26.0,3.0,13.84375,36.0,0.0,10.1875,68.0,45.0,60.0875,1e-04,1e-04,1.5625e-06
2060,2016-12-03 17:15:00,2016-12-03 18:15:00,1.0,4028,4028,1,4,3884.75,Los Angeles,15.0,0.0,4.5875,29.0,0.0,1.7375,64.4,41.0,56.135002,0.0,0.0,0.0
2062,2016-12-03 18:30:00,2016-12-03 19:30:00,1.0,5303,5311,2,2,4683.75,Los Angeles,15.0,0.0,5.2625,27.0,0.0,1.4875,69.8,45.0,60.0725,0.0,0.0,0.0
2065,2016-12-05 19:30:00,2016-12-05 19:45:00,0.25,4718,4718,1,1,1179.5,Los Angeles,19.0,0.0,6.34375,26.0,0.0,1.46875,66.0,51.0,61.23125,0.0,0.0,0.0
2067,2016-12-06 07:45:00,2016-12-06 16:30:00,8.75,5172,5911,11,11,42323.25,Los Angeles,19.0,0.0,3.1388888,18.0,0.0,0.15625,59.0,39.0,52.190624,0.0,0.0,0.0
2069,2016-12-07 18:45:00,2016-12-07 19:15:00,0.5,4239,4239,1,2,2105.75,Los Angeles,14.0,0.0,4.0208335,20.0,0.0,1.25,62.6,45.0,56.8125,0.0,0.0,0.0
2072,2016-12-10 10:00:00,2016-12-10 10:30:00,0.5,5340,5340,1,2,2419.25,Los Angeles,11.0,0.0,3.1875,18.0,0.0,1.0833334,60.0,44.6,53.408337,0.00029999999,1e-04,6.25e-06
2074,2016-12-10 11:00:00,2016-12-10 11:15:00,0.25,3832,3832,1,1,958.0,Los Angeles,16.0,0.0,3.96875,20.0,0.0,1.25,60.0,44.0,53.199997,0.0002,1e-04,6.25e-06
2076,2016-12-10 12:15:00,2016-12-10 13:30:00,1.25,9291,9291,3,3,7840.0,Los Angeles,22.0,0.0,4.375,20.0,0.0,0.8333333,60.8,43.0,53.0125,0.0,0.0,0.0
2078,2016-12-11 12:45:00,2016-12-11 13:00:00,0.25,3884,3884,1,1,971.0,Los Angeles,16.0,0.0,3.8125,20.0,0.0,1.25,60.0,52.0,57.33125,0.0202,0.02,0.00063125
2081,2016-12-14 19:45:00,2016-12-14 20:15:00,0.5,7106,7106,2,1,3250.75,Los Angeles,20.0,0.0,6.1041665,20.0,0.0,0.41666666,74.0,55.4,65.875,0.0,0.0,0.0
2083,2016-12-15 18:15:00,2016-12-15 18:30:00,0.25,3963,3963,1,1,990.75,Los Angeles,20.0,0.0,3.59375,0.0,0.0,0.0,68.0,55.0,61.775,0.0,0.0,0.0
2085,2016-12-16 13:30:00,2016-12-16 15:15:00,1.75,3934,3942,2,2,6846.25,Los Angeles,25.0,0.0,11.245313,42.8,0.0,8.464062,62.6,37.4,56.88594,1.1628001,0.06,0.009084376
2087,2016-12-16 22:45:00,2016-12-16 23:00:00,0.25,4173,4173,1,1,1043.25,Los Angeles,28.0,0.0,15.40625,34.0,0.0,12.96875,61.0,40.0,55.231247,0.0,0.0,0.0
2089,2016-12-17 08:45:00,2016-12-17 09:00:00,0.25,4533,4533,1,1,1133.25,Los Angeles,25.0,0.0,10.5,31.0,0.0,10.40625,56.0,30.9,46.56875,0.0,0.0,0.0
2091,2016-12-18 08:15:00,2016-12-18 10:30:00,2.25,5065,5705,4,3,10943.0,Los Angeles,17.0,0.0,3.78125,19.0,0.0,0.475,55.4,19.9,42.2225,0.0,0.0,0.0
2093,2016-12-20 23:00:00,2016-12-20 23:30:00,0.5,8909,8909,1,2,3736.25,Los Angeles,17.0,0.0,5.2291665,0.0,0.0,0.0,78.8,52.0,68.512505,0.0,0.0,0.0
2095,2016-12-21 00:15:00,2016-12-21 00:30:00,0.25,3915,3915,1,1,978.75,Los Angeles,16.0,0.0,4.875,18.0,0.0,1.125,76.0,50.0,66.01875,0.0,0.0,0.0
2099,2016-12-22 06:15:00,2016-12-22 06:30:00,0.25,4345,4345,1,1,1086.25,Los Angeles,26.0,0.0,9.10375,35.0,0.0,2.1875,62.6,43.0,53.91875,1.8299999,0.2,0.057187498
2101,2016-12-22 08:30:00,2016-12-22 09:00:00,0.5,4523,4523,1,2,2261.25,Los Angeles,29.0,0.0,7.437083,37.0,0.0,2.6041667,62.6,39.0,53.0,0.661,0.13,0.013770834
2103,2016-12-22 09:45:00,2016-12-22 10:00:00,0.25,5257,5257,1,1,1314.25,Los Angeles,21.0,3.0,8.395625,29.0,0.0,1.8125,62.6,38.0,52.225002,0.7105,0.14,0.022203125
2105,2016-12-22 16:00:00,2016-12-22 18:00:00,2.0,13509,13526,4,5,20333.5,Los Angeles,19.0,0.0,6.2777777,24.0,0.0,0.7152778,57.2,33.8,51.17361,3.2912002,0.22,0.022855558
2107,2016-12-23 05:45:00,2016-12-23 07:30:00,1.75,8545,8545,2,6,13864.75,Los Angeles,10.0,0.0,3.1171875,0.0,0.0,0.0,62.6,37.0,52.945312,0.0,0.0,0.0
2110,2016-12-24 05:45:00,2016-12-24 08:15:00,2.5,8550,8552,5,2,18089.25,Los Angeles,21.0,0.0,10.926136,29.0,0.0,6.846591,59.0,36.0,50.848866,15.730599,0.51,0.08937841
2112,2016-12-24 08:45:00,2016-12-24 09:15:00,0.5,5078,5078,1,1,2539.0,Los Angeles,27.0,0.0,11.979167,33.0,0.0,8.854167,59.0,37.0,50.670834,0.5609,0.16,0.011685416
2114,2016-12-24 09:30:00,2016-12-24 10:30:00,1.0,4898,4898,3,2,4606.75,Los Angeles,26.0,0.0,10.8375,35.0,0.0,7.925,59.0,34.0,49.17,0.40140003,0.05,0.0050175004
2116,2016-12-24 11:15:00,2016-12-24 12:30:00,1.25,6020,6020,3,2,7058.25,Los Angeles,24.0,0.0,10.75,39.0,0.0,5.6979165,59.0,33.0,48.05417,0.050799996,0.02,0.0005291666
2118,2016-12-24 20:30:00,2016-12-24 20:45:00,0.25,3979,3979,1,1,994.75,Los Angeles,27.21,3.0,16.419374,36.93,0.0,9.089375,59.0,30.9,51.928123,0.0101,0.01,0.000315625
2120,2016-12-27 02:30:00,2016-12-27 05:00:00,2.5,5321,5971,6,4,12206.0,Los Angeles,29.0,0.0,6.5397725,35.0,0.0,2.465909,59.0,32.0,48.70569,0.0,0.0,0.0
2126,2016-12-30 19:45:00,2016-12-30 20:00:00,0.25,3801,3801,1,1,950.25,Los Angeles,15.0,0.0,6.59375,17.0,0.0,1.0625,65.0,49.0,58.69375,0.0403,0.02,0.001259375
2130,2017-01-04 16:30:00,2017-01-04 17:15:00,0.75,6721,7104,2,2,4310.0,Los Angeles,21.0,0.0,4.90625,26.0,0.0,1.75,57.2,42.0,50.946877,0.0002,1e-04,3.125e-06
2133,2017-01-05 07:15:00,2017-01-05 07:30:00,0.25,4500,4500,1,1,1125.0,Los Angeles,17.0,0.0,6.90625,26.0,0.0,3.5625,57.2,45.0,53.8875,0.16059999,0.03,0.0050187497
2135,2017-01-05 19:30:00,2017-01-05 19:45:00,0.25,5154,5154,1,1,1288.5,Los Angeles,16.0,0.0,6.25,0.0,0.0,0.0,62.6,51.0,57.675,0.0402,0.02,0.00125625
2137,2017-01-12 16:45:00,2017-01-12 17:45:00,1.0,4128,4141,3,2,4091.75,Los Angeles,15.0,0.0,6.8,0.0,0.0,0.0,58.0,41.0,51.885,1.3209,0.23,0.01651125
2140,2017-01-20 21:30:00,2017-01-20 22:00:00,0.5,6766,6766,2,1,3271.5,Los Angeles,28.0,5.0,14.916667,48.0,0.0,17.75,60.0,38.0,54.191666,1.3109,0.18,0.027310416
2142,2017-01-20 23:00:00,2017-01-21 01:15:00,2.25,6474,6507,4,4,11230.75,Los Angeles,27.0,4.0,14.0375,32.0,0.0,10.68125,59.0,37.0,52.705006,0.303,0.13,0.00189375
2144,2017-01-21 01:30:00,2017-01-21 03:45:00,2.25,9318,9686,4,6,17362.25,Los Angeles,28.0,0.0,12.43125,37.0,0.0,8.4125,56.0,36.0,50.8325,0.0718,0.04,0.00044875
2146,2017-01-21 04:30:00,2017-01-21 05:30:00,1.0,4906,4906,1,4,4860.25,Los Angeles,23.0,0.0,10.875,31.0,0.0,6.5875,56.0,36.0,50.3875,0.00049999997,1e-04,6.2499994e-06
2148,2017-01-21 05:45:00,2017-01-21 06:15:00,0.5,4904,4904,2,1,2448.0,Los Angeles,23.0,0.0,11.25,32.0,0.0,7.1666665,56.0,36.0,50.170834,0.0007999999,1e-04,1.6666665e-05
2150,2017-01-21 06:45:00,2017-01-21 07:15:00,0.5,4765,4765,2,1,2183.0,Los Angeles,23.0,0.0,10.020833,31.0,0.0,7.0625,56.0,36.0,49.774998,0.00049999997,1e-04,1.0416666e-05
2152,2017-01-21 08:30:00,2017-01-21 09:00:00,0.5,8967,8967,2,1,3532.75,Los Angeles,21.0,0.0,10.458333,23.0,0.0,3.6875,54.0,34.0,48.791668,0.0004,1e-04,8.333333e-06
2154,2017-01-22 21:45:00,2017-01-22 22:00:00,0.25,3998,3998,1,1,999.5,Los Angeles,24.0,5.0,13.5,44.0,0.0,15.5,55.4,41.0,50.3375,5.06,0.55,0.158125
2156,2017-01-23 01:15:00,2017-01-23 01:30:00,0.25,4016,4016,1,1,1004.0,Los Angeles,23.0,0.0,10.84375,34.0,0.0,6.9375,59.0,42.0,52.3375,1.0400001,0.21,0.032500003
2158,2017-01-23 01:45:00,2017-01-23 08:30:00,6.75,10320,14104,9,15,41614.5,Los Angeles,27.0,0.0,9.881697,35.0,0.0,5.700893,59.0,39.0,52.230804,6.5636,0.41,0.014650893
2160,2017-01-25 18:45:00,2017-01-26 00:15:00,5.5,8316,14002,10,13,30584.25,Los Angeles,13.0,0.0,4.964674,17.0,0.0,0.046195652,60.0,42.0,53.73261,0.0,0.0,0.0
2162,2017-01-26 21:00:00,2017-01-26 21:15:00,0.25,6010,6010,1,1,1502.5,Los Angeles,15.0,0.0,6.21875,20.0,0.0,2.9375,62.0,41.0,56.3375,0.0,0.0,0.0
2165,2017-01-29 06:45:00,2017-01-29 07:15:00,0.5,3859,3859,1,1,1929.5,Los Angeles,20.0,0.0,5.8541665,25.0,0.0,1.375,64.4,33.0,52.108334,0.0,0.0,0.0
2167,2017-01-30 03:15:00,2017-01-30 03:30:00,0.25,4212,4212,1,1,1053.0,Los Angeles,15.0,0.0,4.59375,15.0,0.0,0.9375,68.0,47.0,60.38125,0.0,0.0,0.0
2169,2017-01-31 18:45:00,2017-01-31 19:30:00,0.75,9835,9835,2,2,7301.5,Los Angeles,9.0,0.0,3.765625,0.0,0.0,0.0,73.0,52.0,65.703125,0.0,0.0,0.0
2171,2017-02-06 06:45:00,2017-02-06 07:15:00,0.5,4949,4949,2,1,2460.75,Los Angeles,20.0,0.0,6.2083335,27.0,0.0,2.0208333,57.2,42.0,53.091663,0.04,0.01,0.0008333333
2173,2017-02-06 09:15:00,2017-02-06 09:45:00,0.5,7056,7056,1,1,3528.0,Los Angeles,22.0,0.0,6.75,32.0,0.0,1.7083334,57.2,42.0,52.729168,0.2708,0.1,0.0056416667
2176,2017-02-09 21:45:00,2017-02-09 22:00:00,0.25,4258,4258,1,1,1064.5,Los Angeles,20.0,4.0,8.8125,22.0,0.0,2.0,79.0,59.0,70.26875,0.0002,1e-04,6.25e-06
2178,2017-02-09 22:30:00,2017-02-09 22:45:00,0.25,5473,5473,1,1,1368.25,Los Angeles,18.0,0.0,9.0,22.0,0.0,1.375,78.0,57.2,69.29375,0.0,0.0,0.0
2181,2017-02-13 09:00:00,2017-02-13 10:15:00,1.25,4187,4187,3,1,5221.75,Los Angeles,10.0,0.0,4.2395835,15.0,0.0,0.15625,64.4,37.0,54.845837,0.0,0.0,0.0
2183,2017-02-13 21:15:00,2017-02-13 21:30:00,0.25,4294,4294,1,1,1073.5,Los Angeles,13.0,0.0,6.625,0.0,0.0,0.0,80.6,62.0,69.58125,0.0,0.0,0.0
2185,2017-02-16 21:30:00,2017-02-16 22:00:00,0.5,5596,5596,2,1,2741.75,Los Angeles,23.0,3.0,9.617708,20.0,0.0,1.2083334,69.0,50.0,63.020832,0.0,0.0,0.0
2187,2017-02-17 21:00:00,2017-02-18 04:30:00,7.5,42706,56710,17,10,188147.0,Los Angeles,34.0,0.0,14.451612,50.0,0.0,14.82258,59.0,40.0,52.738304,63.590202,1.02,0.12820606
2189,2017-02-20 19:00:00,2017-02-20 19:45:00,0.75,4304,4304,1,2,3146.5,Los Angeles,20.0,4.0,9.530937,30.0,0.0,2.28125,60.0,46.0,55.54375,0.0004,1e-04,6.25e-06
2191,2017-02-21 16:45:00,2017-02-21 17:30:00,0.75,5466,5466,2,1,3774.5,Los Angeles,17.0,0.0,4.453125,24.0,0.0,1.421875,62.0,45.0,57.4125,0.2701,0.06,0.0042203125
2193,2017-02-22 19:45:00,2017-02-22 21:30:00,1.75,4689,4689,2,4,8126.25,Los Angeles,28.0,0.0,11.5234375,32.0,0.0,2.390625,65.0,40.0,57.725,1e-04,1e-04,7.8125e-07
2195,2017-02-22 23:00:00,2017-02-22 23:15:00,0.25,3997,3997,1,1,999.25,Los Angeles,25.0,0.0,12.78125,32.0,0.0,5.34375,64.0,42.0,57.74375,0.0,0.0,0.0
2197,2017-02-23 22:00:00,2017-02-23 22:15:00,0.25,3859,3859,1,1,964.75,Los Angeles,26.0,4.0,14.65625,40.0,0.0,11.875,62.6,37.0,54.46875,0.0,0.0,0.0
2200,2017-03-01 15:30:00,2017-03-01 16:00:00,0.5,5147,5147,1,1,2573.5,Los Angeles,21.0,0.0,4.0833335,0.0,0.0,0.0,56.0,30.0,48.779163,0.0,0.0,0.0
2202,2017-03-01 16:30:00,2017-03-01 16:45:00,0.25,11819,11819,1,1,2954.75,Los Angeles,23.0,0.0,4.78125,28.0,0.0,0.875,60.0,34.0,53.6875,0.0,0.0,0.0
2205,2017-03-04 22:45:00,2017-03-04 23:00:00,0.25,4373,4373,1,1,1093.25,Los Angeles,21.0,4.0,9.15625,28.0,0.0,2.6875,71.6,55.0,63.25,0.0,0.0,0.0
2207,2017-03-06 21:30:00,2017-03-06 21:45:00,0.25,3838,3838,1,1,959.5,Los Angeles,22.0,0.0,10.40625,30.0,0.0,3.46875,68.0,41.0,58.4375,0.0,0.0,0.0
2210,2017-03-08 17:45:00,2017-03-08 18:00:00,0.25,5975,5975,1,1,1493.75,Los Angeles,17.0,0.0,5.03125,21.0,0.0,1.3125,76.0,57.0,69.25,0.0,0.0,0.0
2212,2017-03-08 18:15:00,2017-03-08 19:00:00,0.75,5224,5271,2,2,3873.25,Los Angeles,18.0,0.0,5.203125,25.0,0.0,2.140625,80.0,57.0,71.175,0.0,0.0,0.0
2214,2017-03-08 22:30:00,2017-03-08 23:00:00,0.5,4795,4795,1,2,2381.75,Los Angeles,15.0,4.0,8.479167,21.0,0.0,0.4375,87.8,64.0,75.549995,0.0,0.0,0.0
2217,2017-03-11 02:45:00,2017-03-11 05:30:00,2.75,8645,11551,8,3,14489.75,Los Angeles,17.0,0.0,4.2916665,0.0,0.0,0.0,82.4,56.0,64.95937,0.0,0.0,0.0
2219,2017-03-11 20:45:00,2017-03-11 21:00:00,0.25,3820,3820,1,1,955.0,Los Angeles,12.0,0.0,7.0,19.0,0.0,1.1875,84.2,63.0,75.1125,0.0,0.0,0.0
2223,2017-03-14 05:00:00,2017-03-14 05:15:00,0.25,4115,4115,1,1,1028.75,Los Angeles,8.0,0.0,4.21875,0.0,0.0,0.0,77.0,53.6,63.074997,0.0,0.0,0.0
2228,2017-03-19 21:00:00,2017-03-19 21:15:00,0.25,5115,5115,1,1,1278.75,Los Angeles,16.0,3.0,8.65625,26.0,0.0,2.34375,82.4,55.4,71.262505,0.0,0.0,0.0
2230,2017-03-19 21:45:00,2017-03-19 22:15:00,0.5,5107,5107,1,2,2431.75,Los Angeles,19.0,3.0,9.354167,28.0,0.0,2.5416667,84.2,55.4,71.012505,0.0,0.0,0.0
2232,2017-03-19 23:30:00,2017-03-20 00:00:00,0.5,6606,6606,2,1,2922.5,Los Angeles,17.0,0.0,9.645833,25.0,0.0,1.5208334,84.2,55.4,69.325005,0.0,0.0,0.0
2234,2017-03-20 21:30:00,2017-03-20 22:00:00,0.5,10257,10257,2,1,3936.75,Los Angeles,20.0,0.0,8.083333,25.0,0.0,2.4375,75.2,60.0,65.941666,0.0,0.0,0.0
2236,2017-03-22 03:45:00,2017-03-22 11:45:00,8.0,7987,9233,14,17,49519.5,Los Angeles,16.0,0.0,4.9905305,18.0,0.0,0.17045455,60.8,42.0,56.198486,0.7744,0.06,0.0014666667
2238,2017-03-24 21:45:00,2017-03-24 22:00:00,0.25,3955,3955,1,1,988.75,Los Angeles,17.0,5.0,11.8125,22.0,0.0,2.75,73.4,58.0,66.775,0.0,0.0,0.0
2240,2017-03-25 23:45:00,2017-03-26 00:00:00,0.25,4158,4158,1,1,1039.5,Los Angeles,22.0,4.0,12.46875,30.0,0.0,3.53125,67.0,49.0,61.65,0.0002,1e-04,6.25e-06
2242,2017-03-26 00:15:00,2017-03-26 00:30:00,0.25,3842,3842,1,1,960.5,Los Angeles,23.0,4.0,12.4375,19.0,0.0,3.0625,67.0,49.0,61.40625,0.0002,1e-04,6.25e-06
2244,2017-03-28 00:30:00,2017-03-28 13:45:00,13.25,14265,18583,22,31,105696.75,Los Angeles,41.0,0.0,11.358009,55.0,0.0,9.603241,75.2,38.0,57.90208,0.0,0.0,0.0
2246,2017-03-28 14:00:00,2017-03-28 21:30:00,7.5,10546,16118,17,14,45856.75,Los Angeles,23.0,0.0,7.485887,28.0,0.0,2.907258,80.6,39.0,64.10201,0.0,0.0,0.0
2248,2017-03-28 23:15:00,2017-03-29 01:00:00,1.75,5656,6006,4,4,8606.75,Los Angeles,23.0,0.0,9.9140625,31.0,0.0,2.84375,82.4,50.0,71.04375,0.0,0.0,0.0
2250,2017-03-29 16:30:00,2017-03-29 17:00:00,0.5,4995,4995,1,2,2497.25,Los Angeles,12.0,0.0,2.5625,0.0,0.0,0.0,76.0,50.0,67.57917,0.0,0.0,0.0
2252,2017-03-29 17:15:00,2017-03-29 17:30:00,0.25,6253,6253,1,1,1563.25,Los Angeles,11.0,0.0,3.15625,0.0,0.0,0.0,80.6,59.0,69.43125,0.0,0.0,0.0
2254,2017-03-29 20:00:00,2017-03-29 22:15:00,2.25,6916,7160,4,6,15304.5,Los Angeles,13.0,0.0,7.79375,18.0,0.0,0.73125,86.0,69.0,76.909996,0.0,0.0,0.0
2256,2017-03-30 22:15:00,2017-03-30 22:45:00,0.5,4440,4440,2,1,2218.0,Los Angeles,36.0,6.0,15.5,41.0,0.0,8.375,75.2,52.0,66.416664,0.00029999999,1e-04,6.25e-06
2258,2017-03-30 23:15:00,2017-03-30 23:30:00,0.25,4032,4032,1,1,1008.0,Los Angeles,38.0,6.0,16.40625,47.0,0.0,12.125,74.0,53.0,65.743744,0.0002,1e-04,6.25e-06
2260,2017-03-31 06:00:00,2017-03-31 11:30:00,5.5,8287,16737,13,10,32955.0,Los Angeles,38.0,0.0,14.347826,47.0,0.0,12.502717,64.4,38.0,55.873363,0.0,0.0,0.0
2262,2017-03-31 14:15:00,2017-03-31 15:45:00,1.5,9014,9779,4,3,9495.75,Los Angeles,20.0,3.0,9.589286,31.0,0.0,6.491071,64.0,37.0,54.43036,0.0,0.0,0.0
2264,2017-03-31 16:00:00,2017-03-31 21:45:00,5.75,10166,12700,8,16,43552.5,Los Angeles,23.0,0.0,10.067708,31.0,0.0,5.828125,75.2,39.0,63.414585,0.0,0.0,0.0
2266,2017-03-31 22:45:00,2017-03-31 23:15:00,0.5,6025,6025,2,1,2529.0,Los Angeles,19.0,5.0,11.1875,27.0,0.0,4.5625,71.6,53.0,65.762505,0.0,0.0,0.0
2268,2017-04-01 00:00:00,2017-04-01 02:15:00,2.25,8185,12576,4,6,14283.0,Los Angeles,24.0,0.0,9.99375,28.0,0.0,0.93125,69.8,47.0,62.8525,0.0,0.0,0.0
2270,2017-04-01 02:30:00,2017-04-01 02:45:00,0.25,4127,4127,1,1,1031.75,Los Angeles,21.0,0.0,7.625,0.0,0.0,0.0,66.2,45.0,59.24375,0.0,0.0,0.0
2272,2017-04-01 03:30:00,2017-04-01 03:45:00,0.25,4009,4009,1,1,1002.25,Los Angeles,21.0,0.0,7.09375,0.0,0.0,0.0,66.2,45.0,58.1625,0.0,0.0,0.0
2274,2017-04-01 11:00:00,2017-04-01 12:15:00,1.25,4603,4603,2,2,5659.25,Los Angeles,10.0,0.0,2.9166667,19.0,0.0,0.59375,63.0,39.0,51.53958,0.0,0.0,0.0
2277,2017-04-02 21:00:00,2017-04-02 21:30:00,0.5,5412,5412,1,2,2701.5,Los Angeles,23.0,0.0,10.041667,29.0,0.0,2.3541667,82.4,53.6,71.362495,0.0,0.0,0.0
2279,2017-04-02 21:45:00,2017-04-02 22:15:00,0.5,4062,4062,1,2,2024.75,Los Angeles,23.0,4.0,10.791667,27.0,0.0,4.0,82.4,53.6,70.77917,0.0,0.0,0.0
2281,2017-04-04 17:45:00,2017-04-04 18:00:00,0.25,3846,3846,1,1,961.5,Los Angeles,11.0,0.0,4.15625,18.0,0.0,1.125,71.6,59.0,64.6875,0.0,0.0,0.0
2283,2017-04-06 21:15:00,2017-04-06 22:00:00,0.75,4632,4632,1,3,3379.0,Los Angeles,20.0,0.0,9.796875,30.0,0.0,2.484375,82.4,62.0,71.125,0.0,0.0,0.0
2286,2017-04-07 16:30:00,2017-04-07 20:00:00,3.5,5328,6026,9,5,16021.0,Los Angeles,22.0,0.0,7.9041667,29.0,0.0,3.0,77.0,51.0,64.659164,0.0,0.0,0.0
2288,2017-04-08 10:30:00,2017-04-08 11:00:00,0.5,3864,3864,1,1,1932.0,Los Angeles,19.0,0.0,4.5208335,22.0,0.0,0.45833334,63.0,45.0,54.583332,0.71029997,0.07,0.014797916
2291,2017-04-10 01:00:00,2017-04-10 01:45:00,0.75,3984,3984,3,1,2987.25,Los Angeles,16.0,0.0,8.578125,18.0,0.0,0.28125,71.6,46.0,63.23125,0.0,0.0,0.0
2294,2017-04-10 15:45:00,2017-04-10 17:30:00,1.75,5966,5977,6,2,8526.5,Los Angeles,14.0,0.0,4.140625,16.0,0.0,0.5,73.4,47.0,60.939064,0.0,0.0,0.0
2296,2017-04-10 19:00:00,2017-04-10 19:30:00,0.5,4246,4246,2,1,2103.25,Los Angeles,14.0,0.0,4.9375,0.0,0.0,0.0,78.8,55.4,68.87917,0.0,0.0,0.0
2298,2017-04-11 16:30:00,2017-04-11 17:00:00,0.5,5058,5058,2,1,2484.5,Los Angeles,14.0,0.0,4.4791665,0.0,0.0,0.0,68.0,50.0,62.595837,0.0,0.0,0.0
2300,2017-04-11 17:45:00,2017-04-11 19:15:00,1.5,4502,4529,4,3,6650.25,Los Angeles,18.0,0.0,6.741071,23.0,0.0,1.2410715,77.0,50.0,66.873215,0.0,0.0,0.0
2302,2017-04-11 19:45:00,2017-04-11 20:30:00,0.75,5363,5401,2,2,3415.75,Los Angeles,15.0,0.0,8.65625,18.0,0.0,1.046875,80.6,50.0,68.18438,0.0,0.0,0.0
2304,2017-04-12 04:00:00,2017-04-12 04:15:00,0.25,3882,3882,1,1,970.5,Los Angeles,16.0,0.0,7.9375,17.0,0.0,0.53125,68.0,50.0,59.675,0.0,0.0,0.0
2306,2017-04-12 05:00:00,2017-04-12 05:15:00,0.25,3812,3812,1,1,953.0,Los Angeles,16.0,0.0,7.34375,0.0,0.0,0.0,68.0,50.0,58.925,0.0,0.0,0.0
2308,2017-04-12 23:15:00,2017-04-12 23:30:00,0.25,3956,3956,1,1,989.0,Los Angeles,21.0,5.0,13.09375,26.0,0.0,7.84375,77.0,55.4,68.76875,0.0,0.0,0.0
2310,2017-04-13 00:00:00,2017-04-13 02:00:00,2.0,4419,4609,5,4,8308.5,Los Angeles,26.0,3.0,13.354167,32.0,0.0,6.576389,73.4,54.0,64.92777,0.0,0.0,0.0
2312,2017-04-13 03:30:00,2017-04-13 04:00:00,0.5,4047,4047,1,1,2023.5,Los Angeles,21.0,0.0,9.729167,26.0,0.0,3.3333333,66.0,51.0,61.07083,0.0,0.0,0.0
2314,2017-04-13 16:30:00,2017-04-13 17:30:00,1.0,4677,4677,4,1,4524.5,Los Angeles,30.0,0.0,8.625,37.0,0.0,1.7625,68.0,47.0,60.905,0.0201,0.02,0.00025125
2316,2017-04-13 18:00:00,2017-04-13 18:15:00,0.25,4831,4831,1,1,1207.75,Los Angeles,26.0,0.0,10.34375,35.0,0.0,2.34375,68.0,53.0,62.5375,0.02,0.02,0.000625
2318,2017-04-17 16:45:00,2017-04-17 17:00:00,0.25,3879,3879,1,1,969.75,Los Angeles,15.0,0.0,4.375,17.0,0.0,0.53125,68.0,57.0,64.45,0.0,0.0,0.0
2320,2017-04-19 04:30:00,2017-04-19 05:00:00,0.5,5240,5240,2,1,2618.0,Los Angeles,12.0,0.0,6.7708335,17.0,0.0,0.35416666,66.2,50.0,60.587498,0.0004,1e-04,8.333333e-06
2322,2017-04-19 05:15:00,2017-04-19 06:15:00,1.0,5964,5964,1,3,4748.0,Los Angeles,16.0,0.0,6.7875,21.0,0.0,0.7125,66.2,50.0,60.35,0.0008,1e-04,1e-05
2324,2017-04-19 12:15:00,2017-04-19 12:30:00,0.25,4081,4081,1,1,1020.25,Los Angeles,17.0,0.0,5.1875,0.0,0.0,0.0,62.6,46.0,56.993748,0.0,0.0,0.0
2326,2017-04-19 16:15:00,2017-04-19 16:30:00,0.25,4375,4375,1,1,1093.75,Los Angeles,8.0,0.0,4.1821876,21.0,0.0,1.3125,73.4,49.0,62.34375,0.0002,1e-04,6.25e-06
2328,2017-04-20 00:00:00,2017-04-20 00:30:00,0.5,4471,4471,1,2,2189.0,Los Angeles,25.0,4.0,11.395833,29.0,0.0,4.6458335,78.0,58.0,69.4625,0.0,0.0,0.0
2330,2017-04-20 18:45:00,2017-04-20 19:30:00,0.75,4217,4217,1,3,3045.25,Los Angeles,25.27,0.0,11.738594,34.0,0.0,5.53125,82.4,53.0,69.52813,0.0,0.0,0.0
2335,2017-04-23 00:45:00,2017-04-23 01:45:00,1.0,19764,19764,2,2,18601.0,Los Angeles,19.0,0.0,10.1,21.0,0.0,2.0375,87.8,67.0,78.740005,0.0,0.0,0.0
2337,2017-04-24 17:00:00,2017-04-24 17:15:00,0.25,4469,4469,1,1,1117.25,Los Angeles,29.0,3.0,9.5625,33.0,0.0,5.65625,73.4,50.0,63.45625,0.0,0.0,0.0
2339,2017-04-25 17:00:00,2017-04-25 22:00:00,5.0,10247,14022,12,9,39730.0,Los Angeles,26.0,0.0,13.869047,31.0,0.0,10.163691,80.6,41.0,67.06012,0.0,0.0,0.0
2341,2017-04-25 22:15:00,2017-04-25 23:00:00,0.75,4262,4262,2,2,3108.75,Los Angeles,25.0,4.0,15.046875,34.0,0.0,12.15625,80.6,54.0,68.67812,0.0,0.0,0.0
2343,2017-04-26 01:15:00,2017-04-26 01:30:00,0.25,3831,3831,1,1,957.75,Los Angeles,33.05,5.0,14.190625,42.76,0.0,10.61,77.0,52.0,66.9625,0.0,0.0,0.0
2345,2017-04-26 04:15:00,2017-04-26 04:45:00,0.5,4096,4096,1,2,2047.75,Los Angeles,33.05,0.0,14.065625,42.76,0.0,12.151666,72.0,48.0,65.0375,0.0,0.0,0.0
2347,2017-04-26 05:15:00,2017-04-26 08:00:00,2.75,5766,5821,4,4,12927.75,Los Angeles,34.0,0.0,12.529167,45.0,0.0,10.647709,72.0,48.0,63.985413,0.0,0.0,0.0
2349,2017-04-26 12:00:00,2017-04-26 12:15:00,0.25,3972,3972,1,1,993.0,Los Angeles,27.0,0.0,7.4375,41.0,0.0,3.78125,70.0,45.0,58.774998,0.0,0.0,0.0
2351,2017-04-26 21:15:00,2017-04-26 22:00:00,0.75,4382,4390,2,2,3128.0,Los Angeles,33.05,0.0,14.205469,46.65,0.0,9.374219,86.0,62.0,73.12813,0.0,0.0,0.0
2353,2017-04-27 18:00:00,2017-04-27 18:15:00,0.25,4382,4382,1,1,1095.5,Los Angeles,29.0,3.0,11.8125,36.0,0.0,8.125,76.0,47.0,67.4,0.02,0.01,0.000625
2355,2017-04-28 01:45:00,2017-04-28 02:30:00,0.75,4106,4187,2,2,3011.75,Los Angeles,31.0,3.0,14.234375,42.0,0.0,14.5,82.0,54.0,70.33437,0.0,0.0,0.0
2357,2017-04-28 03:00:00,2017-04-28 03:45:00,0.75,7652,7652,3,1,5242.75,Los Angeles,25.0,3.0,14.484375,38.0,0.0,16.015625,80.0,53.0,69.17812,0.0,0.0,0.0
2359,2017-04-28 04:00:00,2017-04-29 10:15:00,30.25,29150,84143,64,54,395504.75,Los Angeles,29.0,0.0,12.206455,39.0,0.0,13.634221,87.8,44.0,67.92889,0.0004,1e-04,2.0491802e-07
2361,2017-04-29 11:15:00,2017-04-29 11:45:00,0.5,10851,10851,2,1,4503.25,Los Angeles,27.0,0.0,10.25,36.0,0.0,10.229167,72.0,44.0,62.158337,0.0,0.0,0.0
2363,2017-04-29 14:00:00,2017-04-29 14:30:00,0.5,3861,3861,2,1,1929.75,Los Angeles,20.0,0.0,7.4583335,25.0,0.0,6.1041665,71.0,46.0,62.020832,0.0,0.0,0.0
2365,2017-04-29 16:30:00,2017-04-29 17:15:00,0.75,4447,4465,2,2,3266.75,Los Angeles,23.0,0.0,9.265625,35.0,0.0,11.921875,78.0,53.0,70.774994,0.0,0.0,0.0
2367,2017-04-29 18:00:00,2017-04-29 18:30:00,0.5,3951,3951,1,2,1958.0,Los Angeles,26.0,0.0,11.5,37.0,0.0,9.583333,82.0,61.0,73.924995,0.0,0.0,0.0
2369,2017-04-29 19:15:00,2017-04-29 21:30:00,2.25,4662,4676,4,6,9716.75,Los Angeles,22.0,0.0,12.15,32.0,0.0,8.9125,86.0,64.0,77.16875,0.0,0.0,0.0
2371,2017-04-30 22:30:00,2017-04-30 23:00:00,0.5,4127,4127,1,1,2063.5,Los Angeles,19.0,7.0,10.791667,20.0,0.0,2.9583333,86.0,55.4,77.76666,0.0,0.0,0.0
2373,2017-05-02 03:45:00,2017-05-02 04:15:00,0.5,4545,4545,2,1,2268.0,Los Angeles,17.0,0.0,6.9166665,18.0,0.0,1.4375,77.0,63.0,69.237495,0.0,0.0,0.0
2375,2017-05-02 20:15:00,2017-05-02 21:15:00,1.0,3913,3913,2,2,3901.75,Los Angeles,12.0,0.0,7.6875,15.0,0.0,1.425,91.4,67.0,78.56,0.0,0.0,0.0
2377,2017-05-02 22:15:00,2017-05-02 22:45:00,0.5,4672,4672,1,2,2330.0,Los Angeles,13.0,0.0,8.125,17.0,0.0,1.2708334,93.0,65.0,79.09167,0.0,0.0,0.0
2379,2017-05-02 23:30:00,2017-05-03 00:00:00,0.5,4310,4310,2,1,2144.75,Los Angeles,18.0,0.0,8.9375,22.0,0.0,0.45833334,93.0,65.0,78.041664,0.0,0.0,0.0
2381,2017-05-03 22:00:00,2017-05-04 00:00:00,2.0,4645,4648,3,4,8625.5,Los Angeles,17.0,3.0,8.708333,16.0,0.0,0.7222222,95.0,65.0,81.119446,0.0,0.0,0.0
2383,2017-05-05 05:15:00,2017-05-05 05:30:00,0.25,5224,5224,1,1,1306.0,Los Angeles,17.0,0.0,7.03125,22.0,0.0,1.375,95.0,58.0,65.89375,0.0,0.0,0.0
2389,2017-05-06 16:45:00,2017-05-06 17:00:00,0.25,5239,5239,1,1,1309.75,Los Angeles,22.0,0.0,9.4375,29.0,0.0,3.0,63.0,47.0,58.78125,0.0008,1e-04,2.5e-05
2391,2017-05-06 17:30:00,2017-05-06 18:00:00,0.5,4631,4631,1,2,2303.5,Los Angeles,20.0,3.0,10.333333,26.0,0.0,2.125,66.0,47.0,59.3125,0.00049999997,1e-04,1.0416666e-05
2393,2017-05-06 21:00:00,2017-05-06 21:45:00,0.75,4325,4325,1,3,3198.75,Los Angeles,29.16,3.0,14.378125,42.76,0.0,11.3325,67.0,50.0,61.265625,0.0002,1e-04,3.125e-06
2395,2017-05-07 11:45:00,2017-05-07 12:15:00,0.5,6533,6533,2,1,3187.25,Los Angeles,27.0,0.0,8.541667,36.0,0.0,2.25,60.0,35.0,48.520832,0.24,0.12,0.005
2397,2017-05-07 12:30:00,2017-05-07 16:00:00,3.5,9965,12317,9,4,18331.25,Los Angeles,27.0,0.0,8.6375,36.0,0.0,2.3166666,60.0,35.0,49.62417,0.090500005,0.02,0.00037708334
2399,2017-05-07 18:45:00,2017-05-07 22:45:00,4.0,20735,22231,7,9,27483.75,Los Angeles,25.0,0.0,7.4889708,27.0,0.0,3.0514705,68.0,49.0,58.352207,0.4509,0.04,0.0016577205
2401,2017-05-08 00:15:00,2017-05-08 00:30:00,0.25,4250,4250,1,1,1062.5,Los Angeles,17.0,0.0,7.65625,25.0,0.0,2.96875,60.0,51.8,55.9375,0.53,0.15,0.0165625
2403,2017-05-08 00:45:00,2017-05-08 01:00:00,0.25,5455,5455,1,1,1363.75,Los Angeles,13.0,0.0,6.875,18.0,0.0,1.59375,60.0,48.0,54.58125,0.70019996,0.17,0.021881249
2405,2017-05-08 01:15:00,2017-05-08 01:30:00,0.25,4871,4871,1,1,1217.75,Los Angeles,12.0,0.0,5.78125,18.0,0.0,0.5625,60.0,46.0,54.725,0.08,0.08,0.0025
2407,2017-05-08 02:45:00,2017-05-08 03:30:00,0.75,4055,4055,1,3,3011.0,Los Angeles,8.0,0.0,2.6875,0.0,0.0,0.0,56.0,42.0,53.215626,0.0,0.0,0.0
2409,2017-05-08 16:15:00,2017-05-08 16:30:00,0.25,5658,5658,1,1,1414.5,Los Angeles,9.0,0.0,3.84375,0.0,0.0,0.0,66.0,53.6,58.575,0.0,0.0,0.0
2411,2017-05-10 06:00:00,2017-05-10 06:30:00,0.5,5497,5497,2,1,2747.75,Los Angeles,21.0,0.0,8.791667,30.0,0.0,2.2916667,64.4,48.0,58.837498,0.00059999997,1e-04,1.25e-05
2413,2017-05-10 20:45:00,2017-05-10 21:45:00,1.0,4445,4669,2,2,4272.75,Los Angeles,21.0,0.0,8.225,26.0,0.0,2.15,72.0,56.0,65.020004,1e-04,1e-04,1.25e-06
2415,2017-05-11 17:00:00,2017-05-11 17:15:00,0.25,4852,4852,1,1,1213.0,Los Angeles,14.0,0.0,7.0625,18.0,0.0,0.5625,73.0,56.0,65.7375,0.0,0.0,0.0
2417,2017-05-11 17:45:00,2017-05-11 19:30:00,1.75,6817,6854,3,4,9030.75,Los Angeles,16.0,0.0,7.8515625,19.0,0.0,0.8125,80.0,56.0,68.62187,0.0,0.0,0.0
2419,2017-05-13 03:30:00,2017-05-13 03:45:00,0.25,6817,6817,1,1,1704.25,Los Angeles,27.0,0.0,9.0625,36.0,0.0,4.65625,68.0,45.0,59.331253,0.0,0.0,0.0
2421,2017-05-13 18:00:00,2017-05-13 18:15:00,0.25,4858,4858,1,1,1214.5,Los Angeles,27.0,3.0,10.030624,36.0,0.0,7.31875,74.0,47.0,65.4125,0.0,0.0,0.0
2424,2017-05-18 20:15:00,2017-05-18 20:45:00,0.5,4625,4625,1,2,2311.0,Los Angeles,17.0,0.0,9.25,22.0,0.0,2.1666667,80.6,64.0,71.512505,0.0,0.0,0.0
2426,2017-05-18 21:30:00,2017-05-18 22:00:00,0.5,6786,6786,1,2,3155.25,Los Angeles,14.0,5.0,9.625,27.0,0.0,5.6875,79.0,65.0,72.19583,0.0,0.0,0.0
2428,2017-05-18 22:15:00,2017-05-19 00:00:00,1.75,7339,7359,4,4,10903.75,Los Angeles,20.0,3.0,9.4765625,27.0,0.0,4.8671875,80.6,64.0,72.10469,0.0,0.0,0.0
2433,2017-05-21 13:00:00,2017-05-21 13:15:00,0.25,8522,8522,1,1,2130.5,Los Angeles,8.0,0.0,1.9375,0.0,0.0,0.0,72.0,55.4,63.95,0.0,0.0,0.0
2435,2017-05-21 17:15:00,2017-05-21 17:30:00,0.25,4862,4862,1,1,1215.5,Los Angeles,8.0,0.0,4.90625,0.0,0.0,0.0,89.0,55.4,77.456245,0.0,0.0,0.0
2437,2017-05-21 20:45:00,2017-05-21 21:45:00,1.0,5420,5542,3,2,5260.5,Los Angeles,20.0,4.0,10.2125,25.0,0.0,3.025,96.0,55.4,82.725,0.0,0.0,0.0
2439,2017-05-21 23:15:00,2017-05-22 08:00:00,8.75,6017,9440,14,17,44007.25,Los Angeles,21.0,0.0,8.073681,24.0,0.0,0.625,95.0,55.4,73.28334,0.0,0.0,0.0
2441,2017-05-22 08:30:00,2017-05-22 08:45:00,0.25,3946,3946,1,1,986.5,Los Angeles,12.0,0.0,5.34375,16.0,0.0,0.5,84.2,33.8,63.60625,0.0,0.0,0.0
2443,2017-05-22 16:15:00,2017-05-22 17:00:00,0.75,16440,16440,2,2,8876.75,Los Angeles,11.0,0.0,4.484375,0.0,0.0,0.0,84.0,57.0,70.02812,0.0,0.0,0.0
2445,2017-05-22 19:00:00,2017-05-22 20:15:00,1.25,4018,4040,3,3,4984.0,Los Angeles,12.0,0.0,7.21875,17.0,0.0,1.03125,94.0,61.0,78.63125,0.0,0.0,0.0
2447,2017-05-22 21:00:00,2017-05-22 21:15:00,0.25,3826,3826,1,1,956.5,Los Angeles,13.0,4.0,8.46875,16.0,0.0,1.4375,95.0,61.0,79.6125,0.0,0.0,0.0
2449,2017-05-23 00:30:00,2017-05-23 01:15:00,0.75,4358,4409,2,2,3234.25,Los Angeles,18.0,3.0,10.6875,21.0,0.0,0.65625,95.0,59.0,76.85625,0.0,0.0,0.0
2451,2017-05-23 01:45:00,2017-05-23 02:15:00,0.5,4348,4348,1,2,2173.75,Los Angeles,17.0,3.0,9.625,22.0,0.0,0.45833334,89.0,59.0,74.0625,0.0,0.0,0.0
2453,2017-05-23 21:30:00,2017-05-23 22:30:00,1.0,5587,5588,2,3,5566.5,Los Angeles,21.0,0.0,9.275,28.0,0.0,3.125,98.0,61.0,78.6175,0.0,0.0,0.0
2455,2017-05-24 16:45:00,2017-05-24 18:00:00,1.25,5741,5908,4,2,5955.5,Los Angeles,21.0,0.0,6.71875,28.0,0.0,1.2604166,89.0,57.0,67.04791,0.0,0.0,0.0
2457,2017-05-24 19:00:00,2017-05-24 19:15:00,0.25,4124,4124,1,1,1031.0,Los Angeles,23.0,0.0,8.46875,28.0,0.0,3.1875,91.0,61.0,72.0875,0.0,0.0,0.0
2459,2017-05-24 19:45:00,2017-05-24 20:45:00,1.0,4881,4940,3,2,4540.25,Los Angeles,27.0,0.0,10.3625,31.0,0.0,3.3,89.0,60.0,73.447495,0.0,0.0,0.0
2461,2017-05-24 21:15:00,2017-05-24 23:45:00,2.5,8759,9796,6,5,14390.0,Los Angeles,26.0,0.0,11.9430685,33.0,0.0,3.417159,89.0,55.0,73.582954,0.0,0.0,0.0
2463,2017-05-25 00:00:00,2017-05-25 00:45:00,0.75,4952,4952,1,3,3594.5,Los Angeles,25.0,3.0,12.140312,33.0,0.0,3.0065625,85.0,54.0,70.25,0.0,0.0,0.0
2465,2017-05-26 02:00:00,2017-05-26 03:15:00,1.25,6463,6464,2,3,8053.0,Los Angeles,23.0,5.0,9.541667,31.0,0.0,2.2916667,67.0,49.0,61.46458,1e-04,1e-04,1.0416667e-06
2467,2017-05-26 03:45:00,2017-05-26 05:15:00,1.5,7676,7750,3,3,10172.25,Los Angeles,24.0,0.0,8.026786,30.0,0.0,4.0625,66.2,46.0,59.63214,0.0002,1e-04,1.7857143e-06
2470,2017-05-27 22:00:00,2017-05-27 22:30:00,0.5,4420,4420,2,1,2167.0,Los Angeles,16.0,3.0,9.229167,17.0,0.0,2.5208333,87.8,60.0,71.49167,0.0,0.0,0.0
2473,2017-05-29 17:15:00,2017-05-29 18:00:00,0.75,10181,10181,2,1,7635.5,Los Angeles,9.0,0.0,4.8125,0.0,0.0,0.0,86.0,55.0,66.81875,0.0,0.0,0.0
2475,2017-05-30 21:00:00,2017-05-30 21:15:00,0.25,3844,3844,1,1,961.0,Los Angeles,17.0,0.0,8.25,24.0,0.0,3.34375,94.0,62.0,73.6125,0.0,0.0,0.0
2477,2017-05-31 00:45:00,2017-05-31 01:45:00,1.0,5392,5392,4,1,5377.75,Los Angeles,19.44,3.0,9.5665,22.0,0.0,1.4875,87.0,56.0,68.61,0.0,0.0,0.0
2481,2017-06-02 18:45:00,2017-06-02 22:15:00,3.5,4650,4706,4,10,15348.75,Los Angeles,18.0,3.0,8.241667,20.0,0.0,1.5291667,96.0,64.0,77.64916,0.0,0.0,0.0
2483,2017-06-02 22:45:00,2017-06-02 23:15:00,0.5,3917,3917,1,2,1958.25,Los Angeles,16.0,4.0,9.291667,24.0,0.0,2.6041667,94.0,64.0,79.1625,0.0,0.0,0.0
2485,2017-06-03 00:00:00,2017-06-03 02:15:00,2.25,23178,23178,5,2,42985.0,Los Angeles,19.0,0.0,9.49375,37.0,0.0,2.14375,95.0,62.0,75.208755,0.0,0.0,0.0
2487,2017-06-04 03:30:00,2017-06-04 04:30:00,1.0,4086,4086,3,1,4077.25,Los Angeles,14.0,0.0,7.0875,18.0,0.0,0.225,83.0,57.0,67.2625,0.0,0.0,0.0
2490,2017-06-07 04:30:00,2017-06-07 05:45:00,1.25,4759,4759,1,5,5877.0,Los Angeles,12.0,0.0,5.7291665,0.0,0.0,0.0,77.0,55.0,64.57083,0.0,0.0,0.0
2492,2017-06-07 17:00:00,2017-06-07 18:00:00,1.0,5918,5928,3,2,4778.75,Los Angeles,14.0,0.0,4.825,18.0,0.0,0.425,90.0,56.0,67.235,0.0,0.0,0.0
2494,2017-06-07 18:15:00,2017-06-07 21:45:00,3.5,18317,20486,7,8,23720.5,Los Angeles,24.0,0.0,7.9416666,29.0,0.0,1.8208333,91.0,56.0,70.69917,0.0,0.0,0.0
2496,2017-06-08 02:15:00,2017-06-08 02:30:00,0.25,3975,3975,1,1,993.75,Los Angeles,16.0,3.0,8.53125,20.0,0.0,1.75,83.0,55.0,66.875,0.0,0.0,0.0
2498,2017-06-08 02:45:00,2017-06-08 03:00:00,0.25,3957,3957,1,1,989.25,Los Angeles,21.0,0.0,8.34375,26.0,0.0,1.5,78.0,55.0,64.9375,0.0,0.0,0.0
2500,2017-06-08 04:00:00,2017-06-08 05:15:00,1.25,17054,23751,2,4,15290.75,Los Angeles,16.0,0.0,6.375,0.0,0.0,0.0,74.0,54.0,63.885418,0.0,0.0,0.0
2502,2017-06-08 17:15:00,2017-06-09 01:30:00,8.25,11024,11940,13,18,57413.25,Los Angeles,20.0,0.0,9.806985,27.0,0.0,2.7904413,84.0,57.0,69.08161,1e-04,1e-04,1.8382353e-07
2504,2017-06-09 04:00:00,2017-06-09 04:15:00,0.25,4365,4365,1,1,1091.25,Los Angeles,17.0,0.0,9.65625,24.0,0.0,2.8125,73.0,54.0,64.1625,0.0,0.0,0.0
2506,2017-06-11 23:45:00,2017-06-12 01:15:00,1.5,4355,4408,2,5,6426.75,Los Angeles,23.0,0.0,12.017858,29.0,0.0,6.026786,71.6,57.0,64.71429,0.0,0.0,0.0
2508,2017-06-13 14:30:00,2017-06-13 14:45:00,0.25,5138,5138,1,1,1284.5,Los Angeles,20.0,0.0,4.34375,0.0,0.0,0.0,66.0,49.0,60.881252,0.0,0.0,0.0
2510,2017-06-13 17:00:00,2017-06-13 18:00:00,1.0,20698,20698,3,2,19257.0,Los Angeles,10.0,0.0,5.6125,0.0,0.0,0.0,78.0,64.0,70.0825,0.0,0.0,0.0
2512,2017-06-14 15:30:00,2017-06-14 15:45:00,0.25,3916,3916,1,1,979.0,Los Angeles,12.0,0.0,2.21875,18.0,0.0,0.5625,73.0,62.0,68.85,0.0,0.0,0.0
2515,2017-06-16 15:45:00,2017-06-16 16:00:00,0.25,3938,3938,1,1,984.5,Los Angeles,15.0,0.0,4.0625,21.0,0.0,1.3125,91.4,66.0,74.875,0.0,0.0,0.0
2517,2017-06-16 19:30:00,2017-06-16 23:45:00,4.25,5555,7148,9,9,20050.25,Los Angeles,16.0,0.0,8.152778,20.0,0.0,0.8715278,102.0,65.0,85.609726,0.0,0.0,0.0
2519,2017-06-17 20:30:00,2017-06-17 21:00:00,0.5,4724,4724,2,1,2361.75,Los Angeles,14.0,3.0,8.458333,22.0,0.0,1.875,104.0,65.0,84.63333,0.0,0.0,0.0
2521,2017-06-18 16:45:00,2017-06-18 17:30:00,0.75,5926,5926,3,1,4352.0,Los Angeles,10.0,0.0,3.828125,16.0,0.0,1.0,93.0,60.8,79.44688,0.0,0.0,0.0
2523,2017-06-18 19:30:00,2017-06-18 20:00:00,0.5,11326,11326,1,1,5663.0,Los Angeles,20.0,0.0,7.5833335,27.0,0.0,1.6458334,104.0,60.8,83.1,0.0,0.0,0.0
2525,2017-06-19 15:00:00,2017-06-19 15:15:00,0.25,3933,3933,1,1,983.25,Los Angeles,11.0,0.0,2.8125,0.0,0.0,0.0,87.0,62.0,72.31875,0.0,0.0,0.0
2527,2017-06-19 20:30:00,2017-06-19 21:30:00,1.0,4902,4902,2,3,4872.75,Los Angeles,16.0,0.0,7.55,17.0,0.0,0.2125,108.0,67.0,85.85,0.0,0.0,0.0
2529,2017-06-20 15:45:00,2017-06-20 17:15:00,1.5,6095,6225,4,3,8847.75,Los Angeles,10.0,0.0,3.5892856,0.0,0.0,0.0,96.0,60.8,76.953575,0.0007,1e-04,6.25e-06
2531,2017-06-21 08:00:00,2017-06-21 10:00:00,2.0,3954,4025,3,5,7859.75,Los Angeles,17.0,0.0,5.3541665,0.0,0.0,0.0,89.6,59.0,71.19028,0.0009,1e-04,6.25e-06
2533,2017-06-21 16:45:00,2017-06-21 19:45:00,3.0,13304,13707,7,6,34384.5,Los Angeles,14.0,0.0,7.3413463,19.0,0.0,1.1634616,104.0,61.0,82.09423,0.0,0.0,0.0
2535,2017-06-23 17:15:00,2017-06-23 17:45:00,0.5,4151,4151,2,1,2057.75,Los Angeles,9.0,0.0,4.7291665,0.0,0.0,0.0,100.0,62.0,75.666664,0.0,0.0,0.0
2537,2017-06-23 18:00:00,2017-06-23 18:45:00,0.75,4037,4050,2,2,2943.0,Los Angeles,13.0,0.0,7.03125,14.0,0.0,0.21875,104.0,63.0,77.69062,0.0,0.0,0.0
2539,2017-06-24 09:15:00,2017-06-24 10:15:00,1.0,4064,4064,2,3,3945.25,Los Angeles,19.0,0.0,6.4625,0.0,0.0,0.0,86.0,57.0,66.75,0.0,0.0,0.0
2541,2017-06-25 07:30:00,2017-06-25 07:45:00,0.25,7689,7689,1,1,1922.25,Los Angeles,13.0,0.0,5.65625,0.0,0.0,0.0,85.0,61.0,70.756256,0.0,0.0,0.0
2543,2017-06-25 23:30:00,2017-06-26 02:30:00,3.0,7111,7585,8,5,15432.5,Los Angeles,23.0,0.0,11.115385,30.0,0.0,4.576923,107.6,61.0,83.434616,0.0,0.0,0.0
2545,2017-06-26 15:15:00,2017-06-26 22:30:00,7.25,16904,20538,19,11,113626.75,Los Angeles,25.0,0.0,8.699917,36.0,0.0,3.2008333,104.0,65.0,87.728745,0.0,0.0,0.0
2547,2017-06-27 14:45:00,2017-06-27 15:45:00,1.0,3896,3930,3,2,3873.75,Los Angeles,13.0,0.0,4.1,16.0,0.0,0.2,88.0,64.0,75.052505,0.0,0.0,0.0
2549,2017-06-27 22:00:00,2017-06-27 22:30:00,0.5,6966,6966,1,2,3256.25,Los Angeles,21.0,3.0,11.0,29.0,0.0,4.6458335,98.6,65.0,84.92083,0.0,0.0,0.0
2551,2017-06-27 22:45:00,2017-06-27 23:45:00,1.0,5594,5599,2,3,5267.25,Los Angeles,21.0,3.0,10.8625,28.0,0.0,4.4875,96.0,64.0,84.1125,0.0,0.0,0.0
2553,2017-06-28 06:30:00,2017-06-28 07:45:00,1.25,4903,5426,2,4,5832.75,Los Angeles,18.0,0.0,6.5416665,21.0,0.0,0.21875,87.8,57.0,69.88958,1e-04,1e-04,1.0416667e-06
2555,2017-06-29 04:45:00,2017-06-29 05:15:00,0.5,4134,4134,2,1,2066.5,Los Angeles,18.0,3.0,7.125,18.0,0.0,1.125,77.0,58.0,67.149994,0.0,0.0,0.0
2557,2017-06-29 06:00:00,2017-06-29 07:00:00,1.0,4440,4440,3,1,4417.75,Los Angeles,16.0,0.0,7.1625,22.0,0.0,1.5625,76.0,57.0,66.835,0.0,0.0,0.0
2559,2017-06-29 23:30:00,2017-06-29 23:45:00,0.25,5002,5002,1,1,1250.5,Los Angeles,28.0,3.0,10.9375,27.0,0.0,3.25,97.0,62.6,76.875,0.0,0.0,0.0
2561,2017-06-30 00:45:00,2017-06-30 01:00:00,0.25,4555,4555,1,1,1138.75,Los Angeles,30.0,4.0,11.21875,33.0,0.0,3.71875,93.0,57.0,74.85625,0.0,0.0,0.0
2563,2017-06-30 01:45:00,2017-06-30 05:15:00,3.5,7031,7895,3,11,19803.25,Los Angeles,27.0,0.0,8.8865,40.0,0.0,2.2208333,90.0,57.0,69.15833,0.0,0.0,0.0
2565,2017-06-30 11:15:00,2017-06-30 12:15:00,1.0,4608,4648,2,3,4308.75,Los Angeles,20.0,0.0,4.65,28.0,0.0,0.7,74.0,56.0,63.45,0.0,0.0,0.0
2567,2017-06-30 15:00:00,2017-06-30 16:00:00,1.0,7312,7463,2,3,5195.75,Los Angeles,16.0,0.0,3.3,23.0,0.0,0.8625,84.0,56.0,66.4225,0.0,0.0,0.0
2569,2017-06-30 21:30:00,2017-06-30 22:00:00,0.5,3912,3912,1,2,1955.0,Los Angeles,16.0,0.0,7.7291665,0.0,0.0,0.0,102.0,66.0,79.0625,0.0,0.0,0.0
2571,2017-06-30 22:30:00,2017-06-30 23:30:00,1.0,4282,4287,3,2,4251.25,Los Angeles,16.0,0.0,8.6125,18.0,0.0,1.8,102.0,66.0,79.3575,0.0,0.0,0.0
2573,2017-06-30 23:45:00,2017-07-01 00:15:00,0.5,4673,4673,1,2,2270.25,Los Angeles,17.0,4.0,9.458333,24.0,0.0,0.7916667,101.0,66.0,78.887505,0.0,0.0,0.0
2575,2017-07-01 16:45:00,2017-07-01 21:15:00,4.5,5341,5382,7,10,18649.75,Los Angeles,20.0,0.0,6.6776314,24.0,0.0,1.1644737,101.0,63.0,74.45132,0.0,0.0,0.0
2577,2017-07-03 17:15:00,2017-07-03 18:45:00,1.5,7477,7479,5,2,11103.75,Los Angeles,15.0,0.0,4.973214,24.0,0.0,1.5178572,93.0,64.0,74.72679,0.0,0.0,0.0
2579,2017-07-03 21:15:00,2017-07-03 21:30:00,0.25,4854,4854,1,1,1213.5,Los Angeles,20.0,3.0,8.875,23.0,0.0,1.4375,95.0,68.0,82.868744,0.0,0.0,0.0
2581,2017-07-05 15:15:00,2017-07-05 21:30:00,6.25,9286,12428,17,9,42461.5,Los Angeles,16.0,0.0,6.0048075,23.0,0.0,1.15625,106.0,60.0,79.97067,0.0,0.0,0.0
2583,2017-07-06 16:30:00,2017-07-06 17:15:00,0.75,5239,5239,3,1,3865.0,Los Angeles,14.0,0.0,4.03125,0.0,0.0,0.0,97.0,64.4,79.525,0.0,0.0,0.0
2585,2017-07-07 11:30:00,2017-07-07 14:45:00,3.25,9596,10555,3,8,17274.25,Los Angeles,19.0,0.0,2.8526785,29.0,0.0,1.6607143,90.0,64.4,73.036606,0.0,0.0,0.0
2587,2017-07-07 16:00:00,2017-07-08 12:15:00,20.25,6944,13438,40,37,98722.75,Los Angeles,18.0,0.0,5.8292685,23.0,0.0,0.5731707,109.0,68.0,84.26219,0.0014999999,1e-04,1.1432926e-06
2589,2017-07-09 01:45:00,2017-07-09 05:45:00,4.0,10638,10802,9,7,28422.5,Los Angeles,19.0,0.0,6.8933825,18.0,0.0,0.125,104.0,72.0,83.76324,0.0,0.0,0.0
2591,2017-07-09 07:30:00,2017-07-09 08:30:00,1.0,4044,4082,3,2,3992.75,Los Angeles,17.0,0.0,5.8625,32.0,0.0,0.65,91.0,64.4,77.854996,1e-04,1e-04,1.25e-06
2593,2017-07-09 10:00:00,2017-07-09 18:45:00,8.75,44327,45380,12,8,304563.0,Los Angeles,21.0,0.0,4.107639,29.0,0.0,0.7638889,100.0,64.4,77.77327,0.0008,1e-04,1.3888889e-06
2595,2017-07-10 04:00:00,2017-07-10 04:45:00,0.75,4154,4154,3,1,3081.75,Los Angeles,18.0,0.0,6.53125,19.0,0.0,0.765625,87.0,64.4,77.49687,0.0,0.0,0.0
2597,2017-07-10 05:00:00,2017-07-10 06:15:00,1.25,4205,4217,3,3,5052.75,Los Angeles,15.0,0.0,5.9166665,0.0,0.0,0.0,86.0,64.4,76.77292,0.0,0.0,0.0
2599,2017-07-10 16:00:00,2017-07-10 16:45:00,0.75,12686,12686,1,3,8797.25,Los Angeles,16.0,0.0,5.078125,20.0,0.0,0.3125,93.0,70.0,81.74062,1e-04,1e-04,1.5625e-06
2601,2017-07-11 17:00:00,2017-07-11 17:15:00,0.25,4993,4993,1,1,1248.25,Los Angeles,19.0,0.0,6.40625,22.0,0.0,1.375,89.0,67.0,78.725,0.0,0.0,0.0
2603,2017-07-11 20:15:00,2017-07-11 22:00:00,1.75,6368,6556,4,4,8885.25,Los Angeles,25.0,0.0,10.7421875,31.0,0.0,3.8984375,94.0,69.0,83.99062,0.0,0.0,0.0
2605,2017-07-12 06:30:00,2017-07-12 07:00:00,0.5,7221,7221,1,2,3391.75,Los Angeles,21.0,0.0,8.395833,24.0,0.0,1.3125,87.8,67.0,72.9,0.0,0.0,0.0
2607,2017-07-12 08:30:00,2017-07-12 09:45:00,1.25,6310,6310,4,1,7875.5,Los Angeles,18.0,0.0,5.0520835,20.0,0.0,0.40625,87.8,62.0,69.84375,0.0,0.0,0.0
2609,2017-07-12 13:30:00,2017-07-12 15:45:00,2.25,4960,5228,7,3,9324.75,Los Angeles,17.0,0.0,3.70625,20.0,0.0,0.125,91.4,61.0,70.92,0.0,0.0,0.0
2611,2017-07-12 16:45:00,2017-07-12 22:45:00,6.0,5290,6342,12,12,27985.25,Los Angeles,22.0,0.0,9.0025,28.0,0.0,1.9475,97.0,65.0,80.6445,0.0,0.0,0.0
2613,2017-07-14 12:30:00,2017-07-14 12:45:00,0.25,8123,8123,1,1,2030.75,Los Angeles,11.0,0.0,3.40625,0.0,0.0,0.0,75.0,62.0,67.149994,0.0,0.0,0.0
2615,2017-07-14 13:00:00,2017-07-14 13:45:00,0.75,8376,8376,1,3,6150.75,Los Angeles,13.0,0.0,3.171875,20.0,0.0,0.3125,78.0,62.0,67.32187,0.0,0.0,0.0
2617,2017-07-17 05:15:00,2017-07-17 06:15:00,1.0,5062,5062,3,1,5000.75,Los Angeles,15.0,0.0,6.975,19.0,0.0,1.1375,87.0,64.0,74.0125,0.0,0.0,0.0
2619,2017-07-18 03:30:00,2017-07-18 04:00:00,0.5,6188,6188,2,1,2635.5,Los Angeles,16.0,0.0,7.75,21.0,0.0,1.2291666,88.0,64.0,74.5375,0.0,0.0,0.0
2621,2017-07-18 04:15:00,2017-07-18 04:30:00,0.25,5727,5727,1,1,1431.75,Los Angeles,14.0,0.0,7.46875,19.0,0.0,1.1875,87.0,63.0,74.06875,0.0,0.0,0.0
2623,2017-07-18 17:45:00,2017-07-18 18:00:00,0.25,9767,9767,1,1,2441.75,Los Angeles,25.0,0.0,7.46875,29.0,0.0,1.8125,96.0,70.0,80.7625,0.0,0.0,0.0
2625,2017-07-18 18:15:00,2017-07-18 18:45:00,0.5,12043,12043,2,1,6021.0,Los Angeles,25.0,0.0,7.7708335,29.0,0.0,1.7083334,99.0,70.0,81.67917,0.0,0.0,0.0
2627,2017-07-19 15:15:00,2017-07-19 15:30:00,0.25,4600,4600,1,1,1150.0,Los Angeles,13.0,0.0,3.53125,0.0,0.0,0.0,84.0,65.0,73.524994,0.0,0.0,0.0
2629,2017-07-20 00:30:00,2017-07-20 01:30:00,1.0,3803,3803,1,2,3802.0,Los Angeles,19.0,0.0,9.85,23.0,0.0,1.0375,98.0,69.0,81.065,0.0,0.0,0.0
2632,2017-07-24 20:30:00,2017-07-24 20:45:00,0.25,8426,8426,1,1,2106.5,Los Angeles,21.0,0.0,9.46875,26.0,0.0,1.53125,87.0,68.0,77.9375,0.0,0.0,0.0
2635,2017-07-25 17:00:00,2017-07-25 21:00:00,4.0,4535,4831,9,7,16848.25,Los Angeles,16.0,0.0,7.5,25.0,0.0,0.7352941,95.0,68.0,78.299995,0.0,0.0,0.0
2637,2017-07-26 20:00:00,2017-07-26 20:30:00,0.5,4038,4038,1,2,2011.25,Los Angeles,18.0,0.0,9.354167,23.0,0.0,2.7916667,97.0,69.0,82.05417,0.0,0.0,0.0
2639,2017-07-27 16:45:00,2017-07-27 21:45:00,5.0,5506,5985,7,13,25687.5,Los Angeles,18.0,0.0,7.0238094,21.0,0.0,1.0297619,101.0,66.0,82.20238,0.0,0.0,0.0
2641,2017-07-28 16:45:00,2017-07-28 17:00:00,0.25,3816,3816,1,1,954.0,Los Angeles,12.0,0.0,4.5,17.0,0.0,1.0625,91.0,65.0,76.649994,0.0,0.0,0.0
2643,2017-07-28 23:45:00,2017-07-29 00:00:00,0.25,4157,4157,1,1,1039.25,Los Angeles,22.0,4.0,11.40625,25.0,0.0,4.15625,97.0,67.0,79.3125,0.0,0.0,0.0
2645,2017-07-29 02:00:00,2017-07-29 03:00:00,1.0,4571,4584,2,3,4350.75,Los Angeles,20.0,0.0,8.5,30.0,0.0,1.2125,89.0,63.0,73.94,0.0,0.0,0.0
2647,2017-07-29 03:15:00,2017-07-29 12:30:00,9.25,7767,9826,11,16,44100.5,Los Angeles,17.0,0.0,5.5586514,21.0,0.0,0.32730263,85.0,60.0,69.27467,0.0,0.0,0.0
2649,2017-07-29 15:45:00,2017-07-29 17:15:00,1.5,8052,8134,5,2,11728.5,Los Angeles,9.0,0.0,3.3839285,0.0,0.0,0.0,91.0,67.0,75.5875,0.0,0.0,0.0
2651,2017-07-30 04:15:00,2017-07-30 04:45:00,0.5,3842,3842,1,1,1921.0,Los Angeles,18.0,0.0,7.375,14.0,0.0,0.875,86.0,62.0,71.629166,0.0,0.0,0.0
2653,2017-07-30 06:15:00,2017-07-30 11:00:00,4.75,9446,9723,6,6,33147.0,Los Angeles,15.0,0.0,5.190625,19.0,0.0,0.54375,86.0,60.8,70.1225,0.0,0.0,0.0
2655,2017-07-31 14:30:00,2017-07-31 15:45:00,1.25,4936,4936,3,1,5743.25,Los Angeles,20.0,0.0,3.8125,26.0,0.0,1.5729166,90.0,59.0,69.566666,0.0,0.0,0.0
2657,2017-07-31 16:45:00,2017-07-31 17:30:00,0.75,4066,4066,3,1,2987.0,Los Angeles,19.0,0.0,4.703125,24.0,0.0,1.5,100.4,66.0,75.037506,0.0,0.0,0.0
2659,2017-08-01 23:15:00,2017-08-01 23:30:00,0.25,3889,3889,1,1,972.25,Los Angeles,16.0,0.0,8.1875,21.0,0.0,2.65625,103.0,70.0,90.24375,0.0,0.0,0.0
2661,2017-08-02 00:45:00,2017-08-02 01:45:00,1.0,4389,4389,1,4,4370.0,Los Angeles,23.0,0.0,8.5375,30.0,0.0,2.575,100.4,69.0,84.494995,0.12020001,0.05,0.0015025001
2663,2017-08-02 21:15:00,2017-08-02 22:00:00,0.75,4625,4635,2,2,3103.25,Los Angeles,11.0,0.0,6.265625,0.0,0.0,0.0,98.6,73.0,88.32188,0.0004,1e-04,6.25e-06
2665,2017-08-03 04:00:00,2017-08-03 04:30:00,0.5,4721,4721,1,2,2351.25,Los Angeles,13.0,3.0,6.3333335,0.0,0.0,0.0,87.0,71.0,79.15,0.0,0.0,0.0
2667,2017-08-03 05:15:00,2017-08-03 05:30:00,0.25,3807,3807,1,1,951.75,Los Angeles,10.0,0.0,5.9375,0.0,0.0,0.0,86.0,71.0,78.93125,0.0,0.0,0.0
2669,2017-08-03 19:00:00,2017-08-03 21:30:00,2.5,8949,9231,6,5,18292.0,Los Angeles,18.0,0.0,7.5852275,22.0,0.0,1.3125,98.6,73.0,87.51477,0.0004,1e-04,2.2727272e-06
2671,2017-08-04 04:45:00,2017-08-04 06:45:00,2.0,5347,5444,5,4,10323.75,Los Angeles,15.0,0.0,6.548611,0.0,0.0,0.0,84.2,70.0,76.9111,0.0,0.0,0.0
2673,2017-08-04 18:00:00,2017-08-04 19:30:00,1.5,6763,6764,5,2,8108.75,Los Angeles,14.0,0.0,7.1875,17.0,0.0,1.1517857,95.0,70.0,83.325005,0.0,0.0,0.0
2675,2017-08-04 19:45:00,2017-08-04 20:15:00,0.5,4513,4513,1,2,2246.75,Los Angeles,14.0,0.0,8.9375,20.0,0.0,4.0,97.0,71.0,85.25,0.0,0.0,0.0
2677,2017-08-05 08:30:00,2017-08-05 09:15:00,0.75,4602,4602,1,1,3451.5,Los Angeles,12.0,0.0,4.53125,16.0,0.0,0.25,82.4,63.0,71.8875,0.0,0.0,0.0
2679,2017-08-06 23:45:00,2017-08-07 00:00:00,0.25,3803,3803,1,1,950.75,Los Angeles,23.0,4.0,10.90625,28.0,0.0,5.25,94.0,62.6,80.5125,0.0,0.0,0.0
2681,2017-08-07 05:15:00,2017-08-07 05:30:00,0.25,4699,4699,1,1,1174.75,Los Angeles,15.0,4.0,8.28125,0.0,0.0,0.0,81.0,61.0,71.65625,0.0,0.0,0.0
2683,2017-08-08 02:45:00,2017-08-08 05:45:00,3.0,12031,13771,5,7,30517.25,Los Angeles,16.0,0.0,7.9134617,17.0,0.0,0.61538464,87.8,68.0,75.09327,0.0,0.0,0.0
2685,2017-08-08 06:45:00,2017-08-08 08:15:00,1.5,4110,4116,2,4,6160.0,Los Angeles,18.0,0.0,7.080357,26.0,0.0,1.4821428,87.8,64.4,73.25715,0.0,0.0,0.0
2687,2017-08-08 08:30:00,2017-08-08 11:30:00,3.0,6550,7136,2,7,17805.75,Los Angeles,18.0,0.0,4.3365383,26.0,0.0,1.0480769,87.8,62.6,70.5298,0.0,0.0,0.0
2689,2017-08-08 13:45:00,2017-08-08 21:30:00,7.75,8752,10548,11,19,45016.75,Los Angeles,15.0,0.0,5.9101562,20.0,0.0,0.43359375,97.0,62.6,78.84062,0.0,0.0,0.0
2691,2017-08-08 23:30:00,2017-08-09 08:45:00,9.25,11456,18972,12,21,58467.75,Los Angeles,33.05,0.0,8.464145,22.0,0.0,0.8569079,96.0,64.4,76.18881,0.0,0.0,0.0
2693,2017-08-09 12:45:00,2017-08-09 14:30:00,1.75,6424,6424,3,4,9689.5,Los Angeles,11.0,0.0,3.109375,0.0,0.0,0.0,71.0,61.0,66.6,0.0,0.0,0.0
2695,2017-08-09 22:15:00,2017-08-09 23:15:00,1.0,8087,8087,1,4,7607.25,Los Angeles,17.0,3.0,10.175,20.0,0.0,3.75,98.0,67.0,83.0775,0.0,0.0,0.0
2697,2017-08-10 16:30:00,2017-08-10 17:15:00,0.75,3959,3959,2,2,2915.25,Los Angeles,9.0,0.0,3.75,15.0,0.0,0.703125,88.0,64.0,77.47188,0.0,0.0,0.0
2699,2017-08-11 16:45:00,2017-08-11 17:00:00,0.25,4379,4379,1,1,1094.75,Los Angeles,9.0,0.0,4.5,0.0,0.0,0.0,89.0,65.0,76.6875,0.0,0.0,0.0
2701,2017-08-11 17:15:00,2017-08-11 19:00:00,1.75,5595,5598,6,2,8726.5,Los Angeles,10.0,0.0,5.1796875,0.0,0.0,0.0,96.0,65.0,79.63281,0.0,0.0,0.0
2703,2017-08-12 08:30:00,2017-08-12 09:00:00,0.5,4620,4620,2,1,2308.5,Los Angeles,14.0,0.0,4.4791665,14.0,0.0,0.875,91.4,62.6,70.854164,0.0,0.0,0.0
2707,2017-08-14 21:30:00,2017-08-15 00:45:00,3.25,7577,8504,4,10,20225.25,Los Angeles,26.0,3.0,11.325892,31.0,0.0,3.580357,89.0,63.0,76.50446,0.0,0.0,0.0
2709,2017-08-15 16:15:00,2017-08-15 19:15:00,3.0,8491,9238,5,7,18369.75,Los Angeles,22.0,0.0,7.6634617,30.0,0.0,1.2644231,82.0,58.0,69.91634,0.0,0.0,0.0
2711,2017-08-17 16:15:00,2017-08-17 20:30:00,4.25,4748,5211,10,7,17667.0,Los Angeles,14.0,0.0,5.736111,16.0,0.0,0.3263889,93.0,64.0,75.72708,0.0,0.0,0.0
2713,2017-08-17 22:00:00,2017-08-18 00:00:00,2.0,4525,4531,3,6,8339.25,Los Angeles,18.0,4.0,10.423611,19.0,0.0,1.4097222,98.0,66.0,79.77917,0.0,0.0,0.0
2715,2017-08-18 21:30:00,2017-08-18 22:30:00,1.0,5295,5295,3,2,5287.0,Los Angeles,15.0,4.0,10.3,20.0,0.0,2.5,98.0,66.0,80.63249,0.0,0.0,0.0
2717,2017-08-18 22:45:00,2017-08-19 00:45:00,2.0,5372,5614,5,4,10429.25,Los Angeles,20.0,3.0,11.180555,21.0,0.0,2.8680556,97.0,64.0,79.24027,0.0,0.0,0.0
2719,2017-08-19 03:15:00,2017-08-19 03:30:00,0.25,5192,5192,1,1,1298.0,Los Angeles,15.0,4.0,9.03125,0.0,0.0,0.0,86.0,59.0,72.181244,0.0,0.0,0.0
2721,2017-08-19 03:45:00,2017-08-19 05:15:00,1.5,5357,5433,5,2,7636.75,Los Angeles,14.0,3.0,8.026786,17.0,0.0,0.45535713,83.0,59.0,71.03393,0.0,0.0,0.0
2723,2017-08-19 06:00:00,2017-08-19 06:15:00,0.25,4228,4228,1,1,1057.0,Los Angeles,14.0,3.0,7.5625,0.0,0.0,0.0,82.4,59.0,70.2125,0.0,0.0,0.0
2726,2017-08-21 16:30:00,2017-08-21 18:15:00,1.75,5019,5665,5,3,7373.5,Los Angeles,10.0,0.0,3.34375,0.0,0.0,0.0,81.0,64.0,71.64531,0.0,0.0,0.0
2728,2017-08-22 01:30:00,2017-08-22 03:00:00,1.5,4915,4915,1,6,6588.75,Los Angeles,19.0,4.0,9.892858,24.0,0.0,1.7142857,89.0,61.0,73.614296,0.0,0.0,0.0
2730,2017-08-22 04:30:00,2017-08-22 04:45:00,0.25,4611,4611,1,1,1152.75,Los Angeles,13.0,3.0,7.625,0.0,0.0,0.0,80.0,60.0,70.3125,0.0,0.0,0.0
2732,2017-08-23 16:30:00,2017-08-23 20:00:00,3.5,10291,10355,6,9,23708.5,Los Angeles,12.0,0.0,5.9958334,14.0,0.0,0.058333334,94.0,63.0,74.79417,0.0,0.0,0.0
2734,2017-08-23 20:30:00,2017-08-23 20:45:00,0.25,5242,5242,1,1,1310.5,Los Angeles,15.0,0.0,8.96875,20.0,0.0,1.625,96.0,67.0,78.675,0.0,0.0,0.0
2736,2017-08-24 16:15:00,2017-08-24 17:00:00,0.75,5236,5236,1,3,3422.5,Los Angeles,9.0,0.0,3.28125,0.0,0.0,0.0,86.0,61.0,69.86563,0.0,0.0,0.0
2738,2017-08-24 22:30:00,2017-08-24 23:45:00,1.25,7144,7144,1,3,8232.0,Los Angeles,15.0,0.0,9.052083,19.0,0.0,2.8854167,99.0,65.0,78.59583,0.0,0.0,0.0
2740,2017-08-25 02:45:00,2017-08-25 03:30:00,0.75,4974,4974,2,2,3535.75,Los Angeles,18.0,0.0,8.21875,0.0,0.0,0.0,86.0,60.0,70.34062,0.0,0.0,0.0
2742,2017-08-25 15:30:00,2017-08-25 19:30:00,4.0,4867,5626,8,7,18514.75,Los Angeles,9.0,0.0,4.6139708,15.0,0.0,0.22058824,95.0,61.0,73.483826,0.0,0.0,0.0
2744,2017-08-25 19:45:00,2017-08-25 21:15:00,1.5,4577,4622,2,4,6727.75,Los Angeles,11.0,0.0,6.598214,0.0,0.0,0.0,100.0,69.0,79.935715,0.0,0.0,0.0
2746,2017-08-25 22:00:00,2017-08-25 23:30:00,1.5,4268,4270,2,4,6313.25,Los Angeles,15.0,3.0,8.071428,22.0,0.0,1.4821428,102.0,69.0,80.97321,0.0,0.0,0.0
2748,2017-08-26 03:45:00,2017-08-26 04:30:00,0.75,7411,7411,2,2,4274.0,Los Angeles,11.0,4.0,6.296875,0.0,0.0,0.0,88.0,62.0,72.26875,0.0,0.0,0.0
2750,2017-08-26 04:45:00,2017-08-26 05:00:00,0.25,4026,4026,1,1,1006.5,Los Angeles,11.0,3.0,6.125,0.0,0.0,0.0,85.0,62.0,71.675,0.0,0.0,0.0
2752,2017-08-27 07:45:00,2017-08-27 10:00:00,2.25,7261,7607,4,4,11345.25,Los Angeles,12.0,0.0,4.61875,0.0,0.0,0.0,96.8,62.6,70.99875,0.0,0.0,0.0
2754,2017-08-27 10:30:00,2017-08-27 13:15:00,2.75,5637,5650,3,6,14152.5,Los Angeles,10.0,0.0,3.6979167,0.0,0.0,0.0,80.6,62.6,69.364586,0.0,0.0,0.0
2756,2017-08-28 16:00:00,2017-08-28 23:45:00,7.75,14990,16362,10,19,79474.75,Los Angeles,19.0,0.0,7.03125,20.0,0.0,0.7675781,108.0,65.0,87.25742,0.0,0.0,0.0
2758,2017-08-29 00:15:00,2017-08-29 00:45:00,0.5,5817,5817,2,1,2906.5,Los Angeles,16.0,4.0,10.854167,0.0,0.0,0.0,107.0,68.0,87.85834,0.0,0.0,0.0
2760,2017-08-29 02:15:00,2017-08-29 02:45:00,0.5,4677,4677,1,2,2330.25,Los Angeles,14.0,0.0,7.7916665,0.0,0.0,0.0,100.4,68.0,83.99166,0.0,0.0,0.0
2762,2017-08-30 00:00:00,2017-08-30 12:00:00,12.0,13818,23286,25,22,116413.5,Los Angeles,20.0,0.0,5.4375,20.0,0.0,0.16454081,107.0,66.2,80.622955,0.0,0.0,0.0
2764,2017-08-30 15:45:00,2017-08-30 18:30:00,2.75,4809,4899,6,6,12110.25,Los Angeles,10.0,0.0,4.2552085,0.0,0.0,0.0,105.0,70.0,86.43646,0.0,0.0,0.0
2766,2017-08-30 23:00:00,2017-08-31 00:30:00,1.5,9477,10331,3,4,11740.25,Los Angeles,17.0,0.0,9.0625,39.0,0.0,0.3482143,105.0,71.0,91.9125,0.0002,1e-04,1.7857143e-06
2768,2017-08-31 00:45:00,2017-08-31 13:30:00,12.75,16907,29922,23,28,170572.75,Los Angeles,20.0,0.0,4.9326925,28.0,0.0,0.66225964,104.0,68.0,80.54039,0.050499998,0.01,6.069711e-05
2770,2017-08-31 16:15:00,2017-08-31 16:30:00,0.25,5116,5116,1,1,1279.0,Los Angeles,15.0,0.0,4.25,0.0,0.0,0.0,100.0,75.0,83.975,0.0,0.0,0.0
2772,2017-08-31 16:45:00,2017-08-31 19:45:00,3.0,4792,4873,5,8,12543.25,Los Angeles,15.0,0.0,6.514423,21.0,0.0,1.7019231,108.0,77.0,91.81731,0.0,0.0,0.0
2774,2017-08-31 21:30:00,2017-09-02 08:45:00,35.25,27464,84003,64,76,578578.0,Los Angeles,24.0,0.0,6.337852,36.0,0.0,1.5424736,111.2,68.0,86.8103,1.261,0.52,0.0005550176
2776,2017-09-02 09:00:00,2017-09-02 14:30:00,5.5,7965,13517,12,11,35467.0,Los Angeles,13.0,0.0,3.4157608,0.0,0.0,0.0,93.2,67.0,78.85108,0.0,0.0,0.0
2778,2017-09-02 15:30:00,2017-09-03 12:30:00,21.0,10712,36475,41,44,134306.75,Los Angeles,20.0,0.0,6.269706,25.0,0.0,1.0647058,108.0,72.0,88.15368,0.0018,1e-04,1.3235294e-06
2780,2017-09-03 17:15:00,2017-09-03 18:15:00,1.0,6478,6490,2,3,6185.25,Los Angeles,14.0,0.0,6.8237505,17.0,0.0,1.2125,102.2,68.0,92.4925,1e-04,1e-04,1.25e-06
2782,2017-09-03 18:30:00,2017-09-03 18:45:00,0.25,6048,6048,1,1,1512.0,Los Angeles,13.0,4.0,8.743125,18.0,0.0,3.0625,102.2,68.0,91.61875,0.0,0.0,0.0
2784,2017-09-03 21:15:00,2017-09-03 21:45:00,0.5,4585,4585,2,1,2291.0,Los Angeles,30.0,5.0,10.5625,38.0,0.0,3.9791667,99.0,68.0,88.19167,0.03,0.03,0.000625
2786,2017-09-03 22:15:00,2017-09-03 22:45:00,0.5,4844,4844,1,2,2250.25,Los Angeles,30.0,4.0,10.229167,50.0,0.0,4.6041665,96.0,68.0,84.25,0.68,0.23,0.014166667
2788,2017-09-03 23:00:00,2017-09-04 02:00:00,3.0,5225,5802,4,9,13742.25,Los Angeles,17.0,0.0,9.293269,21.0,0.0,1.2163461,93.2,68.0,80.82403,0.56100005,0.23,0.0026971155
2790,2017-09-04 03:00:00,2017-09-04 03:45:00,0.75,4299,4299,3,1,3218.5,Los Angeles,16.0,0.0,6.734375,22.0,0.0,0.34375,81.0,68.0,75.47187,0.0002,1e-04,3.125e-06
2792,2017-09-04 04:15:00,2017-09-04 04:45:00,0.5,4014,4014,1,2,2003.75,Los Angeles,13.0,0.0,5.6458335,0.0,0.0,0.0,79.0,68.0,75.15417,1e-04,1e-04,2.0833334e-06
2794,2017-09-05 08:30:00,2017-09-05 08:45:00,0.25,4055,4055,1,1,1013.75,Los Angeles,17.0,0.0,5.0625,0.0,0.0,0.0,75.2,66.0,71.14375,0.0,0.0,0.0
2796,2017-09-05 20:15:00,2017-09-05 21:00:00,0.75,5408,5408,1,2,4023.5,Los Angeles,16.0,4.0,9.765625,20.0,0.0,3.671875,95.0,73.0,83.09375,0.0,0.0,0.0
2798,2017-09-10 00:45:00,2017-09-10 01:15:00,0.5,6467,6467,2,1,3061.75,Los Angeles,17.0,4.0,9.916667,0.0,0.0,0.0,88.0,67.0,78.35,0.0,0.0,0.0
2801,2017-09-11 18:15:00,2017-09-11 23:45:00,5.5,8272,9468,8,14,33865.5,Los Angeles,18.0,0.0,8.706522,25.0,0.0,2.6005435,102.2,71.0,84.60978,0.0007,1e-04,1.9021738e-06
2803,2017-09-13 16:45:00,2017-09-13 18:15:00,1.5,15895,15896,4,3,20569.75,Los Angeles,16.0,0.0,6.883929,23.0,0.0,1.1517857,78.8,63.0,70.84464,0.0,0.0,0.0
2805,2017-09-13 21:15:00,2017-09-14 01:00:00,3.75,6228,8102,9,7,20194.75,Los Angeles,25.0,4.0,12.15625,30.0,0.0,4.6289062,86.0,64.0,74.614845,0.0,0.0,0.0
2807,2017-09-17 04:45:00,2017-09-17 05:00:00,0.25,10389,10389,1,1,2597.25,Los Angeles,12.0,0.0,5.40625,0.0,0.0,0.0,71.6,61.0,66.512505,0.0,0.0,0.0
2809,2017-09-17 21:00:00,2017-09-17 21:30:00,0.5,3826,3826,1,1,1913.0,Los Angeles,13.0,0.0,7.6041665,18.0,0.0,1.375,87.0,61.0,74.00417,0.0,0.0,0.0
2811,2017-09-18 00:00:00,2017-09-18 00:30:00,0.5,5475,5475,2,1,2737.0,Los Angeles,17.0,0.0,8.729167,14.0,0.0,0.29166666,82.0,60.0,73.32916,0.0,0.0,0.0
2813,2017-09-18 01:30:00,2017-09-18 02:45:00,1.25,4263,4480,2,4,5056.75,Los Angeles,15.0,3.0,8.291667,22.0,0.0,0.5208333,80.0,60.0,68.887505,0.0,0.0,0.0
2815,2017-09-18 10:30:00,2017-09-18 14:45:00,4.25,11045,11048,4,7,45262.25,Los Angeles,16.0,0.0,2.5520833,0.0,0.0,0.0,67.0,57.2,62.043755,0.0,0.0,0.0
2817,2017-09-19 04:30:00,2017-09-19 05:00:00,0.5,4355,4355,2,1,2177.0,Los Angeles,13.0,0.0,6.7916665,0.0,0.0,0.0,77.0,60.0,67.40833,0.0,0.0,0.0
2819,2017-09-19 05:30:00,2017-09-19 13:00:00,7.5,4893,5355,8,17,34507.5,Los Angeles,24.0,0.0,5.5544353,29.0,0.0,0.8467742,77.0,55.0,66.238304,0.0,0.0,0.0
2821,2017-09-21 10:45:00,2017-09-21 11:00:00,0.25,6331,6331,1,1,1582.75,Los Angeles,17.0,0.0,5.53125,0.0,0.0,0.0,68.0,53.0,63.7,0.0101,0.01,0.000315625
2823,2017-09-21 20:15:00,2017-09-21 21:00:00,0.75,4804,4804,2,2,3422.25,Los Angeles,22.0,3.0,13.140625,25.0,0.0,6.765625,72.0,53.0,69.00625,0.0,0.0,0.0
2827,2017-09-25 22:00:00,2017-09-25 22:15:00,0.25,15668,15668,1,1,3917.0,Los Angeles,15.0,7.0,10.25,23.0,0.0,3.75,90.0,74.0,82.275,0.0,0.0,0.0
2829,2017-09-26 17:45:00,2017-09-26 18:15:00,0.5,6560,6560,1,2,3249.25,Los Angeles,12.0,0.0,5.5,22.0,0.0,1.6666666,83.0,70.0,76.9125,0.0,0.0,0.0
2831,2017-09-26 18:45:00,2017-09-26 19:00:00,0.25,4374,4374,1,1,1093.5,Los Angeles,15.0,3.0,7.625,21.0,0.0,2.40625,86.0,71.0,79.25,0.0,0.0,0.0
2833,2017-09-27 16:45:00,2017-09-27 17:00:00,0.25,4056,4056,1,1,1014.0,Los Angeles,6.0,0.0,1.90625,0.0,0.0,0.0,77.0,69.0,72.5125,0.0,0.0,0.0
2835,2017-09-27 17:15:00,2017-09-27 21:30:00,4.25,5525,5935,8,10,20660.75,Los Angeles,15.0,0.0,6.3506947,19.0,0.0,1.2743056,92.0,69.0,78.78333,0.0,0.0,0.0
2837,2017-09-27 21:45:00,2017-09-27 22:00:00,0.25,4153,4153,1,1,1038.25,Los Angeles,12.0,5.0,8.65625,0.0,0.0,0.0,91.4,71.0,82.2375,0.0,0.0,0.0
2839,2017-09-30 20:45:00,2017-09-30 21:00:00,0.25,3920,3920,1,1,980.0,Los Angeles,18.0,0.0,9.1875,22.0,0.0,3.46875,86.0,69.0,78.0625,0.0,0.0,0.0
2841,2017-10-02 18:30:00,2017-10-02 23:00:00,4.5,5675,6082,11,8,22566.75,Los Angeles,15.0,0.0,6.8585525,22.0,0.0,0.74671054,80.0,65.0,72.4704,0.0,0.0,0.0
2843,2017-10-03 18:30:00,2017-10-03 21:15:00,2.75,5672,6020,5,7,13287.0,Los Angeles,26.0,0.0,11.338542,37.0,0.0,6.1145835,75.2,58.0,69.8125,0.0,0.0,0.0
2845,2017-10-04 00:15:00,2017-10-04 02:00:00,1.75,5773,5996,2,6,8278.5,Los Angeles,24.0,3.0,9.484375,27.0,0.0,1.9453125,73.4,50.0,65.50781,0.0,0.0,0.0
2847,2017-10-04 19:30:00,2017-10-04 22:00:00,2.5,4564,4610,6,4,10878.0,Los Angeles,14.0,0.0,6.8522725,21.0,0.0,1.2102273,83.0,66.0,73.69091,0.0,0.0,0.0
2849,2017-10-05 16:30:00,2017-10-05 17:15:00,0.75,6534,6534,2,2,4183.0,Los Angeles,9.0,0.0,2.03125,0.0,0.0,0.0,74.0,56.0,68.65,0.0,0.0,0.0
2851,2017-10-05 18:00:00,2017-10-05 19:30:00,1.5,5792,5792,5,2,8085.5,Los Angeles,10.0,0.0,3.7142856,0.0,0.0,0.0,84.0,68.0,75.762505,0.0,0.0,0.0
2853,2017-10-06 04:00:00,2017-10-06 04:45:00,0.75,5468,5468,1,3,4086.0,Los Angeles,16.0,0.0,4.171875,0.0,0.0,0.0,75.2,59.0,68.3625,0.0,0.0,0.0
2855,2017-10-06 16:30:00,2017-10-06 16:45:00,0.25,4300,4300,1,1,1075.0,Los Angeles,21.0,0.0,2.96875,32.0,0.0,1.875,82.0,53.0,70.3,0.0,0.0,0.0
2857,2017-10-09 21:15:00,2017-10-09 21:45:00,0.5,6283,6283,2,1,3131.0,Los Angeles,27.0,0.0,10.395833,39.0,0.0,5.5625,87.0,64.4,77.879166,0.0,0.0,0.0
2859,2017-10-11 03:30:00,2017-10-11 11:00:00,7.5,4858,5093,12,10,32267.0,Los Angeles,12.0,0.0,3.550403,0.0,0.0,0.0,75.2,44.0,63.068954,0.0,0.0,0.0
2861,2017-10-11 15:15:00,2017-10-11 15:30:00,0.25,4324,4324,1,1,1081.0,Los Angeles,11.0,0.0,3.34375,17.0,0.0,0.53125,65.0,45.0,59.6,0.0,0.0,0.0
2863,2017-10-11 21:00:00,2017-10-11 21:45:00,0.75,4592,4592,1,3,3268.25,Los Angeles,18.0,0.0,9.78125,26.0,0.0,3.640625,82.0,64.0,74.18437,0.0,0.0,0.0
2865,2017-10-12 15:15:00,2017-10-12 16:00:00,0.75,7111,7111,2,2,4502.5,Los Angeles,25.0,0.0,3.765625,31.0,0.0,1.71875,67.0,48.0,60.375,0.0,0.0,0.0
2867,2017-10-12 20:45:00,2017-10-12 21:00:00,0.25,14525,14525,1,1,3631.25,Los Angeles,14.0,0.0,8.0625,16.0,0.0,1.375,78.0,66.0,72.6625,0.0,0.0,0.0
2869,2017-10-12 22:15:00,2017-10-13 00:15:00,2.0,10410,11152,5,4,14736.25,Los Angeles,17.0,0.0,8.569445,18.0,0.0,0.22916667,78.0,62.0,71.71389,0.0,0.0,0.0
2871,2017-10-13 17:30:00,2017-10-13 17:45:00,0.25,5072,5072,1,1,1268.0,Los Angeles,8.0,0.0,2.5625,0.0,0.0,0.0,73.0,59.0,68.35,0.0,0.0,0.0
2875,2017-10-14 15:30:00,2017-10-15 01:00:00,9.5,6822,10400,17,20,54339.5,Los Angeles,23.0,0.0,6.7275643,33.0,0.0,2.4310896,91.0,40.0,75.65064,0.00049999997,1e-04,8.01282e-07
2877,2017-10-15 19:30:00,2017-10-15 23:15:00,3.75,23286,28882,5,11,65226.75,Los Angeles,19.0,0.0,7.796875,26.0,0.0,1.4570312,96.8,69.8,86.80704,0.0,0.0,0.0
2879,2017-10-16 05:45:00,2017-10-16 06:15:00,0.5,5642,5642,1,2,2818.75,Los Angeles,11.0,0.0,3.4375,0.0,0.0,0.0,91.4,50.0,70.6,0.0,0.0,0.0
2881,2017-10-17 17:15:00,2017-10-17 19:15:00,2.0,5711,5739,5,3,10184.5,Los Angeles,14.0,0.0,4.5833335,17.0,0.0,0.4722222,93.0,63.0,83.7,0.0,0.0,0.0
2883,2017-10-18 18:45:00,2017-10-18 19:00:00,0.25,3857,3857,1,1,964.25,Los Angeles,10.0,0.0,5.78125,19.0,0.0,1.1875,87.0,71.0,80.3625,0.0,0.0,0.0
2885,2017-10-21 19:00:00,2017-10-21 20:15:00,1.25,5376,5376,1,5,6267.25,Los Angeles,19.0,0.0,7.7291665,23.0,0.0,2.625,77.0,63.0,70.96042,0.0,0.0,0.0
2887,2017-10-22 00:15:00,2017-10-22 01:30:00,1.25,4173,4173,2,1,5174.25,Los Angeles,19.0,0.0,6.1041665,0.0,0.0,0.0,82.0,57.0,71.32709,0.0,0.0,0.0
2889,2017-10-23 17:30:00,2017-10-23 17:45:00,0.25,3843,3843,1,1,960.75,Los Angeles,21.0,0.0,5.21875,30.0,0.0,1.875,98.0,64.0,86.23125,0.0,0.0,0.0
2891,2017-10-23 18:45:00,2017-10-23 20:45:00,2.0,5731,5863,5,4,10877.0,Los Angeles,21.0,0.0,6.4305553,28.0,0.0,1.9375,102.0,79.0,93.55139,0.0,0.0,0.0
2893,2017-10-24 11:30:00,2017-10-24 11:45:00,0.25,3847,3847,1,1,961.75,Los Angeles,26.0,0.0,6.0,36.0,0.0,3.71875,93.2,49.0,73.50625,0.0,0.0,0.0
2895,2017-10-24 20:45:00,2017-10-24 21:00:00,0.25,4089,4089,1,1,1022.25,Los Angeles,19.0,0.0,8.8125,29.0,0.0,6.46875,105.0,81.0,97.525,0.0,0.0,0.0
2897,2017-10-25 00:45:00,2017-10-25 01:00:00,0.25,4064,4064,1,1,1016.0,Los Angeles,16.0,0.0,7.3125,25.0,0.0,2.09375,102.2,77.0,91.350006,0.0,0.0,0.0
2899,2017-10-25 01:15:00,2017-10-25 08:00:00,6.75,6082,8613,14,13,32230.5,Los Angeles,19.0,0.0,4.964286,25.0,0.0,1.8348215,102.2,52.0,83.23482,0.0,0.0,0.0
2901,2017-10-25 08:30:00,2017-10-25 09:15:00,0.75,4205,4205,2,2,3141.75,Los Angeles,13.0,0.0,4.015625,0.0,0.0,0.0,84.0,52.0,72.112495,0.0,0.0,0.0
2903,2017-10-27 14:15:00,2017-10-27 15:30:00,1.25,4397,4397,4,1,5309.75,Los Angeles,8.0,0.0,1.90625,0.0,0.0,0.0,78.0,43.0,63.212494,0.0,0.0,0.0
2905,2017-10-29 03:00:00,2017-10-29 03:15:00,0.25,4395,4395,1,1,1098.75,Los Angeles,10.0,0.0,4.8125,0.0,0.0,0.0,78.0,60.8,66.8125,0.0,0.0,0.0
2907,2017-10-29 03:45:00,2017-10-29 04:45:00,1.0,4526,4527,3,2,4492.0,Los Angeles,10.0,0.0,4.55,0.0,0.0,0.0,73.0,59.0,65.1625,0.0,0.0,0.0
2909,2017-10-29 12:00:00,2017-10-29 13:30:00,1.5,6522,7039,3,3,8954.25,Los Angeles,9.0,0.0,3.25,0.0,0.0,0.0,70.0,41.0,58.56964,0.0,0.0,0.0
2911,2017-10-30 11:45:00,2017-10-30 15:00:00,3.25,6621,6807,6,7,20475.5,Los Angeles,15.0,0.0,4.830357,28.0,0.0,0.42857143,66.0,48.0,61.03125,0.00029999999,1e-04,1.3392856e-06
2918,2017-11-26 10:30:00,2017-11-26 10:45:00,0.25,3844,3844,1,1,961.0,Los Angeles,17.0,0.0,2.96875,0.0,0.0,0.0,65.0,44.0,57.69375,0.0,0.0,0.0
2920,2017-11-28 16:45:00,2017-11-28 17:00:00,0.25,4498,4498,1,1,1124.5,Los Angeles,21.0,0.0,4.4375,27.0,0.0,1.6875,63.0,44.0,57.875,1e-04,1e-04,3.125e-06
2922,2017-11-29 04:15:00,2017-11-29 04:30:00,0.25,5298,5298,1,1,1324.5,Los Angeles,10.0,0.0,3.625,0.0,0.0,0.0,71.6,46.0,59.600002,0.0,0.0,0.0
2924,2017-11-29 04:45:00,2017-11-29 05:45:00,1.0,5495,5495,2,3,5099.75,Los Angeles,10.0,0.0,3.5375,0.0,0.0,0.0,71.6,44.0,58.8,0.0,0.0,0.0
2926,2017-11-29 06:15:00,2017-11-29 08:30:00,2.25,5620,5636,4,6,11922.75,Los Angeles,14.0,0.0,3.7375,16.0,0.0,0.1,71.6,41.0,57.525,0.0,0.0,0.0
2928,2017-11-29 16:45:00,2017-11-29 17:45:00,1.0,4477,4477,3,2,4192.25,Los Angeles,21.0,0.0,3.8625,29.0,0.0,1.7125,75.2,44.0,60.984997,0.0,0.0,0.0
2930,2017-11-29 18:00:00,2017-11-29 18:45:00,0.75,4135,4135,3,1,2997.0,Los Angeles,21.0,0.0,4.78125,29.0,0.0,1.71875,78.0,49.0,65.0125,0.0,0.0,0.0
2932,2017-11-29 19:15:00,2017-11-29 19:30:00,0.25,4190,4190,1,1,1047.5,Los Angeles,18.0,0.0,4.625,23.0,0.0,1.4375,78.0,53.0,67.35625,0.0,0.0,0.0
2934,2017-11-29 19:45:00,2017-11-29 20:15:00,0.5,3984,3984,1,2,1976.5,Los Angeles,17.0,0.0,4.2916665,28.0,0.0,1.75,77.0,57.0,68.950005,1e-04,1e-04,2.0833334e-06
2936,2017-11-29 21:30:00,2017-11-29 22:00:00,0.5,5586,5586,1,1,2793.0,Los Angeles,18.0,0.0,6.0,25.0,0.0,2.5208333,79.0,59.0,69.225,1e-04,1e-04,2.0833334e-06
2938,2017-11-30 20:30:00,2017-11-30 20:45:00,0.25,3861,3861,1,1,965.25,Los Angeles,10.0,0.0,4.15625,16.0,0.0,0.5,81.0,63.0,70.068756,0.0,0.0,0.0
2940,2017-12-02 17:30:00,2017-12-03 01:15:00,7.75,5972,6301,11,17,36338.5,Los Angeles,15.0,0.0,5.7421875,21.0,0.0,0.8261719,79.0,45.0,69.01719,1e-04,1e-04,1.953125e-07
2942,2017-12-04 21:00:00,2017-12-04 23:30:00,2.5,7128,7128,3,7,14204.75,Los Angeles,26.0,0.0,10.397727,37.0,0.0,4.880682,73.0,47.0,65.15909,0.0,0.0,0.0
2944,2017-12-05 05:00:00,2017-12-05 06:15:00,1.25,6863,6863,3,3,7423.5,Los Angeles,30.0,0.0,10.302083,41.0,0.0,7.6875,62.6,32.0,54.095837,0.0,0.0,0.0
2946,2017-12-05 07:45:00,2017-12-05 15:00:00,7.25,7886,12137,13,17,40273.0,Los Angeles,31.0,0.0,9.385417,45.0,0.0,8.1875,64.4,19.9,49.844585,1e-04,1e-04,2.0833333e-07
2948,2017-12-05 15:30:00,2017-12-06 06:45:00,15.25,33113,45223,29,31,251972.0,Los Angeles,165.0,0.0,11.048388,40.0,0.0,7.46371,73.4,28.0,59.384274,1e-04,1e-04,1.00806446e-07
2950,2017-12-06 07:00:00,2017-12-06 08:45:00,1.75,5741,5746,3,4,8004.0,Los Angeles,17.0,0.0,6.0390625,30.0,0.0,2.4765625,65.0,28.0,51.940624,0.0,0.0,0.0
2952,2017-12-06 09:15:00,2017-12-06 11:00:00,1.75,4748,5313,3,5,7481.0,Los Angeles,16.0,0.0,5.1640625,21.0,0.0,2.1328125,64.4,27.0,49.27656,0.0,0.0,0.0
2954,2017-12-06 12:00:00,2017-12-06 14:45:00,2.75,5475,5475,1,10,14759.5,Los Angeles,22.0,0.0,5.703125,26.0,0.0,2.1614583,64.4,21.9,47.904163,0.0,0.0,0.0
2956,2017-12-06 17:00:00,2017-12-06 22:30:00,5.5,6346,8758,11,9,30338.0,Los Angeles,25.0,0.0,8.333587,34.0,0.0,4.513587,79.0,41.0,67.44131,0.0,0.0,0.0
2958,2017-12-07 19:15:00,2017-12-07 20:15:00,1.0,8165,8167,3,2,7416.25,Los Angeles,21.0,0.0,11.184375,32.0,0.0,7.2725005,84.2,54.0,72.29,0.0,0.0,0.0
2960,2017-12-10 06:30:00,2017-12-10 07:15:00,0.75,4704,4704,1,2,3118.5,Los Angeles,27.0,0.0,6.171875,32.0,0.0,3.21875,73.4,30.9,60.054688,0.0,0.0,0.0
2962,2017-12-11 07:30:00,2017-12-11 08:30:00,1.0,4533,4533,1,1,4533.0,Los Angeles,24.0,0.0,4.8625,28.0,0.0,1.4,71.6,35.0,59.7375,0.0,0.0,0.0
2964,2017-12-12 10:00:00,2017-12-12 10:30:00,0.5,4485,4485,1,2,2242.25,Los Angeles,16.0,0.0,4.6666665,23.0,0.0,1.4375,77.0,27.0,53.679165,0.0,0.0,0.0
2966,2017-12-14 17:45:00,2017-12-14 18:15:00,0.5,3935,3935,1,2,1945.75,Los Angeles,19.0,0.0,5.5625,29.0,0.0,1.8125,73.4,54.0,64.5,0.0,0.0,0.0
2968,2017-12-15 20:15:00,2017-12-15 20:45:00,0.5,3903,3903,1,1,1951.5,Los Angeles,9.0,0.0,3.7708333,0.0,0.0,0.0,80.6,61.0,75.125,0.0,0.0,0.0
2970,2017-12-17 15:30:00,2017-12-17 22:00:00,6.5,11170,15284,15,12,50389.5,Los Angeles,27.0,0.0,9.706018,39.0,0.0,6.5740743,73.0,32.0,60.09398,0.0,0.0,0.0
2972,2017-12-18 04:30:00,2017-12-18 17:00:00,12.5,6742,11238,19,16,64136.25,Los Angeles,17.0,0.0,4.857843,30.0,0.0,2.1078432,64.4,19.0,50.9402,0.0,0.0,0.0
2974,2017-12-18 18:30:00,2017-12-18 19:00:00,0.5,4347,4347,1,1,2173.5,Los Angeles,15.0,0.0,4.2291665,30.0,0.0,1.875,82.0,43.0,63.599995,0.0,0.0,0.0
2976,2017-12-19 20:00:00,2017-12-19 20:30:00,0.5,4049,4049,1,1,2024.5,Los Angeles,10.0,0.0,4.9166665,0.0,0.0,0.0,68.0,57.0,63.80833,0.0,0.0,0.0
2978,2017-12-21 04:45:00,2017-12-21 06:15:00,1.5,4811,5151,4,3,6108.25,Los Angeles,24.0,0.0,10.473214,33.0,0.0,7.8125,57.2,32.0,49.869648,0.0007,1e-04,6.25e-06
2980,2017-12-21 07:15:00,2017-12-21 07:45:00,0.5,4059,4059,1,2,2028.75,Los Angeles,20.0,0.0,9.145833,26.0,0.0,5.25,57.2,32.0,48.658337,0.00029999999,1e-04,6.25e-06
2982,2017-12-21 08:00:00,2017-12-21 08:15:00,0.25,5130,5130,1,1,1282.5,Los Angeles,20.0,0.0,8.90625,26.0,0.0,5.90625,57.2,32.0,48.637497,0.0002,1e-04,6.25e-06
2984,2017-12-21 08:45:00,2017-12-21 09:15:00,0.5,7594,7594,2,1,3796.5,Los Angeles,21.0,0.0,8.458333,25.0,0.0,5.6458335,57.2,30.9,47.98125,0.00029999999,1e-04,6.25e-06
2986,2017-12-22 05:15:00,2017-12-22 07:15:00,2.0,5292,5949,3,6,9345.5,Los Angeles,11.0,0.0,2.8680556,0.0,0.0,0.0,54.0,25.0,45.050003,0.0,0.0,0.0
2988,2017-12-22 07:45:00,2017-12-22 08:00:00,0.25,5226,5226,1,1,1306.5,Los Angeles,10.0,0.0,2.625,0.0,0.0,0.0,54.0,21.9,43.5375,0.0,0.0,0.0
2990,2017-12-22 18:15:00,2017-12-22 18:45:00,0.5,5516,5516,1,2,2757.75,Los Angeles,10.0,0.0,3.4375,16.0,0.0,0.33333334,63.0,38.0,55.44167,0.0,0.0,0.0
2993,2017-12-27 08:30:00,2017-12-27 09:15:00,0.75,4783,4783,1,2,3134.75,Los Angeles,8.0,0.0,2.390625,0.0,0.0,0.0,66.2,33.0,51.271877,0.0,0.0,0.0
2996,2017-12-29 10:30:00,2017-12-29 11:00:00,0.5,4014,4014,1,2,1990.0,Los Angeles,7.0,0.0,2.4791667,0.0,0.0,0.0,72.0,28.0,51.47708,0.0,0.0,0.0
2998,2017-12-29 15:15:00,2017-12-29 16:00:00,0.75,4490,4490,3,1,3363.0,Los Angeles,8.0,0.0,2.546875,0.0,0.0,0.0,74.0,23.0,51.6625,0.0,0.0,0.0
3004,2018-01-03 22:30:00,2018-01-04 01:00:00,2.5,8026,8164,3,8,18958.0,Los Angeles,12.0,0.0,3.8011363,0.0,0.0,0.0,76.0,55.0,67.339775,0.0,0.0,0.0
3008,2018-01-08 15:45:00,2018-01-08 16:30:00,0.75,5237,5237,2,1,3927.0,Los Angeles,11.66,0.0,3.2965624,0.0,0.0,0.0,63.0,46.0,58.671875,0.211,0.03,0.003296875
3010,2018-01-08 16:45:00,2018-01-08 17:15:00,0.5,7958,7958,1,2,3253.0,Los Angeles,10.0,0.0,3.0416667,0.0,0.0,0.0,64.0,49.0,59.779163,0.12120001,0.02,0.0025250001
3012,2018-01-08 22:00:00,2018-01-09 05:30:00,7.5,10381,15904,16,14,47924.75,Los Angeles,22.0,0.0,7.145161,35.0,0.0,1.639113,65.0,48.2,58.52701,11.7738,0.18,0.0237375
3014,2018-01-09 12:45:00,2018-01-09 13:00:00,0.25,4814,4814,1,1,1203.5,Los Angeles,33.0,0.0,11.6875,46.0,0.0,11.46875,60.0,45.0,54.800003,1.9401,0.19,0.060628124
3016,2018-01-09 13:15:00,2018-01-09 14:00:00,0.75,4439,4439,1,3,3208.0,Los Angeles,30.0,0.0,12.0,35.0,0.0,10.109375,60.0,45.0,54.012497,4.7001,0.43,0.07343906
3018,2018-01-09 14:15:00,2018-01-09 19:30:00,5.25,13808,19538,10,12,41921.5,Los Angeles,25.0,0.0,9.193182,34.0,0.0,6.997159,63.0,42.0,54.045456,7.8026004,0.29,0.022166478
3020,2018-01-09 19:45:00,2018-01-10 06:15:00,10.5,8474,11208,21,22,58461.0,Los Angeles,29.0,0.0,8.114012,42.0,0.0,4.9680233,62.0,41.0,52.739536,12.2238,0.36,0.01776715
3022,2018-01-10 20:30:00,2018-01-10 21:15:00,0.75,6532,6532,1,3,4135.5,Los Angeles,26.0,0.0,6.9375,31.0,0.0,2.484375,66.0,42.0,59.515625,0.0004,1e-04,6.25e-06
3024,2018-01-11 19:15:00,2018-01-11 19:30:00,0.25,36761,36761,1,1,9190.25,Los Angeles,8.0,0.0,2.96875,0.0,0.0,0.0,65.0,53.0,60.74375,0.0,0.0,0.0
3028,2018-01-16 18:45:00,2018-01-16 19:00:00,0.25,4027,4027,1,1,1006.75,Los Angeles,8.0,0.0,2.59375,0.0,0.0,0.0,66.2,58.0,63.774998,0.0,0.0,0.0
3030,2018-01-18 01:45:00,2018-01-18 02:00:00,0.25,4772,4772,1,1,1193.0,Los Angeles,10.0,0.0,3.75,0.0,0.0,0.0,78.8,57.0,65.3875,0.0,0.0,0.0
3034,2018-01-28 01:30:00,2018-01-28 02:00:00,0.5,4361,4361,1,2,2180.25,Los Angeles,14.0,0.0,5.3125,0.0,0.0,0.0,76.0,48.0,63.82083,0.0,0.0,0.0
3037,2018-02-03 07:15:00,2018-02-03 07:45:00,0.5,4364,4364,1,1,2182.0,Los Angeles,8.0,0.0,2.1666667,0.0,0.0,0.0,71.0,43.0,60.06667,0.0,0.0,0.0
3041,2018-02-09 15:00:00,2018-02-09 16:00:00,1.0,6294,6294,1,1,6294.0,Los Angeles,14.0,0.0,3.175,0.0,0.0,0.0,71.0,32.0,54.794994,0.0002,1e-04,2.5e-06
3043,2018-02-09 17:15:00,2018-02-09 18:00:00,0.75,5046,5046,1,3,3577.5,Los Angeles,12.0,0.0,4.140625,0.0,0.0,0.0,73.0,48.0,62.3125,0.0,0.0,0.0
3045,2018-02-12 05:00:00,2018-02-12 15:45:00,10.75,6030,6168,8,10,46742.25,Los Angeles,26.0,0.0,7.318182,34.0,0.0,2.0823863,64.4,32.0,52.67528,0.0,0.0,0.0
3047,2018-02-13 16:15:00,2018-02-13 16:30:00,0.25,5697,5697,1,1,1424.25,Los Angeles,16.0,0.0,4.3125,0.0,0.0,0.0,57.2,36.0,50.0875,0.0,0.0,0.0
3049,2018-02-13 16:45:00,2018-02-13 17:30:00,0.75,4704,4704,2,2,3307.0,Los Angeles,17.0,0.0,4.9375,25.0,0.0,1.78125,59.0,38.0,52.521873,1e-04,1e-04,1.5625e-06
3051,2018-02-14 01:30:00,2018-02-14 01:45:00,0.25,4274,4274,1,1,1068.5,Los Angeles,13.0,0.0,6.15625,0.0,0.0,0.0,64.0,42.0,57.5375,0.0,0.0,0.0
3053,2018-02-14 21:15:00,2018-02-14 21:30:00,0.25,6361,6361,1,1,1590.25,Los Angeles,11.0,0.0,6.34375,0.0,0.0,0.0,69.0,46.0,62.58125,0.0004,1e-04,1.25e-05
3057,2018-02-19 21:30:00,2018-02-19 21:45:00,0.25,4066,4066,1,1,1016.5,Los Angeles,28.0,6.0,16.6875,31.0,0.0,10.25,59.0,28.9,52.24375,0.02,0.01,0.000625
3059,2018-02-19 23:00:00,2018-02-19 23:30:00,0.5,5609,5609,2,1,2574.25,Los Angeles,28.0,3.0,18.062292,38.88,0.0,15.2425,59.0,28.9,51.339584,0.0301,0.01,0.0006270833
3061,2018-02-20 00:15:00,2018-02-20 00:30:00,0.25,3840,3840,1,1,960.0,Los Angeles,23.0,3.0,15.125,29.0,0.0,10.28125,57.0,30.0,50.525,0.0105,0.01,0.000328125
3063,2018-02-20 09:45:00,2018-02-20 10:15:00,0.5,4987,4987,2,1,2475.25,Los Angeles,17.0,0.0,7.125,27.0,0.0,1.125,53.6,23.0,41.762497,0.00029999999,1e-04,6.25e-06
3065,2018-02-21 08:30:00,2018-02-21 09:15:00,0.75,4962,4962,1,2,3695.5,Los Angeles,16.0,0.0,4.171875,0.0,0.0,0.0,55.0,27.0,43.421875,0.0,0.0,0.0
3067,2018-02-22 19:30:00,2018-02-22 20:00:00,0.5,8172,8172,1,2,4084.25,Los Angeles,23.0,0.0,9.729167,29.0,0.0,2.8958333,61.0,37.0,54.654163,0.0,0.0,0.0
3069,2018-02-23 17:45:00,2018-02-23 19:30:00,1.75,5467,5488,5,2,9361.75,Los Angeles,25.27,4.0,13.791172,34.99,0.0,10.406172,58.0,24.1,49.841408,0.0,0.0,0.0
3071,2018-02-23 23:45:00,2018-02-24 00:00:00,0.25,4459,4459,1,1,1114.75,Los Angeles,25.0,5.0,14.3125,30.0,0.0,10.0625,59.0,28.9,52.34375,0.0,0.0,0.0
3073,2018-02-24 00:15:00,2018-02-24 00:30:00,0.25,3840,3840,1,1,960.0,Los Angeles,24.0,5.0,14.21875,26.0,0.0,10.28125,59.0,28.0,51.953125,0.0,0.0,0.0
3075,2018-02-25 16:30:00,2018-02-25 16:45:00,0.25,4216,4216,1,1,1054.0,Los Angeles,18.0,0.0,4.375,24.0,0.0,0.75,62.6,28.9,50.578125,0.0,0.0,0.0
3078,2018-02-27 06:15:00,2018-02-27 11:15:00,5.0,11993,13346,9,11,34570.0,Los Angeles,19.0,0.0,8.136905,27.0,0.0,1.1160715,56.0,27.0,46.648514,3.355,0.14,0.009985119
3080,2018-02-27 12:15:00,2018-02-27 12:45:00,0.5,5041,5041,1,2,2358.0,Los Angeles,15.0,0.0,5.5416665,0.0,0.0,0.0,51.0,25.0,42.99167,0.0004,1e-04,8.333333e-06
3082,2018-02-27 15:30:00,2018-02-27 15:45:00,0.25,4277,4277,1,1,1069.25,Los Angeles,11.0,0.0,4.65625,0.0,0.0,0.0,51.0,24.1,43.95625,0.0002,1e-04,6.25e-06
3084,2018-02-27 17:15:00,2018-02-27 19:00:00,1.75,6635,6982,3,5,9541.0,Los Angeles,11.0,0.0,5.2109375,0.0,0.0,0.0,56.0,28.4,47.667187,0.030399999,0.01,0.00023749999
3086,2018-02-27 19:15:00,2018-02-27 21:45:00,2.5,6562,6569,3,8,12817.25,Los Angeles,15.0,0.0,6.6022725,18.0,0.0,0.4090909,56.0,30.9,49.91648,0.0401,0.01,0.00022784091
3088,2018-02-28 17:30:00,2018-02-28 18:45:00,1.25,8166,8166,4,2,8047.25,Los Angeles,12.0,0.0,5.1666665,20.0,0.0,0.20833333,58.0,38.0,51.689587,0.0,0.0,0.0
3090,2018-02-28 19:00:00,2018-02-28 19:30:00,0.5,4935,4935,2,1,2466.5,Los Angeles,13.0,0.0,6.25,20.0,0.0,1.5416666,60.0,43.0,54.129166,0.0,0.0,0.0
3092,2018-02-28 20:00:00,2018-02-28 20:30:00,0.5,4766,4766,1,2,2381.25,Los Angeles,14.0,0.0,8.875,17.0,0.0,1.4166666,60.0,44.0,56.06667,0.0,0.0,0.0
3094,2018-02-28 20:45:00,2018-02-28 22:00:00,1.25,4601,4601,1,5,5447.5,Los Angeles,20.0,0.0,9.6875,21.0,0.0,2.2083333,61.0,45.0,57.006252,0.0,0.0,0.0
3096,2018-02-28 23:45:00,2018-03-01 01:00:00,1.25,5194,5194,2,4,6150.75,Los Angeles,20.0,0.0,9.90625,25.0,0.0,1.8020834,60.0,42.0,56.06667,0.0,0.0,0.0
3098,2018-03-01 15:00:00,2018-03-01 15:15:00,0.25,4425,4425,1,1,1106.25,Los Angeles,16.0,0.0,3.0,20.0,0.0,0.625,53.6,30.0,45.024998,0.0,0.0,0.0
3100,2018-03-01 16:30:00,2018-03-01 17:45:00,1.25,7413,7464,4,2,8646.75,Los Angeles,18.0,0.0,5.34375,23.0,0.0,0.47916666,59.0,34.0,51.389584,0.0,0.0,0.0
3102,2018-03-01 18:00:00,2018-03-01 19:30:00,1.5,7784,7988,3,4,10269.5,Los Angeles,20.0,0.0,6.232143,24.0,0.0,2.2767856,63.0,36.0,54.892857,0.0,0.0,0.0
3104,2018-03-01 19:45:00,2018-03-01 20:15:00,0.5,6459,6459,1,2,3210.25,Los Angeles,23.0,0.0,8.291667,27.0,0.0,2.7083333,63.0,43.0,56.6125,0.0,0.0,0.0
3106,2018-03-01 20:30:00,2018-03-01 21:00:00,0.5,6472,6472,1,2,3228.5,Los Angeles,24.0,0.0,9.291667,30.0,0.0,2.6458333,61.0,43.0,57.308334,0.0,0.0,0.0
3108,2018-03-02 15:15:00,2018-03-02 17:00:00,1.75,4818,4846,6,2,7726.75,Los Angeles,20.0,0.0,8.9140625,28.0,0.0,3.1015625,60.0,39.0,50.710938,1.0816,0.08,0.00845
3110,2018-03-02 17:15:00,2018-03-02 17:45:00,0.5,5215,5215,2,1,2594.0,Los Angeles,20.0,0.0,9.541667,28.0,0.0,3.3125,64.0,40.0,51.954163,0.66,0.09,0.013750001
3112,2018-03-04 18:30:00,2018-03-04 19:00:00,0.5,4892,4892,2,1,2441.5,Los Angeles,17.0,0.0,6.6875,15.0,0.0,0.3125,60.0,33.0,53.325,0.0,0.0,0.0
3115,2018-03-06 17:30:00,2018-03-06 17:45:00,0.25,3919,3919,1,1,979.75,Los Angeles,22.0,0.0,5.0625,30.0,0.0,1.875,73.0,45.0,63.690624,0.0,0.0,0.0
3117,2018-03-09 17:00:00,2018-03-09 17:15:00,0.25,12564,12564,1,1,3141.0,Los Angeles,12.0,0.0,5.375,0.0,0.0,0.0,66.0,52.0,60.075,0.0002,1e-04,6.25e-06
3119,2018-03-11 06:00:00,2018-03-11 08:00:00,2.0,7654,7766,3,5,11991.5,Los Angeles,13.0,0.0,4.1041665,0.0,0.0,0.0,62.6,43.0,54.844444,3.4809,0.17,0.024172917
3121,2018-03-11 08:45:00,2018-03-11 09:30:00,0.75,5108,5437,2,2,3381.75,Los Angeles,10.0,0.0,5.09375,15.0,0.0,0.703125,62.6,44.0,54.93125,0.1011,0.02,0.0015796875
3123,2018-03-11 11:15:00,2018-03-11 12:45:00,1.5,6623,6643,3,3,9595.5,Los Angeles,14.0,0.0,4.821429,17.0,0.0,1.0892857,62.6,44.0,55.114285,0.60029995,0.06,0.005359821
3125,2018-03-11 13:45:00,2018-03-11 14:15:00,0.5,5158,5158,2,1,2578.5,Los Angeles,15.0,0.0,4.1666665,15.0,0.0,0.9375,62.6,45.0,55.354168,0.0504,0.01,0.00105
3127,2018-03-12 03:30:00,2018-03-12 04:30:00,1.0,3851,3851,1,2,3846.0,Los Angeles,9.0,0.0,2.95,0.0,0.0,0.0,66.2,50.0,59.95,0.0,0.0,0.0
3129,2018-03-12 17:15:00,2018-03-12 17:30:00,0.25,4453,4453,1,1,1113.25,Los Angeles,11.0,0.0,3.78125,0.0,0.0,0.0,67.0,54.0,60.225,0.0,0.0,0.0
3131,2018-03-12 18:00:00,2018-03-12 18:15:00,0.25,4491,4491,1,1,1122.75,Los Angeles,11.0,0.0,4.125,0.0,0.0,0.0,67.0,56.0,62.3,0.0,0.0,0.0
3133,2018-03-14 10:00:00,2018-03-14 11:15:00,1.25,4663,4663,1,3,5817.0,Los Angeles,18.0,0.0,7.2395835,23.0,0.0,0.5833333,61.0,40.0,54.470837,0.2714,0.11,0.0028270835
3135,2018-03-15 22:45:00,2018-03-16 02:15:00,3.5,4111,4296,6,9,13969.0,Los Angeles,21.0,0.0,11.45,24.0,0.0,1.3916667,64.4,38.0,57.678337,0.0,0.0,0.0
3137,2018-03-17 15:30:00,2018-03-17 16:15:00,0.75,8320,8320,1,3,5182.75,Los Angeles,16.0,0.0,6.46875,0.0,0.0,0.0,60.0,30.0,50.309376,0.0,0.0,0.0
3139,2018-03-19 22:30:00,2018-03-19 23:00:00,0.5,5126,5126,1,2,2547.75,Los Angeles,13.0,0.0,7.125,18.0,0.0,0.375,73.4,53.0,66.89166,1e-04,1e-04,2.0833334e-06
3141,2018-03-20 20:00:00,2018-03-20 20:15:00,0.25,3827,3827,1,1,956.75,Los Angeles,12.0,0.0,5.65625,17.0,0.0,1.0625,72.0,54.0,65.9875,0.0,0.0,0.0
3143,2018-03-20 20:45:00,2018-03-20 23:00:00,2.25,8050,8099,3,7,10628.0,Los Angeles,15.0,0.0,7.38125,21.0,0.0,0.9,73.4,51.0,65.066246,0.00059999997,1e-04,3.75e-06
3145,2018-03-21 19:45:00,2018-03-21 22:00:00,2.25,7527,7550,5,5,12757.25,Los Angeles,14.0,0.0,6.21875,22.0,0.0,0.8,66.0,44.0,56.627502,3.9607997,0.45,0.024754997
3147,2018-03-21 22:15:00,2018-03-21 22:30:00,0.25,5341,5341,1,1,1335.25,Los Angeles,11.0,0.0,5.03125,19.0,0.0,0.59375,66.0,47.0,58.0625,0.1901,0.03,0.005940625
3149,2018-03-21 22:45:00,2018-03-21 23:30:00,0.75,4498,4498,1,3,3255.5,Los Angeles,11.0,0.0,4.0,0.0,0.0,0.0,66.0,49.0,59.565628,0.2805,0.04,0.0043828124
3151,2018-03-22 13:45:00,2018-03-22 14:45:00,1.0,4086,4086,2,3,4044.75,Los Angeles,31.0,0.0,4.65,43.0,0.0,2.625,64.0,46.0,58.865,0.99079996,0.1,0.012385
3153,2018-03-23 07:15:00,2018-03-23 08:30:00,1.25,5975,5995,2,4,7222.25,Los Angeles,14.0,0.0,5.8541665,0.0,0.0,0.0,62.0,41.0,54.45625,0.95049995,0.15,0.009901041
3155,2018-03-23 11:00:00,2018-03-23 11:45:00,0.75,4956,4975,2,2,3399.25,Los Angeles,11.0,0.0,4.59375,19.0,0.0,0.796875,59.0,39.0,54.3125,0.0501,0.02,0.0007828125
3157,2018-03-23 17:15:00,2018-03-23 17:45:00,0.5,4817,4817,1,2,2408.25,Los Angeles,18.0,0.0,7.7083335,24.0,0.0,0.5,66.0,37.0,58.274998,0.0,0.0,0.0
3159,2018-03-23 21:00:00,2018-03-23 21:15:00,0.25,4962,4962,1,1,1240.5,Los Angeles,17.0,0.0,9.6875,25.0,0.0,3.0,68.0,53.0,63.65,0.0,0.0,0.0
3161,2018-03-23 21:45:00,2018-03-24 00:00:00,2.25,6601,6782,4,6,11541.0,Los Angeles,24.0,4.0,11.93125,38.0,0.0,4.7375,69.8,50.0,62.88375,0.0,0.0,0.0
3163,2018-03-25 02:45:00,2018-03-25 03:00:00,0.25,5014,5014,1,1,1253.5,Los Angeles,20.0,3.0,10.40625,21.0,0.0,1.1875,61.0,39.0,54.775,0.0,0.0,0.0
3166,2018-03-26 18:00:00,2018-03-26 18:45:00,0.75,4095,4095,2,2,3047.5,Los Angeles,20.0,0.0,8.296875,25.0,0.0,3.0,73.0,39.0,58.503124,0.0,0.0,0.0
3168,2018-03-26 19:00:00,2018-03-26 19:30:00,0.5,5038,5038,1,2,2474.5,Los Angeles,19.0,0.0,9.666667,25.0,0.0,5.0625,73.0,41.0,60.0,0.0,0.0,0.0
3170,2018-03-26 21:00:00,2018-03-26 22:30:00,1.5,5938,6638,4,3,8160.5,Los Angeles,21.0,3.0,11.982142,26.0,0.0,5.991071,73.0,44.0,64.432144,0.0,0.0,0.0
3172,2018-03-26 22:45:00,2018-03-27 01:15:00,2.5,11972,17908,4,7,18468.25,Los Angeles,27.0,3.0,14.090909,28.0,0.0,7.5397725,73.0,41.0,63.963634,0.0,0.0,0.0
3174,2018-03-27 05:15:00,2018-03-27 05:30:00,0.25,5765,5765,1,1,1441.25,Los Angeles,20.0,3.0,10.4375,27.0,0.0,4.625,73.0,36.0,56.59375,0.0,0.0,0.0
3176,2018-03-27 08:15:00,2018-03-27 10:00:00,1.75,4822,4898,3,4,8144.25,Los Angeles,19.0,0.0,7.6328125,26.0,0.0,2.9140625,73.0,35.0,53.370316,0.0,0.0,0.0
3178,2018-03-27 12:45:00,2018-03-27 13:00:00,0.25,5214,5214,1,1,1303.5,Los Angeles,11.0,0.0,5.1875,0.0,0.0,0.0,73.0,38.0,50.8125,0.0,0.0,0.0
3180,2018-03-27 15:45:00,2018-03-27 16:30:00,0.75,4360,4360,2,2,3228.0,Los Angeles,15.0,0.0,6.84375,21.0,0.0,1.8125,73.0,44.0,59.83125,0.0,0.0,0.0
3182,2018-03-27 16:45:00,2018-03-27 17:45:00,1.0,4567,4567,4,1,4410.75,Los Angeles,20.0,0.0,8.6125,25.0,0.0,3.3,73.0,46.0,63.619995,0.0,0.0,0.0
3184,2018-03-27 19:00:00,2018-03-27 19:45:00,0.75,5531,5531,1,3,4144.5,Los Angeles,19.0,0.0,9.578125,25.0,0.0,5.6875,76.0,51.0,67.578125,0.0,0.0,0.0
3186,2018-03-27 20:15:00,2018-03-27 21:15:00,1.0,4701,4701,2,3,4628.75,Los Angeles,17.0,0.0,9.7875,25.0,0.0,6.5375,77.0,53.0,69.4875,0.0,0.0,0.0
3188,2018-03-28 05:30:00,2018-03-28 07:45:00,2.25,7868,7897,4,6,13360.0,Los Angeles,15.0,0.0,5.0875,14.0,0.0,0.0875,66.2,45.0,58.19625,0.0,0.0,0.0
3190,2018-03-28 17:15:00,2018-03-28 17:30:00,0.25,3819,3819,1,1,954.75,Los Angeles,13.0,0.0,3.5625,0.0,0.0,0.0,70.0,57.0,62.95625,0.0,0.0,0.0
3192,2018-03-31 06:30:00,2018-03-31 07:45:00,1.25,5560,5560,4,1,6662.0,Los Angeles,11.0,0.0,5.0729165,23.0,0.0,0.6666667,69.8,53.0,59.08958,0.0,0.0,0.0
3197,2018-04-03 15:45:00,2018-04-03 16:15:00,0.5,5979,5979,1,2,2917.75,Los Angeles,15.0,0.0,4.2291665,0.0,0.0,0.0,66.0,53.0,58.345837,0.0,0.0,0.0
3199,2018-04-03 19:00:00,2018-04-03 19:15:00,0.25,3892,3892,1,1,973.0,Los Angeles,11.0,3.0,6.28125,0.0,0.0,0.0,73.0,59.0,65.631256,0.0,0.0,0.0
3201,2018-04-03 21:45:00,2018-04-04 00:00:00,2.25,6226,6226,1,9,11857.5,Los Angeles,16.0,0.0,8.44375,18.0,0.0,0.7125,79.0,56.0,67.9225,0.0,0.0,0.0
3203,2018-04-04 04:30:00,2018-04-04 05:15:00,0.75,4133,4133,2,2,3080.0,Los Angeles,14.0,0.0,6.53125,20.0,0.0,0.3125,64.4,50.0,58.240623,0.0,0.0,0.0
3205,2018-04-04 07:00:00,2018-04-04 07:30:00,0.5,5123,5123,2,1,2496.25,Los Angeles,13.0,0.0,5.8125,0.0,0.0,0.0,64.4,52.0,57.100002,0.0,0.0,0.0
3207,2018-04-05 03:45:00,2018-04-05 04:45:00,1.0,8784,10054,3,2,6171.5,Los Angeles,20.0,0.0,8.8,25.0,0.0,1.55,65.0,50.0,57.7625,0.0,0.0,0.0
3209,2018-04-05 13:00:00,2018-04-05 13:15:00,0.25,5262,5262,1,1,1315.5,Los Angeles,13.0,0.0,3.09375,0.0,0.0,0.0,58.0,49.0,55.375,0.0,0.0,0.0
3211,2018-04-05 15:45:00,2018-04-05 21:15:00,5.5,8284,12938,13,10,30313.5,Los Angeles,25.0,0.0,6.339674,38.0,0.0,2.611413,82.0,53.6,63.07772,0.0,0.0,0.0
3213,2018-04-06 16:45:00,2018-04-06 17:00:00,0.25,4857,4857,1,1,1214.25,Los Angeles,23.0,0.0,7.125,31.0,0.0,4.0,69.0,53.0,61.80625,0.0,0.0,0.0
3215,2018-04-06 17:15:00,2018-04-06 17:30:00,0.25,4698,4698,1,1,1174.5,Los Angeles,28.0,0.0,7.96875,40.0,0.0,3.875,69.0,53.0,62.34375,0.0,0.0,0.0
3217,2018-04-08 23:15:00,2018-04-09 00:15:00,1.0,5312,5312,4,1,4304.0,Los Angeles,28.0,4.0,10.4125,32.0,0.0,3.525,78.0,53.0,70.275,0.0,0.0,0.0
3219,2018-04-09 15:30:00,2018-04-09 18:30:00,3.0,10203,12290,11,2,16705.25,Los Angeles,21.0,0.0,4.8173075,23.0,0.0,1.1490384,89.0,49.0,72.5,0.0,0.0,0.0
3221,2018-04-09 18:45:00,2018-04-09 19:00:00,0.25,4304,4304,1,1,1076.0,Los Angeles,13.0,0.0,6.53125,18.0,0.0,1.125,89.0,67.0,80.9375,0.0,0.0,0.0
3223,2018-04-09 19:30:00,2018-04-09 21:45:00,2.25,6009,6571,4,6,11072.25,Los Angeles,16.0,0.0,8.01875,25.0,0.0,2.7375,96.8,67.0,85.26625,0.0,0.0,0.0
3225,2018-04-09 22:00:00,2018-04-10 01:00:00,3.0,7629,8824,5,8,18052.75,Los Angeles,16.0,0.0,8.177885,20.0,0.0,1.9230769,98.6,70.0,83.81827,0.0,0.0,0.0
3227,2018-04-10 10:30:00,2018-04-10 11:45:00,1.25,5021,5021,4,2,5537.75,Los Angeles,8.0,0.0,2.03125,0.0,0.0,0.0,76.0,45.0,61.377087,0.0,0.0,0.0
3229,2018-04-10 19:30:00,2018-04-10 20:15:00,0.75,6324,6324,2,2,4398.75,Los Angeles,20.0,0.0,7.984375,23.0,0.0,1.71875,91.0,68.0,82.69063,0.0,0.0,0.0
3231,2018-04-11 19:30:00,2018-04-11 21:15:00,1.75,4387,4390,2,6,7071.5,Los Angeles,25.0,0.0,8.65625,33.0,0.0,1.1875,80.6,62.0,72.7375,0.0,0.0,0.0
3234,2018-04-12 16:15:00,2018-04-12 16:30:00,0.25,4517,4517,1,1,1129.25,Los Angeles,22.0,0.0,12.53125,33.0,0.0,9.75,65.0,32.0,56.20625,0.01,0.01,0.0003125
3236,2018-04-12 18:30:00,2018-04-12 18:45:00,0.25,8274,8274,1,1,2068.5,Los Angeles,28.0,5.0,15.3125,33.0,0.0,11.28125,71.0,32.0,60.4875,0.0,0.0,0.0
3238,2018-04-12 22:45:00,2018-04-12 23:15:00,0.5,9126,9126,1,2,3231.5,Los Angeles,30.0,6.0,19.25,43.0,0.0,19.604166,72.0,42.0,63.425003,0.0,0.0,0.0
3240,2018-04-12 23:45:00,2018-04-13 05:15:00,5.5,15777,16943,15,8,48338.5,Los Angeles,30.0,4.0,15.63587,50.0,0.0,16.576086,71.0,36.0,59.721737,1e-04,1e-04,2.717391e-07
3242,2018-04-13 05:30:00,2018-04-13 21:30:00,16.0,15548,36206,30,33,145459.25,Los Angeles,26.0,0.0,9.358654,48.0,0.0,5.1182694,81.0,34.0,59.05577,1e-04,1e-04,9.615384e-08
3244,2018-04-13 22:45:00,2018-04-13 23:00:00,0.25,4238,4238,1,1,1059.5,Los Angeles,16.0,3.0,11.3125,24.0,0.0,4.40625,81.0,58.0,72.737495,0.0,0.0,0.0
3246,2018-04-14 00:30:00,2018-04-14 00:45:00,0.25,4140,4140,1,1,1035.0,Los Angeles,16.0,0.0,9.59375,23.0,0.0,2.75,79.0,58.0,70.600006,0.0,0.0,0.0
3248,2018-04-14 18:00:00,2018-04-14 21:15:00,3.25,6473,7258,6,8,16739.25,Los Angeles,14.0,0.0,5.892857,17.0,0.0,0.36160713,86.0,64.0,77.74018,0.0,0.0,0.0
3250,2018-04-14 22:15:00,2018-04-14 22:45:00,0.5,4016,4016,1,1,2008.0,Los Angeles,14.0,0.0,8.625,18.0,0.0,3.1458333,86.0,69.0,79.012505,0.0,0.0,0.0
3252,2018-04-14 23:00:00,2018-04-14 23:45:00,0.75,5291,5291,2,2,3384.0,Los Angeles,14.0,0.0,8.875,18.0,0.0,2.609375,86.0,67.0,78.56875,0.0,0.0,0.0
3254,2018-04-15 00:45:00,2018-04-15 01:00:00,0.25,4671,4671,1,1,1167.75,Los Angeles,20.0,0.0,10.0,25.0,0.0,3.28125,81.0,64.0,75.425,0.0,0.0,0.0
3256,2018-04-15 01:15:00,2018-04-15 01:45:00,0.5,4311,4311,2,1,2155.25,Los Angeles,19.0,0.0,9.479167,17.0,0.0,1.2708334,81.0,60.0,73.78333,0.0,0.0,0.0
3258,2018-04-16 17:45:00,2018-04-16 18:15:00,0.5,4283,4283,2,1,2127.25,Los Angeles,26.0,0.0,12.4375,33.0,0.0,3.3333333,65.0,40.0,59.225002,0.0,0.0,0.0
3260,2018-04-16 22:15:00,2018-04-16 23:45:00,1.5,6047,6085,4,3,8330.5,Los Angeles,26.0,5.0,15.8125,31.0,0.0,9.758928,66.0,41.0,60.10893,0.0,0.0,0.0
3262,2018-04-17 00:00:00,2018-04-17 01:00:00,1.0,5867,5867,1,4,5518.25,Los Angeles,25.0,8.0,16.7,33.0,0.0,14.15,64.0,42.0,58.095,0.11,0.05,0.001375
3264,2018-04-18 15:30:00,2018-04-18 18:00:00,2.5,5076,5255,8,3,11938.0,Los Angeles,17.0,0.0,5.409091,14.0,0.0,0.07954545,72.0,41.0,61.469315,0.0,0.0,0.0
3266,2018-04-19 17:00:00,2018-04-19 18:30:00,1.5,6724,6905,5,2,8983.75,Los Angeles,27.0,0.0,9.928572,32.0,0.0,3.5625,61.0,38.0,54.25179,0.0,0.0,0.0
3268,2018-04-19 18:45:00,2018-04-19 19:15:00,0.5,3827,3827,1,2,1908.25,Los Angeles,27.0,0.0,10.625,36.0,0.0,3.2708333,61.0,39.0,55.941666,0.0,0.0,0.0
3270,2018-04-19 19:30:00,2018-04-19 20:00:00,0.5,3905,3905,1,2,1949.5,Los Angeles,29.0,0.0,11.229167,38.0,0.0,2.9375,63.0,39.0,57.32083,0.0,0.0,0.0
3272,2018-04-19 20:15:00,2018-04-19 20:30:00,0.25,3859,3859,1,1,964.75,Los Angeles,30.0,0.0,11.875,42.0,0.0,3.34375,63.0,40.0,57.875,0.0,0.0,0.0
3274,2018-04-24 01:00:00,2018-04-24 03:45:00,2.75,8442,11236,5,7,18935.0,Los Angeles,21.0,0.0,9.197917,26.0,0.0,0.609375,81.0,53.6,64.45416,0.0,0.0,0.0
3276,2018-04-24 15:30:00,2018-04-24 15:45:00,0.25,5940,5940,1,1,1485.0,Los Angeles,10.0,0.0,3.4375,0.0,0.0,0.0,75.0,55.0,60.1,0.0,0.0,0.0
3278,2018-04-24 19:15:00,2018-04-24 20:15:00,1.0,5029,5052,2,2,4836.75,Los Angeles,12.0,0.0,7.35,16.0,0.0,0.975,86.0,59.0,70.3525,0.0,0.0,0.0
3280,2018-04-25 18:30:00,2018-04-25 18:45:00,0.25,4533,4533,1,1,1133.25,Los Angeles,14.0,0.0,7.0,14.0,0.0,0.4375,83.0,59.0,67.0,0.0,0.0,0.0
3282,2018-04-26 16:45:00,2018-04-26 18:30:00,1.75,5941,6302,3,4,8986.5,Los Angeles,14.0,0.0,5.53125,16.0,0.0,0.3671875,81.0,57.2,63.953125,0.0,0.0,0.0
3284,2018-04-26 18:45:00,2018-04-26 19:15:00,0.5,4642,4642,2,1,2183.25,Los Angeles,12.0,0.0,7.4166665,18.0,0.0,2.125,83.0,59.0,67.9,0.0,0.0,0.0
3286,2018-04-28 02:45:00,2018-04-28 03:15:00,0.5,4387,4387,1,2,2176.5,Los Angeles,21.0,4.0,9.520833,30.0,0.0,2.3125,64.4,49.0,59.7375,0.0,0.0,0.0
3289,2018-04-30 05:30:00,2018-04-30 06:30:00,1.0,4266,4266,3,2,4161.0,Los Angeles,32.0,0.0,9.5375,43.0,0.0,3.0125,62.6,43.0,56.7875,0.0,0.0,0.0
3291,2018-05-01 16:15:00,2018-05-01 18:00:00,1.75,4727,4742,3,5,7803.75,Los Angeles,21.0,0.0,9.3125,26.0,0.0,1.5234375,60.0,41.0,54.432808,0.020399999,0.01,0.00015937499
3293,2018-05-01 18:30:00,2018-05-01 19:00:00,0.5,4439,4439,2,1,2078.0,Los Angeles,22.0,0.0,10.4375,30.0,0.0,2.1875,60.8,43.0,55.233337,0.1002,0.03,0.0020875
3295,2018-05-02 17:45:00,2018-05-02 19:30:00,1.75,4555,4579,5,3,7891.75,Los Angeles,20.0,0.0,7.453125,24.0,0.0,2.078125,66.0,49.0,59.490623,0.0,0.0,0.0
3297,2018-05-02 20:45:00,2018-05-02 21:00:00,0.25,5114,5114,1,1,1278.5,Los Angeles,16.0,0.0,8.59375,17.0,0.0,1.5,70.0,49.0,61.375,0.0,0.0,0.0
3299,2018-05-02 22:45:00,2018-05-02 23:00:00,0.25,5166,5166,1,1,1291.5,Los Angeles,26.0,5.0,10.03125,34.0,0.0,4.15625,66.0,49.0,59.0625,0.0,0.0,0.0
3301,2018-05-03 00:00:00,2018-05-03 00:45:00,0.75,5525,5525,1,3,4013.0,Los Angeles,25.0,0.0,8.765625,31.0,0.0,3.21875,63.0,49.0,58.484375,0.0,0.0,0.0
3303,2018-05-03 16:30:00,2018-05-03 16:45:00,0.25,3820,3820,1,1,955.0,Los Angeles,12.0,0.0,5.03125,19.0,0.0,0.59375,67.0,55.0,61.331253,0.0,0.0,0.0
3305,2018-05-03 17:15:00,2018-05-03 19:45:00,2.5,4385,4666,4,7,10290.25,Los Angeles,14.0,0.0,6.1022725,17.0,0.0,0.26136363,77.0,58.0,65.66932,0.0,0.0,0.0
3307,2018-05-03 21:00:00,2018-05-03 22:15:00,1.25,4964,4964,1,5,5418.5,Los Angeles,17.0,0.0,9.864583,19.0,0.0,2.9375,79.0,61.0,70.208336,0.0,0.0,0.0
3309,2018-05-04 19:00:00,2018-05-04 19:30:00,0.5,4960,4960,1,2,2205.5,Los Angeles,11.0,0.0,6.5625,19.0,0.0,1.4791666,91.4,64.0,80.25,0.0,0.0,0.0
3311,2018-05-05 16:15:00,2018-05-05 16:30:00,0.25,5152,5152,1,1,1288.0,Los Angeles,11.0,0.0,2.71875,0.0,0.0,0.0,80.6,60.8,72.11875,0.0,0.0,0.0
3313,2018-05-07 17:15:00,2018-05-07 18:15:00,1.0,6629,6640,3,2,6599.5,Los Angeles,16.0,0.0,5.6375,0.0,0.0,0.0,82.0,59.0,69.385,0.0,0.0,0.0
3315,2018-05-08 03:30:00,2018-05-08 03:45:00,0.25,6815,6815,1,1,1703.75,Los Angeles,15.0,0.0,6.375,26.0,0.0,0.8125,82.4,60.0,67.0125,0.0,0.0,0.0
3317,2018-05-08 12:45:00,2018-05-08 14:30:00,1.75,4181,4272,4,3,7172.0,Los Angeles,15.0,0.0,4.3203125,0.0,0.0,0.0,82.4,53.0,60.237503,0.0,0.0,0.0
3319,2018-05-08 16:00:00,2018-05-08 17:30:00,1.5,6262,6262,5,2,7169.5,Los Angeles,12.0,0.0,4.625,0.0,0.0,0.0,82.4,58.0,67.80179,0.0,0.0,0.0
3321,2018-05-09 09:00:00,2018-05-09 09:45:00,0.75,5871,5871,2,1,4385.75,Los Angeles,18.0,0.0,4.46875,30.0,0.0,1.796875,80.6,57.0,62.262497,0.0,0.0,0.0
3323,2018-05-09 10:30:00,2018-05-09 10:45:00,0.25,9679,9679,1,1,2419.75,Los Angeles,19.0,0.0,5.0625,25.0,0.0,0.78125,80.6,57.2,62.1375,0.0,0.0,0.0
3325,2018-05-10 08:45:00,2018-05-10 09:45:00,1.0,3967,3967,1,2,3934.0,Los Angeles,21.0,0.0,5.775,27.0,0.0,1.9375,71.6,53.0,61.359997,0.0,0.0,0.0
3327,2018-05-11 18:00:00,2018-05-11 18:30:00,0.5,4289,4289,2,1,2066.5,Los Angeles,28.0,0.0,9.354167,34.0,0.0,2.5,67.0,50.0,60.95,1e-04,1e-04,2.0833334e-06
3329,2018-05-11 18:45:00,2018-05-11 19:45:00,1.0,4125,4184,2,3,4014.75,Los Angeles,34.0,0.0,10.5375,36.0,0.0,3.525,68.0,49.0,61.135,1e-04,1e-04,1.25e-06
3331,2018-05-12 07:45:00,2018-05-12 08:00:00,0.25,4849,4849,1,1,1212.25,Los Angeles,18.0,0.0,7.75,21.0,0.0,2.28125,62.6,45.0,57.56875,1e-04,1e-04,3.125e-06
3336,2018-05-14 14:45:00,2018-05-14 15:00:00,0.25,4024,4024,1,1,1006.0,Los Angeles,12.0,0.0,3.96875,0.0,0.0,0.0,62.0,52.0,58.8125,0.0,0.0,0.0
3338,2018-05-14 16:45:00,2018-05-14 17:30:00,0.75,4624,4624,3,1,3252.5,Los Angeles,11.0,0.0,5.84375,14.0,0.0,0.875,69.0,56.0,63.65937,0.0,0.0,0.0
3340,2018-05-15 04:00:00,2018-05-15 04:45:00,0.75,4309,4309,2,2,3191.75,Los Angeles,16.0,0.0,8.703125,19.0,0.0,1.234375,64.4,49.0,59.83125,0.0,0.0,0.0
3342,2018-05-15 16:30:00,2018-05-15 16:45:00,0.25,4959,4959,1,1,1239.75,Los Angeles,16.0,0.0,6.625,0.0,0.0,0.0,70.0,46.0,61.300003,0.0,0.0,0.0
3344,2018-05-15 17:00:00,2018-05-15 19:00:00,2.0,7031,7468,4,5,12736.25,Los Angeles,19.0,0.0,7.6527777,24.0,0.0,1.0347222,74.0,46.0,64.698616,0.0,0.0,0.0
3346,2018-05-15 19:15:00,2018-05-15 20:30:00,1.25,5933,5954,3,3,6739.25,Los Angeles,20.0,0.0,10.0,24.0,0.0,2.875,77.0,58.0,67.5375,0.0,0.0,0.0
3348,2018-05-15 20:45:00,2018-05-16 00:00:00,3.25,5501,6953,6,7,14887.75,Los Angeles,27.0,0.0,12.129464,29.0,0.0,3.950893,78.0,58.0,68.20268,0.0,0.0,0.0
3351,2018-05-19 01:15:00,2018-05-19 02:30:00,1.25,5136,5164,3,3,6349.5,Los Angeles,24.0,0.0,10.239583,27.0,0.0,0.78125,76.0,54.0,64.99583,0.0,0.0,0.0
3353,2018-05-19 03:00:00,2018-05-19 03:30:00,0.5,3957,3957,2,1,1977.75,Los Angeles,19.0,0.0,8.708333,24.0,0.0,3.3333333,70.0,54.0,62.291668,0.0,0.0,0.0
3355,2018-05-20 23:00:00,2018-05-20 23:30:00,0.5,3854,3854,2,1,1926.75,Los Angeles,23.0,4.0,10.375,27.0,0.0,1.9583334,77.0,54.0,66.85,0.0,0.0,0.0
3357,2018-05-22 17:30:00,2018-05-22 22:15:00,4.75,5614,6044,6,13,24198.25,Los Angeles,47.0,0.0,7.746875,20.0,0.0,1.096875,80.0,53.0,64.91375,0.0012999999,1e-04,4.0624996e-06
3359,2018-05-23 00:45:00,2018-05-23 01:00:00,0.25,6976,6976,1,1,1744.0,Los Angeles,23.0,5.0,10.6875,25.0,0.0,1.25,73.0,53.0,64.600006,0.0,0.0,0.0
3363,2018-05-28 02:15:00,2018-05-28 02:30:00,0.25,4838,4838,1,1,1209.5,Los Angeles,23.0,0.0,9.0625,0.0,0.0,0.0,77.0,53.0,65.65625,0.0,0.0,0.0
3365,2018-05-28 17:15:00,2018-05-28 17:45:00,0.5,4365,4365,2,1,2182.0,Los Angeles,9.0,0.0,4.5625,0.0,0.0,0.0,83.0,58.0,66.916664,0.0,0.0,0.0
3367,2018-05-29 01:15:00,2018-05-29 02:00:00,0.75,4860,4860,2,1,3640.0,Los Angeles,17.0,0.0,9.28125,20.0,0.0,0.578125,88.0,59.0,70.50313,0.0,0.0,0.0
3369,2018-05-29 02:15:00,2018-05-29 02:30:00,0.25,3832,3832,1,1,958.0,Los Angeles,19.0,0.0,8.46875,20.0,0.0,1.25,85.0,56.0,68.51875,0.0,0.0,0.0
3371,2018-05-29 16:45:00,2018-05-29 18:30:00,1.75,4384,4534,5,2,7485.5,Los Angeles,9.0,0.0,3.328125,0.0,0.0,0.0,87.0,58.0,68.487495,1e-04,1e-04,7.8125e-07
3373,2018-05-29 18:45:00,2018-05-29 20:00:00,1.25,6265,6536,2,4,5854.25,Los Angeles,13.0,0.0,7.2916665,19.0,0.0,1.2708334,93.0,58.0,72.84583,0.0,0.0,0.0
3375,2018-05-29 21:00:00,2018-05-29 21:15:00,0.25,3880,3880,1,1,970.0,Los Angeles,14.0,5.0,9.65625,21.0,0.0,3.1875,94.0,60.0,74.1375,0.0,0.0,0.0
3377,2018-05-30 08:30:00,2018-05-30 11:15:00,2.75,4618,4648,7,3,12243.75,Los Angeles,16.0,0.0,5.6302085,17.0,0.0,0.088541664,71.0,52.0,60.077087,0.0101,0.01,5.2604166e-05
3379,2018-05-30 17:15:00,2018-05-30 18:30:00,1.25,19092,19148,3,3,22851.0,Los Angeles,26.0,0.0,8.385417,29.0,0.0,0.30208334,74.0,51.0,62.854168,1e-04,1e-04,1.0416667e-06
3381,2018-05-31 00:45:00,2018-05-31 02:00:00,1.25,14618,14618,3,3,12088.5,Los Angeles,24.0,0.0,8.770833,29.0,0.0,1.25,78.0,56.0,66.145836,0.0,0.0,0.0
3384,2018-05-31 16:30:00,2018-05-31 16:45:00,0.25,4314,4314,1,1,1078.5,Los Angeles,20.0,0.0,7.25,22.0,0.0,1.3125,67.0,48.0,61.993748,0.0,0.0,0.0
3386,2018-05-31 17:15:00,2018-05-31 20:15:00,3.0,5171,5277,6,6,12754.0,Los Angeles,26.0,0.0,9.807693,31.0,0.0,2.6730769,71.6,48.0,65.39135,0.0002,1e-04,9.615385e-07
3388,2018-05-31 20:30:00,2018-05-31 21:45:00,1.25,7242,7242,1,5,8761.25,Los Angeles,26.0,3.0,11.71875,32.0,0.0,2.4791667,74.0,58.0,68.46042,0.0,0.0,0.0
3390,2018-06-02 03:45:00,2018-06-02 04:45:00,1.0,6008,6008,4,1,5866.5,Los Angeles,14.0,0.0,6.5875,0.0,0.0,0.0,74.0,60.0,66.225,0.0,0.0,0.0
3392,2018-06-03 17:45:00,2018-06-03 18:00:00,0.25,4268,4268,1,1,1067.0,Los Angeles,10.0,0.0,5.5625,0.0,0.0,0.0,94.0,63.0,76.25,0.0,0.0,0.0
3394,2018-06-03 19:30:00,2018-06-03 19:45:00,0.25,3877,3877,1,1,969.25,Los Angeles,14.0,0.0,7.59375,17.0,0.0,1.03125,99.0,64.0,79.131256,0.0,0.0,0.0
3396,2018-06-03 20:30:00,2018-06-03 20:45:00,0.25,26618,26618,1,1,6654.5,Los Angeles,17.0,3.0,9.71875,20.0,0.0,2.21875,99.0,64.0,79.98125,0.0,0.0,0.0
3398,2018-06-04 03:30:00,2018-06-04 04:15:00,0.75,7306,7306,1,3,5393.75,Los Angeles,17.0,0.0,7.671875,20.0,0.0,0.9375,89.0,59.0,68.97188,0.0,0.0,0.0
3400,2018-06-04 12:45:00,2018-06-04 13:45:00,1.0,6262,6262,1,3,5732.75,Los Angeles,13.0,0.0,3.5,0.0,0.0,0.0,78.0,55.0,61.840004,0.0,0.0,0.0
3402,2018-06-04 16:45:00,2018-06-04 17:00:00,0.25,4544,4544,1,1,1136.0,Los Angeles,15.0,0.0,5.40625,23.0,0.0,1.90625,91.0,59.0,72.7,0.0,0.0,0.0
3404,2018-06-04 19:15:00,2018-06-04 19:30:00,0.25,7729,7729,1,1,1932.25,Los Angeles,14.0,0.0,8.625,19.0,0.0,1.65625,96.0,60.0,75.881256,0.0,0.0,0.0
3406,2018-06-05 02:15:00,2018-06-05 03:30:00,1.25,5514,5775,2,4,6201.75,Los Angeles,19.0,0.0,7.5625,15.0,0.0,0.78125,88.0,56.0,67.575005,0.0,0.0,0.0
3408,2018-06-05 21:30:00,2018-06-05 21:45:00,0.25,4212,4212,1,1,1053.0,Los Angeles,23.0,0.0,9.5,19.0,0.0,1.53125,91.0,64.0,73.35,0.0,0.0,0.0
3410,2018-06-06 14:30:00,2018-06-06 16:00:00,1.5,4674,5138,3,2,6425.75,Los Angeles,13.0,0.0,4.821429,0.0,0.0,0.0,77.0,41.0,62.276783,0.0,0.0,0.0
3412,2018-06-07 16:00:00,2018-06-07 16:45:00,0.75,8808,8808,3,1,6539.0,Los Angeles,15.0,0.0,5.84375,23.0,0.0,1.703125,79.0,58.0,64.65625,0.0,0.0,0.0
3414,2018-06-07 17:30:00,2018-06-07 17:45:00,0.25,4448,4448,1,1,1112.0,Los Angeles,15.0,0.0,6.59375,23.0,0.0,2.03125,81.0,62.0,68.15,0.0,0.0,0.0
3416,2018-06-07 18:45:00,2018-06-07 19:15:00,0.5,4050,4050,2,1,1986.75,Los Angeles,19.0,0.0,8.229167,24.0,0.0,3.9791667,82.0,64.0,71.354164,0.0,0.0,0.0
3418,2018-06-08 19:45:00,2018-06-08 20:45:00,1.0,5397,5397,4,1,5308.25,Los Angeles,19.0,0.0,8.3375,24.0,0.0,1.6875,92.0,69.0,79.3875,0.0,0.0,0.0
3420,2018-06-09 06:15:00,2018-06-09 07:15:00,1.0,4591,4591,2,2,4578.25,Los Angeles,20.0,0.0,6.425,33.0,0.0,2.775,77.0,60.0,68.5125,0.0,0.0,0.0
3422,2018-06-09 22:00:00,2018-06-09 22:15:00,0.25,4569,4569,1,1,1142.25,Los Angeles,26.0,3.0,12.71875,31.0,0.0,5.625,89.0,69.0,78.325,0.0,0.0,0.0
3424,2018-06-09 22:30:00,2018-06-09 23:30:00,1.0,4846,4846,3,2,4755.25,Los Angeles,26.0,3.0,12.2,33.0,0.0,4.6875,89.0,68.0,77.6275,0.0,0.0,0.0
3426,2018-06-10 02:15:00,2018-06-10 02:30:00,0.25,7720,7720,1,1,1930.0,Los Angeles,29.0,0.0,10.96875,30.0,0.0,2.34375,80.0,59.0,71.881256,0.0,0.0,0.0
3428,2018-06-10 14:30:00,2018-06-10 16:00:00,1.5,4392,4392,5,1,6479.25,Los Angeles,27.0,0.0,7.044643,33.0,0.0,2.0625,74.0,47.0,64.59107,0.0,0.0,0.0
3430,2018-06-11 16:30:00,2018-06-11 17:00:00,0.5,7356,7356,2,1,3583.0,Los Angeles,11.0,0.0,4.625,0.0,0.0,0.0,79.0,68.0,72.90417,0.0,0.0,0.0
3432,2018-06-11 20:45:00,2018-06-11 21:00:00,0.25,5281,5281,1,1,1320.25,Los Angeles,13.0,3.0,7.84375,18.0,0.0,2.0625,92.0,72.0,81.2125,0.0,0.0,0.0
3434,2018-06-12 02:00:00,2018-06-12 02:45:00,0.75,5208,5208,2,2,3894.0,Los Angeles,19.0,0.0,8.125,0.0,0.0,0.0,91.0,65.0,76.33437,0.0,0.0,0.0
3436,2018-06-12 22:00:00,2018-06-12 22:15:00,0.25,4336,4336,1,1,1084.0,Los Angeles,16.0,0.0,10.09375,21.0,0.0,4.125,99.0,66.0,82.75,0.0,0.0,0.0
3438,2018-06-13 17:15:00,2018-06-13 18:15:00,1.0,5488,5513,2,2,4343.75,Los Angeles,14.0,0.0,6.6875,19.0,0.0,1.925,95.0,65.0,76.6125,0.0,0.0,0.0
3440,2018-06-13 18:30:00,2018-06-13 20:45:00,2.25,4962,5085,4,5,9079.75,Los Angeles,25.0,0.0,9.86875,25.0,0.0,1.925,97.0,64.0,80.265,0.0,0.0,0.0
3442,2018-06-14 04:45:00,2018-06-14 06:00:00,1.25,10707,10830,3,2,13298.75,Los Angeles,20.0,0.0,6.9166665,0.0,0.0,0.0,82.0,59.0,70.03542,0.0,0.0,0.0
3444,2018-06-14 15:15:00,2018-06-14 15:30:00,0.25,3908,3908,1,1,977.0,Los Angeles,16.0,0.0,5.0625,0.0,0.0,0.0,84.0,61.0,68.31875,0.0,0.0,0.0
3446,2018-06-14 16:30:00,2018-06-14 19:00:00,2.5,6465,7506,4,7,12984.0,Los Angeles,22.0,0.0,8.017045,29.0,0.0,1.1931819,91.0,63.0,73.50909,0.0,0.0,0.0
3448,2018-06-14 19:30:00,2018-06-14 20:15:00,0.75,4543,4543,1,3,3262.0,Los Angeles,28.0,0.0,9.8125,36.0,0.0,3.78125,91.0,66.0,78.58125,0.0,0.0,0.0
3450,2018-06-16 04:15:00,2018-06-16 04:45:00,0.5,4759,4759,2,1,2376.5,Los Angeles,19.0,3.0,7.6041665,0.0,0.0,0.0,77.0,55.0,65.51667,0.0,0.0,0.0
3452,2018-06-16 12:15:00,2018-06-16 12:45:00,0.5,7990,7990,2,1,3073.5,Los Angeles,18.0,0.0,6.0208335,0.0,0.0,0.0,65.0,53.0,60.883335,0.0,0.0,0.0
3454,2018-06-17 01:45:00,2018-06-17 03:15:00,1.5,4613,4664,4,3,6845.25,Los Angeles,26.0,4.0,10.401786,32.0,0.0,3.9910715,68.0,51.0,62.04643,0.0,0.0,0.0
3456,2018-06-17 14:15:00,2018-06-17 14:30:00,0.25,4143,4143,1,1,1035.75,Los Angeles,23.0,0.0,6.625,24.0,0.0,2.03125,64.0,45.0,59.018753,0.0,0.0,0.0
3458,2018-06-18 21:30:00,2018-06-18 21:45:00,0.25,3855,3855,1,1,963.75,Los Angeles,15.0,6.0,10.75,21.0,0.0,4.5625,85.0,60.0,72.181244,0.0,0.0,0.0
3460,2018-06-18 22:15:00,2018-06-18 22:30:00,0.25,3960,3960,1,1,990.0,Los Angeles,15.0,0.0,11.46875,21.0,0.0,5.0625,85.0,60.0,72.04375,0.0,0.0,0.0
3462,2018-06-18 23:15:00,2018-06-19 00:15:00,1.0,4721,4726,3,2,4674.0,Los Angeles,21.0,0.0,12.0,24.0,0.0,3.925,86.0,58.0,71.0125,0.0,0.0,0.0
3464,2018-06-20 06:00:00,2018-06-20 06:15:00,0.25,4755,4755,1,1,1188.75,Los Angeles,18.0,0.0,5.84375,0.0,0.0,0.0,76.0,56.0,64.8375,0.0,0.0,0.0
3466,2018-06-20 19:45:00,2018-06-20 20:15:00,0.5,4411,4411,1,2,2205.25,Los Angeles,12.0,3.0,7.1458335,19.0,0.0,1.3958334,100.0,65.0,79.025,0.0,0.0,0.0
3468,2018-06-20 23:00:00,2018-06-20 23:30:00,0.5,5181,5181,1,2,2521.5,Los Angeles,18.0,0.0,9.916667,21.0,0.0,3.0833333,101.0,65.0,80.09583,0.0,0.0,0.0
3472,2018-06-22 19:15:00,2018-06-22 19:45:00,0.5,6545,6545,2,1,3272.0,Los Angeles,13.0,0.0,6.7708335,15.0,0.0,0.9166667,101.0,66.0,77.85,0.0,0.0,0.0
3474,2018-06-23 06:15:00,2018-06-23 10:15:00,4.0,4472,4472,8,4,17098.5,Los Angeles,20.0,0.0,6.367647,30.0,0.0,1.4375,81.0,55.0,66.10662,0.0,0.0,0.0
3476,2018-06-24 19:45:00,2018-06-24 20:15:00,0.5,4082,4082,1,1,2041.0,Los Angeles,21.0,0.0,8.625,24.0,0.0,3.1458333,95.0,65.0,74.5375,0.0,0.0,0.0
3478,2018-06-24 20:30:00,2018-06-24 21:00:00,0.5,4016,4016,2,1,2005.25,Los Angeles,21.0,3.0,10.0,28.0,0.0,4.375,96.0,65.0,76.19167,0.0,0.0,0.0
3480,2018-06-24 22:45:00,2018-06-24 23:00:00,0.25,5180,5180,1,1,1295.0,Los Angeles,24.0,3.0,11.03125,28.0,0.0,2.375,95.0,67.0,76.325,0.0,0.0,0.0
3482,2018-06-25 05:15:00,2018-06-25 06:15:00,1.0,5987,5988,2,3,5039.5,Los Angeles,17.0,0.0,6.6,0.0,0.0,0.0,79.0,57.0,66.6625,0.0,0.0,0.0
3484,2018-06-25 16:30:00,2018-06-25 18:45:00,2.25,6368,6382,8,2,10304.0,Los Angeles,17.0,0.0,6.26875,19.0,0.0,0.81875,93.0,63.0,73.13375,0.0,0.0,0.0
3486,2018-06-25 19:00:00,2018-06-25 21:30:00,2.5,19556,25306,3,8,16535.5,Los Angeles,21.0,0.0,9.573864,25.0,0.0,2.5738637,96.0,65.0,77.85227,0.0,0.0,0.0
3488,2018-06-26 07:15:00,2018-06-26 07:45:00,0.5,8456,8456,1,1,4228.0,Los Angeles,16.0,0.0,7.3333335,20.0,0.0,0.41666666,77.0,57.0,67.049995,0.0,0.0,0.0
3490,2018-06-26 16:15:00,2018-06-26 17:00:00,0.75,4126,4126,3,1,3052.5,Los Angeles,15.0,0.0,4.921875,16.0,0.0,0.25,89.0,59.0,70.203125,0.0,0.0,0.0
3492,2018-06-26 17:15:00,2018-06-26 18:00:00,0.75,4757,4769,2,2,3533.25,Los Angeles,14.0,0.0,6.46875,18.0,0.0,0.828125,92.0,63.0,73.25312,0.0,0.0,0.0
3494,2018-06-26 18:15:00,2018-06-26 20:00:00,1.75,6714,6714,1,7,10310.25,Los Angeles,16.0,0.0,8.34375,21.0,0.0,2.2734375,95.0,64.0,76.325,0.0,0.0,0.0
3496,2018-06-26 21:15:00,2018-06-26 21:45:00,0.5,10022,10022,1,2,4978.25,Los Angeles,20.0,0.0,10.270833,17.0,0.0,1.3541666,95.0,66.0,79.61667,0.0,0.0,0.0
3498,2018-06-26 22:00:00,2018-06-26 22:15:00,0.25,9756,9756,1,1,2439.0,Los Angeles,20.0,0.0,10.96875,24.0,0.0,1.34375,95.0,67.0,79.975,0.0,0.0,0.0
3500,2018-06-28 05:00:00,2018-06-28 05:30:00,0.5,5463,5463,2,1,2712.5,Los Angeles,17.0,3.0,7.8958335,18.0,0.0,0.375,77.0,56.0,67.99166,0.0,0.0,0.0
3502,2018-06-28 06:30:00,2018-06-28 07:15:00,0.75,4018,4020,2,2,2951.0,Los Angeles,14.0,0.0,7.015625,0.0,0.0,0.0,75.2,56.0,67.2,0.0,0.0,0.0
3504,2018-06-28 07:30:00,2018-06-28 11:00:00,3.5,6288,6903,4,10,16900.75,Los Angeles,19.0,0.0,5.3333335,20.0,0.0,0.15833333,75.2,54.0,65.02583,0.0,0.0,0.0
3506,2018-06-28 17:15:00,2018-06-28 17:30:00,0.25,3975,3975,1,1,993.75,Los Angeles,16.0,0.0,5.8125,17.0,0.0,0.53125,86.0,62.0,70.48125,0.0,0.0,0.0
3508,2018-06-28 17:45:00,2018-06-28 18:30:00,0.75,4038,4038,1,3,2973.25,Los Angeles,19.0,0.0,6.78125,23.0,0.0,2.03125,89.0,65.0,72.68437,0.0,0.0,0.0
3510,2018-06-28 18:45:00,2018-06-28 20:00:00,1.25,4058,4058,1,5,4949.75,Los Angeles,21.0,0.0,8.875,27.0,0.0,3.1458333,91.0,65.0,75.762505,0.0,0.0,0.0
3512,2018-06-29 15:15:00,2018-06-29 15:30:00,0.25,14918,14918,1,1,3729.5,Los Angeles,16.0,0.0,5.40625,16.0,0.0,1.0,73.0,57.2,65.256256,0.0,0.0,0.0
3514,2018-06-30 16:45:00,2018-06-30 17:30:00,0.75,3882,3882,1,2,2895.0,Los Angeles,12.0,0.0,4.53125,0.0,0.0,0.0,86.0,60.0,69.6375,0.0,0.0,0.0
3516,2018-06-30 17:45:00,2018-06-30 18:00:00,0.25,4575,4575,1,1,1143.75,Los Angeles,12.0,0.0,4.875,17.0,0.0,1.0625,89.0,63.0,72.2375,0.0,0.0,0.0
3518,2018-07-01 10:15:00,2018-07-01 11:00:00,0.75,5292,5312,2,2,3963.5,Los Angeles,13.0,0.0,4.203125,0.0,0.0,0.0,74.0,54.0,64.5375,0.0,0.0,0.0
3520,2018-07-02 17:00:00,2018-07-02 17:15:00,0.25,4367,4367,1,1,1091.75,Los Angeles,15.0,0.0,5.78125,0.0,0.0,0.0,87.0,63.0,71.225,0.0,0.0,0.0
3523,2018-07-05 19:30:00,2018-07-05 19:45:00,0.25,3864,3864,1,1,966.0,Los Angeles,19.0,0.0,8.25,17.0,0.0,0.53125,96.0,69.0,84.16875,0.0,0.0,0.0
3525,2018-07-06 04:00:00,2018-07-06 04:15:00,0.25,4800,4800,1,1,1200.0,Los Angeles,23.0,0.0,9.40625,33.0,0.0,4.78125,89.6,65.0,79.262505,0.0,0.0,0.0
3527,2018-07-06 22:30:00,2018-07-09 03:30:00,53.0,35109,200809,103,107,1013120.75,Los Angeles,28.0,0.0,7.0111504,40.0,0.0,1.4524648,115.0,68.0,88.03879,0.0,0.0,0.0
3529,2018-07-09 03:45:00,2018-07-10 11:30:00,31.75,20340,48702,49,77,311165.75,Los Angeles,31.0,0.0,6.591797,43.0,0.0,1.7114258,104.0,66.0,80.89257,0.0,0.0,0.0
3531,2018-07-10 15:30:00,2018-07-10 15:45:00,0.25,3844,3844,1,1,961.0,Los Angeles,12.0,0.0,4.59375,0.0,0.0,0.0,85.0,70.0,76.09375,0.0,0.0,0.0
3533,2018-07-10 16:15:00,2018-07-11 01:00:00,8.75,5971,8404,14,22,44426.0,Los Angeles,21.0,0.0,7.4375,24.0,0.0,1.2326388,98.6,71.0,84.04965,0.0,0.0,0.0
3535,2018-07-11 08:45:00,2018-07-11 09:00:00,0.25,3816,3816,1,1,954.0,Los Angeles,13.0,0.0,4.78125,0.0,0.0,0.0,82.4,66.0,73.7625,0.0,0.0,0.0
3537,2018-07-11 17:30:00,2018-07-11 18:00:00,0.5,4624,4624,2,1,2233.0,Los Angeles,10.0,0.0,4.7291665,0.0,0.0,0.0,88.0,70.0,81.90833,0.0,0.0,0.0
3539,2018-07-11 18:15:00,2018-07-11 20:30:00,2.25,6187,6415,5,4,12581.25,Los Angeles,16.0,0.0,6.99375,19.0,0.0,0.53125,97.0,72.0,84.3975,0.0,0.0,0.0
3541,2018-07-11 20:45:00,2018-07-11 21:00:00,0.25,5477,5477,1,1,1369.25,Los Angeles,16.0,0.0,8.90625,18.0,0.0,3.0,97.0,73.0,86.725,0.0,0.0,0.0
3543,2018-07-11 21:15:00,2018-07-11 22:30:00,1.25,5936,5936,2,4,6408.0,Los Angeles,18.0,0.0,10.114583,22.0,0.0,4.5625,98.0,73.0,86.71875,0.0,0.0,0.0
3545,2018-07-11 22:45:00,2018-07-11 23:30:00,0.75,4267,4267,2,1,3168.25,Los Angeles,18.0,0.0,10.578125,23.0,0.0,3.84375,96.0,73.0,85.94063,0.0,0.0,0.0
3547,2018-07-12 14:15:00,2018-07-12 14:30:00,0.25,5637,5637,1,1,1409.25,Los Angeles,10.0,0.0,3.59375,0.0,0.0,0.0,78.0,67.0,71.79375,0.0,0.0,0.0
3549,2018-07-12 15:30:00,2018-07-12 16:00:00,0.5,14218,14218,1,2,4505.0,Los Angeles,10.0,0.0,3.2083333,0.0,0.0,0.0,83.0,70.0,75.30833,0.0,0.0,0.0
3551,2018-07-12 16:15:00,2018-07-12 17:30:00,1.25,5388,5603,3,3,5883.75,Los Angeles,10.0,0.0,4.1041665,0.0,0.0,0.0,88.0,70.0,78.135414,0.0,0.0,0.0
3553,2018-07-12 17:45:00,2018-07-12 18:45:00,1.0,4747,4747,3,2,4546.5,Los Angeles,11.0,0.0,5.4625,18.0,0.0,0.225,93.0,72.0,81.972496,0.0,0.0,0.0
3555,2018-07-12 19:30:00,2018-07-12 20:30:00,1.0,4383,4383,3,2,4325.25,Los Angeles,14.0,4.0,8.825,20.0,0.0,2.0125,95.0,73.0,85.1075,0.0,0.0,0.0
3557,2018-07-12 21:30:00,2018-07-12 21:45:00,0.25,4024,4024,1,1,1006.0,Los Angeles,19.0,0.0,11.0625,26.0,0.0,4.375,96.0,71.0,85.331245,0.0,0.0,0.0
3559,2018-07-14 02:30:00,2018-07-14 03:15:00,0.75,5158,5158,1,2,3868.25,Los Angeles,20.0,0.0,9.203125,17.0,0.0,0.5,92.0,66.0,76.265625,0.0,0.0,0.0
3562,2018-07-17 01:45:00,2018-07-17 02:00:00,0.25,4406,4406,1,1,1101.5,Los Angeles,20.0,4.0,11.21875,25.0,0.0,2.71875,92.0,62.0,78.0875,0.0,0.0,0.0
3564,2018-07-18 04:45:00,2018-07-18 05:15:00,0.5,4810,4810,2,1,2363.25,Los Angeles,13.0,4.0,7.375,0.0,0.0,0.0,87.0,61.0,72.2875,0.0,0.0,0.0
3566,2018-07-18 10:00:00,2018-07-18 10:15:00,0.25,4834,4834,1,1,1208.5,Los Angeles,15.0,0.0,4.40625,0.0,0.0,0.0,83.0,61.0,70.087494,0.0,0.0,0.0
3568,2018-07-19 01:45:00,2018-07-19 02:00:00,0.25,4114,4114,1,1,1028.5,Los Angeles,20.0,0.0,8.0625,23.0,0.0,2.78125,93.0,65.0,77.65,0.0,0.0,0.0
3570,2018-07-19 03:00:00,2018-07-19 03:45:00,0.75,6053,6053,1,3,3873.25,Los Angeles,18.0,0.0,7.84375,22.0,0.0,0.6875,89.0,63.0,74.21562,0.0,0.0,0.0
3572,2018-07-19 16:30:00,2018-07-19 16:45:00,0.25,5412,5412,1,1,1353.0,Los Angeles,12.0,0.0,4.25,0.0,0.0,0.0,93.0,68.0,79.15,0.0,0.0,0.0
3574,2018-07-19 17:00:00,2018-07-19 17:45:00,0.75,7020,7057,2,2,4691.25,Los Angeles,13.0,0.0,5.59375,0.0,0.0,0.0,96.0,69.0,80.64375,0.0,0.0,0.0
3576,2018-07-19 19:00:00,2018-07-19 19:15:00,0.25,4329,4329,1,1,1082.25,Los Angeles,12.0,0.0,7.625,0.0,0.0,0.0,98.0,71.0,83.375,0.0,0.0,0.0
3578,2018-07-21 19:45:00,2018-07-21 20:30:00,0.75,5343,5343,2,2,3245.25,Los Angeles,17.0,0.0,8.671875,17.0,0.0,1.96875,95.0,70.0,81.306244,0.0,0.0,0.0
3580,2018-07-21 23:45:00,2018-07-22 00:15:00,0.5,4055,4055,1,2,2022.0,Los Angeles,20.0,0.0,12.1875,26.0,0.0,8.5,94.0,71.0,81.8125,0.0,0.0,0.0
3582,2018-07-22 03:15:00,2018-07-22 03:45:00,0.5,5844,5844,1,2,2591.75,Los Angeles,16.0,0.0,8.9375,19.0,0.0,0.39583334,86.0,62.0,74.07083,0.0,0.0,0.0
3584,2018-07-22 04:15:00,2018-07-22 04:30:00,0.25,4715,4715,1,1,1178.75,Los Angeles,16.0,0.0,7.71875,0.0,0.0,0.0,85.0,61.0,73.175,0.0,0.0,0.0
3586,2018-07-23 22:15:00,2018-07-24 04:30:00,6.25,6845,9488,13,13,31635.25,Los Angeles,23.0,0.0,10.257212,28.0,0.0,1.875,127.4,67.0,86.79231,0.0,0.0,0.0
3588,2018-07-24 06:45:00,2018-07-24 08:30:00,1.75,10803,10932,4,4,10543.75,Los Angeles,21.0,0.0,6.375,32.0,0.0,2.8671875,127.4,65.0,80.49375,0.0,0.0,0.0
3590,2018-07-24 09:00:00,2018-07-24 09:15:00,0.25,5100,5100,1,1,1275.0,Los Angeles,12.0,0.0,4.96875,18.0,0.0,1.125,127.4,65.0,76.1125,0.0,0.0,0.0
3592,2018-07-24 22:45:00,2018-07-24 23:45:00,1.0,3879,3881,3,2,3848.25,Los Angeles,22.0,0.0,9.9125,24.0,0.0,2.5125,108.0,71.0,91.955,0.0,0.0,0.0
3594,2018-07-25 01:45:00,2018-07-25 02:15:00,0.5,5368,5368,2,1,2610.25,Los Angeles,25.0,4.0,10.416667,30.0,0.0,2.5625,99.0,69.0,85.049995,0.0,0.0,0.0
3597,2018-07-27 09:45:00,2018-07-27 12:15:00,2.5,5815,6583,5,6,13082.5,Los Angeles,14.0,0.0,3.2954545,23.0,0.0,0.79545456,84.0,63.0,71.18409,0.0,0.0,0.0
3599,2018-07-27 15:45:00,2018-07-27 18:15:00,2.5,4677,4977,8,3,11021.75,Los Angeles,15.0,0.0,5.8522725,21.0,0.0,1.3636364,100.0,67.0,79.46363,0.0,0.0,0.0
3601,2018-07-27 20:45:00,2018-07-27 21:00:00,0.25,4427,4427,1,1,1106.75,Los Angeles,18.0,4.0,9.03125,20.0,0.0,2.03125,107.0,72.0,86.875,0.0,0.0,0.0
3603,2018-07-28 02:30:00,2018-07-28 05:15:00,2.75,21152,21196,8,2,53357.75,Los Angeles,23.0,0.0,7.2083335,20.0,0.0,0.3125,97.0,63.0,77.66042,0.0,0.0,0.0
3607,2018-07-29 04:30:00,2018-07-29 05:15:00,0.75,4460,4460,2,2,3331.25,Los Angeles,16.0,0.0,5.859375,0.0,0.0,0.0,87.0,63.0,73.96875,0.0,0.0,0.0
3609,2018-07-29 05:30:00,2018-07-29 13:00:00,7.5,7950,10228,11,15,42148.5,Los Angeles,15.0,0.0,3.842742,0.0,0.0,0.0,86.0,61.0,71.83388,0.0,0.0,0.0
3611,2018-07-30 06:30:00,2018-07-30 06:45:00,0.25,3806,3806,1,1,951.5,Los Angeles,14.0,0.0,6.1875,24.0,0.0,1.3125,85.0,67.0,74.9125,0.0,0.0,0.0
3613,2018-07-30 10:45:00,2018-07-30 11:00:00,0.25,12040,12040,1,1,3010.0,Los Angeles,10.0,0.0,3.5,0.0,0.0,0.0,82.0,67.0,73.2875,0.0,0.0,0.0
3618,2018-07-31 23:30:00,2018-08-01 00:00:00,0.5,5063,5063,1,1,2531.5,Los Angeles,22.0,4.0,12.0,25.0,0.0,2.3125,103.0,73.0,87.25417,0.0,0.0,0.0
3620,2018-08-01 00:15:00,2018-08-01 01:15:00,1.0,4568,4568,1,4,4326.75,Los Angeles,22.0,4.0,11.6625,24.0,0.0,2.35,100.0,72.0,85.067505,0.0,0.0,0.0
3622,2018-08-01 19:30:00,2018-08-02 00:00:00,4.5,5650,7360,8,7,22944.5,Los Angeles,23.0,0.0,10.651316,29.0,0.0,2.1052632,102.0,71.0,88.29145,0.0,0.0,0.0
3624,2018-08-03 23:00:00,2018-08-03 23:30:00,0.5,4183,4183,1,2,2008.0,Los Angeles,24.0,0.0,10.520833,28.0,0.0,2.7291667,104.0,72.0,87.625,0.0,0.0,0.0
3628,2018-08-06 13:15:00,2018-08-06 16:30:00,3.25,6126,6914,6,4,15010.25,Los Angeles,19.0,0.0,3.21875,27.0,0.0,1.5625,86.0,64.4,72.98661,0.0,0.0,0.0
3630,2018-08-07 13:00:00,2018-08-07 14:30:00,1.5,4679,4774,3,4,6972.5,Los Angeles,20.0,0.0,3.0,27.0,0.0,0.72321427,85.0,65.0,72.23393,0.0,0.0,0.0
3632,2018-08-07 16:30:00,2018-08-07 16:45:00,0.25,4018,4018,1,1,1004.5,Los Angeles,13.0,0.0,2.375,0.0,0.0,0.0,90.0,76.0,83.65625,0.0,0.0,0.0
3634,2018-08-08 20:45:00,2018-08-08 21:00:00,0.25,7830,7830,1,1,1957.5,Los Angeles,18.0,0.0,8.4375,23.0,0.0,3.5625,101.0,78.0,92.2,0.0,0.0,0.0
3636,2018-08-08 22:00:00,2018-08-08 22:15:00,0.25,5202,5202,1,1,1300.5,Los Angeles,17.0,0.0,9.15625,23.0,0.0,3.21875,101.0,79.0,91.575,0.0,0.0,0.0
3638,2018-08-09 11:45:00,2018-08-09 12:15:00,0.5,5493,5493,1,2,2731.0,Los Angeles,11.0,0.0,4.7916665,0.0,0.0,0.0,80.0,68.0,72.424995,0.0,0.0,0.0
3640,2018-08-09 12:30:00,2018-08-09 21:15:00,8.75,9149,14116,14,20,51485.25,Los Angeles,17.0,0.0,4.8020835,21.0,0.0,0.067708336,105.0,68.0,82.9507,0.0,0.0,0.0
3642,2018-08-10 06:30:00,2018-08-10 07:00:00,0.5,4810,4810,2,1,2363.0,Los Angeles,15.0,0.0,7.25,15.0,0.0,0.9375,91.4,69.8,79.23333,0.0,0.0,0.0
3644,2018-08-10 18:45:00,2018-08-10 19:00:00,0.25,5657,5657,1,1,1414.25,Los Angeles,17.0,0.0,8.1875,22.0,0.0,1.3125,95.0,79.0,87.2375,0.0,0.0,0.0
3646,2018-08-11 04:45:00,2018-08-11 05:00:00,0.25,3803,3803,1,1,950.75,Los Angeles,18.0,0.0,7.15625,20.0,0.0,0.625,89.6,70.0,78.3125,0.0,0.0,0.0
3648,2018-08-11 21:45:00,2018-08-11 23:30:00,1.75,6616,7080,4,3,8398.5,Los Angeles,21.0,5.0,12.234375,25.0,0.0,6.8359375,98.0,74.0,85.779686,0.0,0.0,0.0
3651,2018-08-13 16:30:00,2018-08-13 18:15:00,1.75,5819,5988,4,4,8040.75,Los Angeles,17.0,0.0,6.671875,19.0,0.0,0.1484375,90.0,70.0,78.595314,0.0,0.0,0.0
3653,2018-08-14 17:15:00,2018-08-14 18:00:00,0.75,4740,5003,2,2,3241.25,Los Angeles,10.0,0.0,4.984375,0.0,0.0,0.0,91.0,69.0,77.81563,0.0,0.0,0.0
3655,2018-08-15 04:00:00,2018-08-15 04:30:00,0.5,4323,4323,1,2,2125.0,Los Angeles,14.0,0.0,8.020833,17.0,0.0,0.35416666,82.0,62.0,73.229164,0.0,0.0,0.0
3657,2018-08-15 07:00:00,2018-08-15 07:15:00,0.25,4132,4132,1,1,1033.0,Los Angeles,13.0,0.0,6.4375,20.0,0.0,1.25,78.0,64.0,71.84375,0.0,0.0,0.0
3661,2018-08-17 19:00:00,2018-08-17 19:15:00,0.25,4014,4014,1,1,1003.5,Los Angeles,13.0,3.0,6.75,0.0,0.0,0.0,95.0,74.0,83.525,0.0,0.0,0.0
3664,2018-08-18 18:00:00,2018-08-18 18:45:00,0.75,5068,5068,3,1,3753.75,Los Angeles,16.0,0.0,6.53125,23.0,0.0,1.40625,98.0,72.0,80.2625,0.0,0.0,0.0
3666,2018-08-20 16:00:00,2018-08-20 16:30:00,0.5,4337,4337,2,1,2166.75,Los Angeles,17.0,0.0,6.4375,20.0,0.0,0.7708333,88.0,63.0,73.95417,0.0,0.0,0.0
3668,2018-08-21 09:15:00,2018-08-21 10:15:00,1.0,4801,4801,2,2,4653.75,Los Angeles,13.0,0.0,3.9625,0.0,0.0,0.0,75.0,63.0,70.725,0.0,0.0,0.0
3670,2018-08-22 20:00:00,2018-08-22 20:15:00,0.25,6290,6290,1,1,1572.5,Los Angeles,22.0,4.0,9.625,25.0,0.0,3.46875,94.0,65.0,81.525,0.0,0.0,0.0
3672,2018-08-22 20:30:00,2018-08-22 21:30:00,1.0,4338,4338,2,3,4293.25,Los Angeles,22.0,4.0,9.9875,25.0,0.0,3.0125,94.0,65.0,82.9125,0.0,0.0,0.0
3674,2018-08-24 09:00:00,2018-08-24 09:15:00,0.25,4380,4380,1,1,1095.0,Los Angeles,11.0,0.0,4.15625,0.0,0.0,0.0,86.0,60.0,68.475,0.0,0.0,0.0
3676,2018-08-24 10:30:00,2018-08-24 10:45:00,0.25,6585,6585,1,1,1646.25,Los Angeles,11.0,0.0,4.3125,0.0,0.0,0.0,86.0,61.0,67.94375,0.0,0.0,0.0
3678,2018-08-24 14:30:00,2018-08-24 14:45:00,0.25,4349,4349,1,1,1087.25,Los Angeles,10.0,0.0,3.75,0.0,0.0,0.0,80.6,62.0,68.41875,0.0,0.0,0.0
3680,2018-08-24 22:45:00,2018-08-24 23:00:00,0.25,7682,7682,1,1,1920.5,Los Angeles,24.0,3.0,10.40625,28.0,0.0,2.28125,92.0,69.0,80.1,0.0,0.0,0.0
3682,2018-08-24 23:45:00,2018-08-25 00:00:00,0.25,4408,4408,1,1,1102.0,Los Angeles,22.0,0.0,10.21875,28.0,0.0,2.09375,90.0,67.0,79.0375,0.0,0.0,0.0
3684,2018-08-27 17:15:00,2018-08-27 17:30:00,0.25,4876,4876,1,1,1219.0,Los Angeles,20.0,0.0,6.125,0.0,0.0,0.0,85.0,66.2,72.2375,0.0,0.0,0.0
3686,2018-08-27 23:00:00,2018-08-28 00:15:00,1.25,4003,4006,2,4,4868.75,Los Angeles,23.0,0.0,10.822917,27.0,0.0,3.0729167,88.0,66.0,77.8125,0.0,0.0,0.0
3688,2018-08-28 01:45:00,2018-08-28 05:00:00,3.25,10408,16576,7,6,21186.5,Los Angeles,20.0,0.0,8.227678,29.0,0.0,0.5,79.0,59.0,69.88125,0.0,0.0,0.0
3690,2018-08-28 15:45:00,2018-08-28 16:15:00,0.5,10810,10810,1,2,4677.75,Los Angeles,17.0,0.0,4.0833335,19.0,0.0,0.39583334,75.0,63.0,68.4375,0.0,0.0,0.0
3692,2018-08-28 16:30:00,2018-08-28 18:45:00,2.25,14452,16532,3,7,13900.25,Los Angeles,17.0,0.0,5.40625,18.0,0.0,0.3,87.0,64.0,72.9875,0.0,0.0,0.0
3694,2018-08-28 21:00:00,2018-08-28 21:30:00,0.5,4467,4467,1,2,2232.0,Los Angeles,18.0,0.0,10.0,22.0,0.0,3.1458333,92.0,68.0,79.975,0.0,0.0,0.0
3696,2018-08-29 04:30:00,2018-08-29 05:45:00,1.25,5055,5075,4,2,6054.0,Los Angeles,12.0,0.0,7.0520835,0.0,0.0,0.0,77.0,61.0,69.81042,0.0,0.0,0.0
3698,2018-08-29 16:15:00,2018-08-29 16:45:00,0.5,10970,10970,2,1,5397.75,Los Angeles,13.0,0.0,2.8125,0.0,0.0,0.0,82.0,67.0,73.737495,0.0,0.0,0.0
3700,2018-08-29 21:30:00,2018-08-30 00:00:00,2.5,10247,10488,7,4,16784.5,Los Angeles,23.0,0.0,11.153409,20.0,0.0,0.95454544,93.0,71.0,82.98977,0.0,0.0,0.0
3702,2018-08-30 19:45:00,2018-08-30 20:00:00,0.25,3845,3845,1,1,961.25,Los Angeles,16.0,3.0,8.6875,20.0,0.0,1.78125,94.0,75.0,84.149994,0.0,0.0,0.0
3704,2018-09-04 14:45:00,2018-09-04 16:30:00,1.75,6584,7512,6,2,10307.75,Los Angeles,12.0,0.0,4.0390625,0.0,0.0,0.0,78.0,62.0,69.94688,0.0,0.0,0.0
3706,2018-09-04 17:30:00,2018-09-04 17:45:00,0.25,4387,4387,1,1,1096.75,Los Angeles,9.0,0.0,5.15625,16.0,0.0,0.5,86.0,62.0,73.50625,0.0002,1e-04,6.25e-06
3708,2018-09-05 16:30:00,2018-09-05 17:15:00,0.75,8660,8660,3,1,4625.75,Los Angeles,9.0,0.0,4.765625,15.0,0.0,0.703125,84.0,63.0,71.38437,0.0,0.0,0.0
3710,2018-09-05 18:00:00,2018-09-05 18:30:00,0.5,7447,7447,2,1,3686.25,Los Angeles,10.0,0.0,5.0,0.0,0.0,0.0,88.0,65.0,74.0375,0.0,0.0,0.0
3712,2018-09-05 19:00:00,2018-09-05 19:30:00,0.5,8159,8159,1,2,4076.25,Los Angeles,11.0,0.0,6.5625,0.0,0.0,0.0,91.0,67.0,76.575005,0.0,0.0,0.0
3714,2018-09-05 20:30:00,2018-09-05 20:45:00,0.25,3930,3930,1,1,982.5,Los Angeles,15.0,3.0,8.5,18.0,0.0,1.125,95.0,68.0,79.375,0.0,0.0,0.0
3716,2018-09-06 06:45:00,2018-09-06 07:00:00,0.25,4110,4110,1,1,1027.5,Los Angeles,10.0,0.0,5.46875,0.0,0.0,0.0,78.0,58.0,67.925,0.0,0.0,0.0
3718,2018-09-06 17:00:00,2018-09-06 17:15:00,0.25,8718,8718,1,1,2179.5,Los Angeles,8.0,0.0,4.84375,0.0,0.0,0.0,84.0,64.0,71.950005,0.0,0.0,0.0
3720,2018-09-06 18:00:00,2018-09-06 18:15:00,0.25,4474,4474,1,1,1118.5,Los Angeles,12.0,3.0,6.90625,0.0,0.0,0.0,88.0,65.0,74.44375,0.0,0.0,0.0
3722,2018-09-06 18:45:00,2018-09-06 19:00:00,0.25,5184,5184,1,1,1296.0,Los Angeles,12.0,0.0,7.71875,16.0,0.0,0.96875,91.0,66.0,76.175,0.0,0.0,0.0
3724,2018-09-06 19:15:00,2018-09-06 20:30:00,1.25,5408,5413,3,3,6433.25,Los Angeles,15.0,0.0,8.541667,20.0,0.0,2.0833333,93.0,66.0,77.606255,0.0,0.0,0.0
3726,2018-09-06 22:00:00,2018-09-06 23:45:00,1.75,4949,4951,2,5,7627.0,Los Angeles,17.0,0.0,9.3203125,21.0,0.0,1.4375,97.0,62.0,79.14844,0.0,0.0,0.0
3728,2018-09-07 17:45:00,2018-09-07 18:00:00,0.25,5236,5236,1,1,1309.0,Los Angeles,10.0,0.0,4.125,0.0,0.0,0.0,90.0,67.0,77.4625,0.0,0.0,0.0
3730,2018-09-08 05:30:00,2018-09-08 08:15:00,2.75,6729,6788,3,9,17389.25,Los Angeles,17.0,0.0,5.1510415,26.0,0.0,0.8854167,82.0,65.0,72.14271,0.0,0.0,0.0
3732,2018-09-08 15:30:00,2018-09-08 17:00:00,1.5,6525,6916,3,4,7542.25,Los Angeles,13.0,0.0,3.1339285,0.0,0.0,0.0,90.0,64.0,75.04464,0.0,0.0,0.0
3734,2018-09-10 08:15:00,2018-09-10 09:00:00,0.75,4519,4519,2,2,3189.5,Los Angeles,16.0,0.0,5.40625,0.0,0.0,0.0,80.6,60.0,69.29375,0.0,0.0,0.0
3736,2018-09-10 15:30:00,2018-09-10 15:45:00,0.25,3960,3960,1,1,990.0,Los Angeles,19.0,0.0,3.9375,0.0,0.0,0.0,84.0,61.0,70.181244,0.0,0.0,0.0
3738,2018-09-10 22:30:00,2018-09-10 22:45:00,0.25,4219,4219,1,1,1054.75,Los Angeles,25.0,4.0,10.6875,26.0,0.0,2.34375,96.0,71.0,82.0875,0.0,0.0,0.0
3740,2018-09-11 15:45:00,2018-09-11 16:15:00,0.5,17462,17462,2,1,5760.75,Los Angeles,21.0,0.0,5.875,15.0,0.0,0.9375,83.0,63.0,69.92083,0.0,0.0,0.0
3742,2018-09-11 16:45:00,2018-09-11 17:00:00,0.25,5422,5422,1,1,1355.5,Los Angeles,23.0,0.0,5.84375,18.0,0.0,1.125,86.0,67.0,72.4375,0.0,0.0,0.0
3744,2018-09-12 16:30:00,2018-09-12 17:15:00,0.75,4099,4099,2,1,3050.25,Los Angeles,14.0,0.0,4.796875,0.0,0.0,0.0,83.0,66.0,71.774994,0.0,0.0,0.0
3746,2018-09-12 18:00:00,2018-09-12 18:15:00,0.25,3849,3849,1,1,962.25,Los Angeles,16.0,0.0,4.875,20.0,0.0,1.1875,87.0,68.0,74.9875,0.0,0.0,0.0
3748,2018-09-12 18:30:00,2018-09-12 18:45:00,0.25,7718,7718,1,1,1929.5,Los Angeles,17.0,0.0,6.5,0.0,0.0,0.0,89.0,68.0,76.35625,0.0,0.0,0.0
3750,2018-09-12 22:00:00,2018-09-12 23:15:00,1.25,9905,9905,1,5,12239.75,Los Angeles,21.0,3.0,10.625,25.0,0.0,2.7083333,90.0,69.0,79.76667,0.0,0.0,0.0
3752,2018-09-13 16:15:00,2018-09-13 16:30:00,0.25,18492,18492,1,1,4623.0,Los Angeles,8.0,0.0,2.03125,0.0,0.0,0.0,77.0,68.0,70.5,0.0,0.0,0.0
3754,2018-09-13 18:30:00,2018-09-13 19:15:00,0.75,6290,6290,3,1,4703.5,Los Angeles,19.0,0.0,6.859375,23.0,0.0,2.125,86.0,73.0,79.62187,0.0,0.0,0.0
3756,2018-09-13 20:00:00,2018-09-13 21:45:00,1.75,4154,4154,3,5,6989.5,Los Angeles,19.0,0.0,9.5859375,25.0,0.0,2.125,92.0,73.0,82.6125,0.0,0.0,0.0
3758,2018-09-13 22:45:00,2018-09-13 23:30:00,0.75,4272,4272,1,3,3186.0,Los Angeles,22.0,0.0,10.546875,24.0,0.0,1.75,93.0,73.0,82.60312,0.0,0.0,0.0
3760,2018-09-14 03:45:00,2018-09-14 04:15:00,0.5,5587,5587,1,1,2793.5,Los Angeles,11.0,0.0,5.125,0.0,0.0,0.0,86.0,65.0,73.35,0.0,0.0,0.0
3762,2018-09-14 04:30:00,2018-09-14 05:30:00,1.0,5802,6481,2,3,4879.75,Los Angeles,9.0,0.0,4.75,0.0,0.0,0.0,86.0,65.0,72.6125,0.0,0.0,0.0
3764,2018-09-14 13:30:00,2018-09-14 13:45:00,0.25,6116,6116,1,1,1529.0,Los Angeles,9.0,0.0,2.15625,0.0,0.0,0.0,74.0,53.0,64.231255,0.0,0.0,0.0
3766,2018-09-14 16:45:00,2018-09-14 17:00:00,0.25,9468,9468,1,1,2367.0,Los Angeles,10.0,0.0,3.09375,0.0,0.0,0.0,82.4,70.0,78.0125,0.0,0.0,0.0
3768,2018-09-14 19:30:00,2018-09-14 20:00:00,0.5,3870,3870,2,1,1934.25,Los Angeles,14.0,3.0,7.2291665,23.0,0.0,0.9583333,95.0,72.0,86.041664,0.0,0.0,0.0
3771,2018-09-15 15:15:00,2018-09-15 16:30:00,1.25,6808,7051,3,3,7497.5,Los Angeles,17.0,0.0,4.0208335,0.0,0.0,0.0,79.0,63.0,71.120834,0.0,0.0,0.0
3773,2018-09-15 18:00:00,2018-09-15 18:15:00,0.25,8379,8379,1,1,2094.75,Los Angeles,17.0,0.0,6.34375,16.0,0.0,0.5,84.0,70.0,79.2125,0.0,0.0,0.0
3775,2018-09-16 11:00:00,2018-09-17 20:15:00,33.25,30209,47562,48,51,216815.0,Los Angeles,22.0,0.0,5.038246,27.0,0.0,0.71875,93.0,51.0,71.94272,0.0,0.0,0.0
3777,2018-09-17 21:15:00,2018-09-17 21:30:00,0.25,6971,6971,1,1,1742.75,Los Angeles,18.0,0.0,10.71875,23.0,0.0,1.4375,92.0,71.0,83.0,0.0,0.0,0.0
3779,2018-09-18 01:00:00,2018-09-18 01:30:00,0.5,4227,4227,1,2,2095.25,Los Angeles,24.0,0.0,8.6875,18.0,0.0,0.375,87.0,67.0,77.00833,0.0,0.0,0.0
3781,2018-09-18 06:15:00,2018-09-18 07:00:00,0.75,5028,5028,1,3,3663.0,Los Angeles,11.0,0.0,5.140625,0.0,0.0,0.0,77.0,63.0,68.15,0.0,0.0,0.0
3783,2018-09-18 15:00:00,2018-09-18 15:15:00,0.25,12031,12031,1,1,3007.75,Los Angeles,12.0,0.0,3.34375,0.0,0.0,0.0,67.0,62.0,64.0,0.0,0.0,0.0
3785,2018-09-18 16:30:00,2018-09-19 02:15:00,9.75,5990,10114,14,26,49867.75,Los Angeles,20.0,0.0,8.478125,24.0,0.0,0.8890625,91.0,59.0,77.71062,0.0,0.0,0.0
3787,2018-09-19 03:15:00,2018-09-19 03:45:00,0.5,4816,4816,1,2,2407.75,Los Angeles,16.0,0.0,7.0625,0.0,0.0,0.0,76.0,57.0,68.96667,0.0,0.0,0.0
3789,2018-09-19 10:15:00,2018-09-19 10:30:00,0.25,5341,5341,1,1,1335.25,Los Angeles,12.0,0.0,2.9375,0.0,0.0,0.0,64.0,55.4,61.15625,0.0,0.0,0.0
3791,2018-09-19 16:15:00,2018-09-19 16:30:00,0.25,9674,9674,1,1,2418.5,Los Angeles,20.0,0.0,3.34375,29.0,0.0,1.8125,72.0,62.0,66.568756,0.0,0.0,0.0
3793,2018-09-19 17:00:00,2018-09-19 17:45:00,0.75,12947,12947,2,2,8287.5,Los Angeles,18.0,0.0,3.90625,0.0,0.0,0.0,83.0,64.0,71.32188,0.0,0.0,0.0
3795,2018-09-20 21:00:00,2018-09-20 21:15:00,0.25,3804,3804,1,1,951.0,Los Angeles,12.0,3.0,8.09375,16.0,0.0,1.9375,89.0,67.0,79.9875,0.0,0.0,0.0
3798,2018-09-21 15:00:00,2018-09-21 15:30:00,0.5,9321,9321,2,1,4646.5,Los Angeles,9.0,0.0,2.2708333,0.0,0.0,0.0,71.0,60.0,65.84583,0.0,0.0,0.0
3800,2018-09-23 03:30:00,2018-09-23 03:45:00,0.25,6788,6788,1,1,1697.0,Los Angeles,11.0,0.0,6.5,0.0,0.0,0.0,84.0,63.0,71.61875,0.0,0.0,0.0
3802,2018-09-23 04:00:00,2018-09-23 04:15:00,0.25,15392,15392,1,1,3848.0,Los Angeles,11.0,0.0,6.0,0.0,0.0,0.0,80.0,63.0,71.275,0.0,0.0,0.0
3804,2018-09-23 21:15:00,2018-09-23 21:45:00,0.5,13119,13119,1,1,6559.5,Los Angeles,23.0,3.0,9.729167,19.0,0.0,1.0625,92.0,64.0,78.212494,0.0,0.0,0.0
3806,2018-09-24 17:00:00,2018-09-24 17:15:00,0.25,4504,4504,1,1,1126.0,Los Angeles,7.0,0.0,3.71875,0.0,0.0,0.0,82.0,61.0,68.787506,0.0,0.0,0.0
3808,2018-09-25 00:30:00,2018-09-25 02:00:00,1.5,6367,6655,4,3,7803.0,Los Angeles,18.0,0.0,9.285714,0.0,0.0,0.0,86.0,58.0,69.70179,0.0,0.0,0.0
3810,2018-09-25 17:15:00,2018-09-25 17:30:00,0.25,5422,5422,1,1,1355.5,Los Angeles,10.0,0.0,3.125,20.0,0.0,1.25,80.0,62.0,67.375,0.0,0.0,0.0
3812,2018-09-25 19:15:00,2018-09-25 19:30:00,0.25,4292,4292,1,1,1073.0,Los Angeles,13.0,0.0,5.9375,21.0,0.0,1.3125,86.0,64.0,71.399994,0.0,0.0,0.0
3814,2018-09-25 21:30:00,2018-09-25 23:30:00,2.0,4372,4435,3,5,8325.75,Los Angeles,14.0,0.0,7.1805553,0.0,0.0,0.0,93.0,61.0,75.47778,0.0,0.0,0.0
3816,2018-09-26 02:30:00,2018-09-26 03:45:00,1.25,8113,8113,2,4,8621.25,Los Angeles,12.0,3.0,7.0104165,0.0,0.0,0.0,86.0,58.0,68.07917,0.0,0.0,0.0
3818,2018-09-27 19:00:00,2018-09-27 19:30:00,0.5,5229,5229,1,2,2545.5,Los Angeles,13.0,0.0,6.9791665,17.0,0.0,1.0625,97.0,61.0,80.30834,0.0,0.0,0.0
3820,2018-09-27 23:30:00,2018-09-28 00:00:00,0.5,4802,4802,1,2,2397.25,Los Angeles,16.0,0.0,8.625,22.0,0.0,1.2916666,97.0,63.0,80.92084,0.0,0.0,0.0
3822,2018-09-28 03:30:00,2018-09-28 13:45:00,10.25,9551,10411,14,17,53883.0,Los Angeles,14.0,0.0,4.0565476,0.0,0.0,0.0,85.0,59.0,67.30238,0.0,0.0,0.0
3824,2018-09-28 18:30:00,2018-09-28 19:00:00,0.5,4548,4548,2,1,2125.75,Los Angeles,14.0,0.0,5.4791665,21.0,0.0,1.6458334,91.0,60.0,75.94583,0.0,0.0,0.0
3826,2018-09-28 21:00:00,2018-09-28 21:15:00,0.25,4024,4024,1,1,1006.0,Los Angeles,19.0,0.0,8.96875,24.0,0.0,3.3125,95.0,64.0,79.35,0.0,0.0,0.0
3828,2018-09-28 21:30:00,2018-09-28 22:15:00,0.75,4698,4698,1,3,3457.5,Los Angeles,19.0,3.0,9.625,25.0,0.0,2.78125,96.0,64.0,79.806244,0.0,0.0,0.0
3830,2018-09-29 16:15:00,2018-09-29 17:00:00,0.75,17679,17679,2,2,12159.75,Los Angeles,16.0,0.0,5.515625,22.0,0.0,0.6875,75.0,57.0,67.12187,0.0,0.0,0.0
3832,2018-09-30 06:00:00,2018-09-30 06:30:00,0.5,3860,3860,2,1,1929.5,Los Angeles,12.0,0.0,4.9166665,16.0,0.0,0.33333334,78.8,57.0,65.479164,0.0,0.0,0.0
3834,2018-09-30 17:00:00,2018-09-30 18:00:00,1.0,15565,15565,3,1,14293.5,Los Angeles,17.0,0.0,4.075,23.0,0.0,1.3625,81.0,65.0,73.53001,0.0,0.0,0.0
3836,2018-10-01 19:15:00,2018-10-01 19:30:00,0.25,3848,3848,1,1,962.0,Los Angeles,16.0,0.0,6.9375,18.0,0.0,1.125,93.2,71.0,82.8375,0.0,0.0,0.0
3838,2018-10-01 22:00:00,2018-10-02 01:30:00,3.5,4637,4760,4,9,14501.5,Los Angeles,18.0,3.0,9.545834,21.0,0.0,1.8625,93.0,68.0,83.059166,0.0,0.0,0.0
3840,2018-10-02 15:45:00,2018-10-02 16:15:00,0.5,5415,5415,1,2,2465.0,Los Angeles,15.0,0.0,6.7291665,20.0,0.0,1.25,78.0,62.0,71.19583,0.0,0.0,0.0
3842,2018-10-02 18:15:00,2018-10-02 19:15:00,1.0,5099,5099,2,2,5056.0,Los Angeles,17.0,0.0,8.475,29.0,0.0,1.95,81.0,67.0,75.722496,0.0,0.0,0.0
3844,2018-10-02 21:15:00,2018-10-02 21:30:00,0.25,4616,4616,1,1,1154.0,Los Angeles,27.0,0.0,9.96875,22.0,0.0,1.8125,82.4,68.0,76.65625,0.0,0.0,0.0
3846,2018-10-02 21:45:00,2018-10-02 23:45:00,2.0,11691,12610,4,5,20822.75,Los Angeles,24.0,0.0,10.756945,29.0,0.0,2.1111112,82.4,64.0,75.13611,0.0,0.0,0.0
3848,2018-10-03 00:00:00,2018-10-03 04:15:00,4.25,10756,10822,6,12,41070.5,Los Angeles,19.0,0.0,7.329861,25.0,0.0,1.7986112,78.8,57.0,69.3882,0.0,0.0,0.0
3850,2018-10-03 15:30:00,2018-10-03 15:45:00,0.25,4258,4258,1,1,1064.5,Los Angeles,9.0,0.0,5.09375,0.0,0.0,0.0,73.0,53.0,67.05625,0.0201,0.01,0.000628125
3852,2018-10-03 16:00:00,2018-10-03 16:15:00,0.25,11007,11007,1,1,2751.75,Los Angeles,14.0,0.0,5.3125,0.0,0.0,0.0,73.0,54.0,67.43125,0.0101,0.01,0.000315625
3854,2018-10-03 17:30:00,2018-10-03 17:45:00,0.25,4612,4612,1,1,1153.0,Los Angeles,15.0,0.0,6.625,0.0,0.0,0.0,75.2,57.0,70.2,1e-04,1e-04,3.125e-06
3856,2018-10-04 07:45:00,2018-10-04 08:30:00,0.75,4649,4649,1,3,3269.5,Los Angeles,13.0,0.0,3.953125,0.0,0.0,0.0,71.6,53.0,65.05312,0.0,0.0,0.0
3858,2018-10-04 12:30:00,2018-10-04 12:45:00,0.25,7390,7390,1,1,1847.5,Los Angeles,15.0,0.0,3.46875,0.0,0.0,0.0,66.2,52.0,62.34375,0.0,0.0,0.0
3860,2018-10-04 14:15:00,2018-10-04 14:30:00,0.25,4088,4088,1,1,1022.0,Los Angeles,11.0,0.0,3.5,0.0,0.0,0.0,68.0,51.0,62.90625,0.0,0.0,0.0
3862,2018-10-04 19:45:00,2018-10-04 20:00:00,0.25,4642,4642,1,1,1160.5,Los Angeles,16.0,0.0,8.59375,25.0,0.0,2.4375,78.0,61.0,72.66875,0.24000001,0.14,0.0075000003
3864,2018-10-04 23:00:00,2018-10-04 23:30:00,0.5,7437,7437,1,2,3703.5,Los Angeles,19.0,3.0,11.145833,26.0,0.0,4.5416665,77.0,60.8,72.00417,0.0,0.0,0.0
3866,2018-10-05 17:15:00,2018-10-05 17:45:00,0.5,4195,4195,2,1,2094.0,Los Angeles,14.0,0.0,5.5833335,20.0,0.0,1.2083334,76.0,57.0,69.566666,0.0,0.0,0.0
3868,2018-10-05 18:00:00,2018-10-05 18:15:00,0.25,4701,4701,1,1,1175.25,Los Angeles,14.0,0.0,6.15625,20.0,0.0,1.25,76.0,62.0,71.0875,0.0,0.0,0.0
3870,2018-10-06 16:00:00,2018-10-06 16:15:00,0.25,5143,5143,1,1,1285.75,Los Angeles,25.0,0.0,7.0,26.0,0.0,3.125,72.0,53.0,64.918755,0.0,0.0,0.0
3872,2018-10-07 22:15:00,2018-10-07 22:45:00,0.5,4703,4703,1,2,2327.25,Los Angeles,15.0,3.0,9.6875,22.0,0.0,2.2916667,78.8,63.0,71.90833,0.0,0.0,0.0
3874,2018-10-09 06:45:00,2018-10-09 08:45:00,2.0,4796,4821,4,4,9414.0,Los Angeles,9.0,0.0,3.875,0.0,0.0,0.0,71.6,53.0,62.818054,0.0,0.0,0.0
3876,2018-10-09 09:00:00,2018-10-09 10:00:00,1.0,4911,4911,1,3,4878.75,Los Angeles,9.0,0.0,2.8625,0.0,0.0,0.0,68.0,49.0,61.5925,0.0,0.0,0.0
3878,2018-10-10 00:00:00,2018-10-10 00:30:00,0.5,12584,12584,1,2,5733.0,Los Angeles,22.0,3.0,10.354167,25.0,0.0,0.9375,74.0,60.0,69.45417,0.0,0.0,0.0
3880,2018-10-10 16:00:00,2018-10-10 16:15:00,0.25,20427,20427,1,1,5106.75,Los Angeles,11.0,0.0,3.625,0.0,0.0,0.0,69.0,58.0,64.1625,0.0,0.0,0.0
3882,2018-10-10 16:45:00,2018-10-10 18:00:00,1.25,4761,4761,5,1,5618.0,Los Angeles,9.0,0.0,4.4166665,0.0,0.0,0.0,71.0,60.0,66.4625,0.0,0.0,0.0
3884,2018-10-10 22:00:00,2018-10-10 22:45:00,0.75,4410,4467,2,2,3280.25,Los Angeles,22.0,5.0,11.234375,26.0,0.0,3.71875,75.0,59.0,70.08125,0.0,0.0,0.0
3886,2018-10-11 14:30:00,2018-10-11 14:45:00,0.25,8373,8373,1,1,2093.25,Los Angeles,14.0,0.0,2.84375,21.0,0.0,1.3125,65.0,47.0,58.88125,0.0,0.0,0.0
3888,2018-10-11 15:30:00,2018-10-11 16:15:00,0.75,4295,4295,1,3,3155.75,Los Angeles,16.0,0.0,4.109375,22.0,0.0,0.984375,68.0,48.0,61.840622,0.0,0.0,0.0
3890,2018-10-11 16:30:00,2018-10-11 16:45:00,0.25,3875,3875,1,1,968.75,Los Angeles,13.0,0.0,4.90625,0.0,0.0,0.0,71.0,50.0,64.443756,0.0,0.0,0.0
3892,2018-10-11 18:00:00,2018-10-11 18:45:00,0.75,4051,4051,1,3,3013.75,Los Angeles,11.0,0.0,5.953125,15.0,0.0,0.234375,74.0,55.0,67.62187,0.0,0.0,0.0
3894,2018-10-11 20:15:00,2018-10-11 21:30:00,1.25,5303,5320,3,3,6304.25,Los Angeles,14.0,0.0,6.75,15.0,0.0,1.8333334,75.2,61.0,70.49375,0.0,0.0,0.0
3896,2018-10-12 04:30:00,2018-10-12 06:45:00,2.25,5883,5940,5,3,12372.5,Los Angeles,10.0,0.0,3.975,0.0,0.0,0.0,68.0,53.0,62.5125,0.0,0.0,0.0
3898,2018-10-13 03:15:00,2018-10-14 04:45:00,25.5,34002,79214,42,60,359469.25,Los Angeles,23.0,0.0,5.9817963,24.0,0.0,0.5436893,76.0,51.0,63.920994,10.545999,0.21,0.006399271
3900,2018-10-15 11:45:00,2018-10-15 12:00:00,0.25,4305,4305,1,1,1076.25,Los Angeles,25.0,0.0,8.1875,33.0,0.0,6.84375,69.8,48.0,60.5625,0.0,0.0,0.0
3902,2018-10-15 12:15:00,2018-10-16 10:00:00,21.75,77207,120856,35,53,853613.5,Los Angeles,29.0,0.0,9.012784,41.0,0.0,5.683949,86.0,37.0,66.991196,0.0,0.0,0.0
3904,2018-10-16 14:30:00,2018-10-16 14:45:00,0.25,5819,5819,1,1,1454.75,Los Angeles,15.0,0.0,3.75,0.0,0.0,0.0,69.8,32.0,56.175003,0.0,0.0,0.0
3906,2018-10-16 18:30:00,2018-10-16 23:00:00,4.5,7704,9243,7,12,25094.25,Los Angeles,17.0,0.0,8.493421,25.0,0.0,3.9769738,86.0,62.0,77.625656,0.0,0.0,0.0
3908,2018-10-17 00:15:00,2018-10-17 01:45:00,1.5,5501,5511,2,4,7165.0,Los Angeles,15.0,0.0,8.107142,21.0,0.0,2.107143,84.0,59.0,73.13393,0.0,0.0,0.0
3910,2018-10-17 15:30:00,2018-10-17 22:00:00,6.5,32494,53674,15,12,70949.75,Los Angeles,15.0,0.0,5.2777777,17.0,0.0,0.40046296,87.0,39.0,72.993515,0.0002,1e-04,4.6296296e-07
3912,2018-10-17 23:30:00,2018-10-18 00:00:00,0.5,4214,4214,1,2,2037.75,Los Angeles,14.0,5.0,8.791667,18.0,0.0,1.0416666,83.0,67.0,74.74167,0.0,0.0,0.0
3914,2018-10-18 14:15:00,2018-10-18 14:30:00,0.25,5031,5031,1,1,1257.75,Los Angeles,8.0,0.0,2.5625,0.0,0.0,0.0,68.0,35.0,56.6875,0.0,0.0,0.0
3916,2018-10-18 17:00:00,2018-10-18 20:15:00,3.25,7024,9546,6,7,16252.75,Los Angeles,14.0,0.0,4.607143,21.0,0.0,0.71875,89.0,59.0,76.43125,0.00029999999,1e-04,1.3392856e-06
3918,2018-10-18 20:45:00,2018-10-18 21:00:00,0.25,4084,4084,1,1,1021.0,Los Angeles,13.0,3.0,7.75,19.0,0.0,1.59375,89.0,71.0,79.875,0.0,0.0,0.0
3920,2018-10-18 21:15:00,2018-10-18 21:30:00,0.25,4805,4805,1,1,1201.25,Los Angeles,20.0,3.0,8.84375,25.0,0.0,1.71875,90.0,71.0,80.05,0.0,0.0,0.0
3922,2018-10-18 22:15:00,2018-10-18 22:30:00,0.25,5104,5104,1,1,1276.0,Los Angeles,20.0,4.0,9.84375,25.0,0.0,2.125,90.0,71.0,80.45,0.0,0.0,0.0
3924,2018-10-19 19:15:00,2018-10-19 21:00:00,1.75,7065,8690,4,4,8230.0,Los Angeles,25.0,0.0,10.4921875,33.0,0.0,5.203125,91.0,67.0,83.84375,0.0,0.0,0.0
3926,2018-10-19 21:30:00,2018-10-19 21:45:00,0.25,4297,4297,1,1,1074.25,Los Angeles,24.0,5.0,11.46875,33.0,0.0,4.4375,91.0,70.0,84.025,0.0,0.0,0.0
3928,2018-10-20 07:00:00,2018-10-20 07:30:00,0.5,3912,3912,1,2,1952.0,Los Angeles,10.0,0.0,3.9166667,20.0,0.0,1.25,82.4,50.0,67.5875,0.0,0.0,0.0
3930,2018-10-20 22:00:00,2018-10-20 22:15:00,0.25,16725,16725,1,1,4181.25,Los Angeles,16.0,0.0,8.5,24.0,0.0,2.625,91.0,73.0,83.600006,0.0,0.0,0.0
3932,2018-10-22 05:45:00,2018-10-22 07:00:00,1.25,3987,3992,2,2,4953.25,Los Angeles,13.0,0.0,3.5416667,0.0,0.0,0.0,69.8,54.0,63.381252,0.0,0.0,0.0
3934,2018-10-24 05:00:00,2018-10-24 05:15:00,0.25,5070,5070,1,1,1267.5,Los Angeles,14.0,0.0,4.78125,22.0,0.0,2.3125,69.8,59.0,65.5125,0.0,0.0,0.0
3936,2018-10-24 17:15:00,2018-10-24 17:45:00,0.5,5591,5591,2,1,2523.25,Los Angeles,10.0,0.0,2.2916667,0.0,0.0,0.0,91.4,64.4,71.791664,0.0,0.0,0.0
3938,2018-10-24 18:30:00,2018-10-24 19:00:00,0.5,8537,8537,1,2,3688.0,Los Angeles,9.0,0.0,3.4375,0.0,0.0,0.0,81.0,67.0,74.3125,0.0,0.0,0.0
3940,2018-10-24 19:45:00,2018-10-24 20:30:00,0.75,5065,5065,1,2,3784.75,Los Angeles,11.0,0.0,6.46875,0.0,0.0,0.0,85.0,66.0,76.15312,0.0,0.0,0.0
3942,2018-10-24 21:00:00,2018-10-24 21:30:00,0.5,13151,13151,1,2,6568.5,Los Angeles,12.0,0.0,6.9583335,0.0,0.0,0.0,84.0,69.0,76.675,0.0,0.0,0.0
3944,2018-10-25 07:15:00,2018-10-25 09:30:00,2.25,8461,8470,3,5,13350.5,Los Angeles,13.0,0.0,2.95625,17.0,0.0,0.2125,73.4,53.0,62.8875,0.0,0.0,0.0
3946,2018-10-26 17:30:00,2018-10-26 18:15:00,0.75,4639,4639,2,2,3323.75,Los Angeles,10.0,0.0,3.0625,0.0,0.0,0.0,82.4,62.0,74.626564,0.0,0.0,0.0
3948,2018-10-27 15:30:00,2018-10-27 16:30:00,1.0,5532,6006,2,3,4898.0,Los Angeles,8.0,0.0,1.05,0.0,0.0,0.0,82.0,46.0,64.7625,0.0,0.0,0.0
3950,2018-10-27 23:00:00,2018-10-28 00:30:00,1.5,3978,3980,3,4,5832.0,Los Angeles,17.0,0.0,8.857142,0.0,0.0,0.0,92.0,62.0,76.79822,0.0,0.0,0.0
3952,2018-10-28 06:00:00,2018-10-28 06:45:00,0.75,4914,4914,3,1,3622.0,Los Angeles,12.0,0.0,3.375,0.0,0.0,0.0,74.0,59.0,65.09375,0.0,0.0,0.0
3954,2018-10-29 02:45:00,2018-10-29 04:15:00,1.5,5635,5636,3,3,6954.0,Los Angeles,18.0,0.0,4.571429,0.0,0.0,0.0,75.0,60.0,66.880356,0.0,0.0,0.0
3956,2018-10-30 14:30:00,2018-10-30 15:15:00,0.75,109409,109409,2,2,75837.5,Los Angeles,27.0,0.0,5.578125,34.0,0.0,2.328125,64.0,44.0,57.94375,0.0,0.0,0.0
3958,2018-10-30 15:45:00,2018-10-30 16:00:00,0.25,5084,5084,1,1,1271.0,Los Angeles,14.0,0.0,4.78125,28.0,0.0,2.21875,67.0,47.0,60.725,0.0,0.0,0.0
3960,2018-10-30 16:30:00,2018-10-30 17:00:00,0.5,9736,9736,2,1,4687.5,Los Angeles,17.0,0.0,4.1666665,28.0,0.0,1.75,69.0,47.0,62.975002,0.0,0.0,0.0
3962,2018-10-30 17:15:00,2018-10-30 18:15:00,1.0,5214,5214,2,3,4867.75,Los Angeles,17.0,0.0,4.3375,28.0,0.0,1.45,71.0,52.0,65.5525,0.0,0.0,0.0
3964,2018-10-30 20:00:00,2018-10-30 20:15:00,0.25,4275,4275,1,1,1068.75,Los Angeles,15.0,0.0,7.09375,17.0,0.0,0.53125,80.0,59.0,70.55,0.0,0.0,0.0
3966,2018-10-30 23:00:00,2018-10-30 23:45:00,0.75,5297,5297,1,3,3624.75,Los Angeles,18.0,0.0,9.28125,16.0,0.0,0.953125,81.0,55.0,70.59062,0.0,0.0,0.0
3968,2018-10-31 20:00:00,2018-10-31 20:15:00,0.25,9630,9630,1,1,2407.5,Los Angeles,18.0,0.0,7.4375,24.0,0.0,2.8125,81.0,59.0,74.350006,0.0,0.0,0.0
3970,2018-11-01 18:45:00,2018-11-01 23:45:00,5.0,7116,8695,10,10,22231.5,Los Angeles,21.0,0.0,6.964286,29.0,0.0,1.4821428,88.0,65.0,77.58512,1e-04,1e-04,2.9761904e-07
3972,2018-11-02 00:00:00,2018-11-02 00:15:00,0.25,4215,4215,1,1,1053.75,Los Angeles,13.0,0.0,6.375,0.0,0.0,0.0,82.4,65.0,75.05,0.0,0.0,0.0
3974,2018-11-02 12:30:00,2018-11-02 18:30:00,6.0,8059,12496,13,12,36684.25,Los Angeles,8.0,0.0,2.2825,0.0,0.0,0.0,88.0,41.0,66.2065,0.0,0.0,0.0
3976,2018-11-03 05:15:00,2018-11-03 16:45:00,11.5,8560,11096,17,18,75086.75,Los Angeles,90.0,0.0,5.9521275,39.0,0.0,0.42021278,79.0,44.0,63.026066,0.0,0.0,0.0
3978,2018-11-04 01:15:00,2018-11-04 01:30:00,0.25,4087,4087,1,1,1021.75,Los Angeles,8.0,0.0,4.21875,0.0,0.0,0.0,83.0,63.0,74.925,0.0,0.0,0.0
3980,2018-11-05 19:45:00,2018-11-05 20:00:00,0.25,4391,4391,1,1,1097.75,Los Angeles,18.0,0.0,7.21875,14.0,0.0,0.875,81.0,65.0,73.00625,0.0,0.0,0.0
3982,2018-11-05 23:45:00,2018-11-06 00:30:00,0.75,4061,4061,3,1,3045.0,Los Angeles,23.0,0.0,8.109375,18.0,0.0,1.390625,80.0,59.0,70.30625,0.0,0.0,0.0
3984,2018-11-06 06:45:00,2018-11-06 12:30:00,5.75,5519,5543,6,11,31600.5,Los Angeles,20.0,0.0,5.1510415,0.0,0.0,0.0,73.4,48.0,61.48229,0.0,0.0,0.0
3986,2018-11-06 13:00:00,2018-11-06 13:15:00,0.25,5303,5303,1,1,1325.75,Los Angeles,15.0,0.0,4.4375,0.0,0.0,0.0,68.0,49.0,61.00625,0.0,0.0,0.0
3988,2018-11-06 16:30:00,2018-11-06 18:15:00,1.75,14499,29453,5,3,15900.75,Los Angeles,10.0,0.0,3.7734375,0.0,0.0,0.0,72.0,52.0,65.756256,0.0,0.0,0.0
3990,2018-11-06 19:00:00,2018-11-06 19:15:00,0.25,4920,4920,1,1,1230.0,Los Angeles,13.0,0.0,4.71875,18.0,0.0,1.125,75.0,64.0,70.149994,0.0,0.0,0.0
3992,2018-11-06 21:00:00,2018-11-06 22:30:00,1.5,6282,6286,2,5,6669.0,Los Angeles,12.0,0.0,6.553571,0.0,0.0,0.0,79.0,62.0,72.92321,0.0,0.0,0.0
3994,2018-11-07 17:30:00,2018-11-07 18:00:00,0.5,6542,6542,2,1,2887.75,Los Angeles,19.0,0.0,3.6666667,23.0,0.0,0.9583333,69.0,58.0,64.64166,0.0,0.0,0.0
3996,2018-11-07 18:15:00,2018-11-07 18:30:00,0.25,4031,4031,1,1,1007.75,Los Angeles,19.0,0.0,4.34375,23.0,0.0,1.4375,75.2,58.0,65.49375,0.0,0.0,0.0
3998,2018-11-07 18:45:00,2018-11-07 19:00:00,0.25,4563,4563,1,1,1140.75,Los Angeles,24.0,0.0,5.4375,32.0,0.0,2.0,75.2,59.0,67.36875,0.0,0.0,0.0
4000,2018-11-07 20:15:00,2018-11-07 20:30:00,0.25,4325,4325,1,1,1081.25,Los Angeles,19.0,0.0,7.46875,23.0,0.0,2.03125,78.0,61.0,69.350006,0.0,0.0,0.0
4002,2018-11-07 21:15:00,2018-11-07 21:45:00,0.5,7741,7741,1,2,3870.0,Los Angeles,30.0,0.0,9.5625,25.0,0.0,0.5208333,83.0,61.0,70.612495,0.0,0.0,0.0
4004,2018-11-08 07:45:00,2018-11-08 09:15:00,1.5,6450,6617,4,3,9394.75,Los Angeles,18.0,0.0,3.142857,19.0,0.0,0.5089286,64.4,53.0,58.96964,0.0,0.0,0.0
4006,2018-11-08 10:45:00,2018-11-08 11:00:00,0.25,5481,5481,1,1,1370.25,Los Angeles,13.0,0.0,2.75,16.0,0.0,1.0,63.0,51.0,58.4375,0.0,0.0,0.0
4008,2018-11-08 17:30:00,2018-11-08 17:45:00,0.25,3911,3911,1,1,977.75,Los Angeles,29.0,0.0,7.125,38.0,0.0,2.21875,69.0,56.0,63.156246,0.0,0.0,0.0
4010,2018-11-08 18:15:00,2018-11-08 18:30:00,0.25,3942,3942,1,1,985.5,Los Angeles,29.0,0.0,7.15625,38.0,0.0,2.375,71.0,57.0,64.762505,0.0,0.0,0.0
4012,2018-11-08 20:15:00,2018-11-08 22:15:00,2.0,7794,8361,4,5,11182.0,Los Angeles,34.0,0.0,9.291667,42.0,0.0,4.4791665,83.0,59.0,70.44444,0.0,0.0,0.0
4014,2018-11-09 06:45:00,2018-11-12 11:15:00,76.5,31543,120696,121,137,1196855.75,Los Angeles,26.0,0.0,5.44829,38.0,0.0,1.8507736,87.0,21.0,60.79538,0.0,0.0,0.0
4016,2018-11-12 17:00:00,2018-11-12 18:00:00,1.0,5094,5094,4,1,4929.0,Los Angeles,21.0,0.0,5.3375,29.0,0.0,2.1,75.0,42.0,63.655,0.0,0.0,0.0
4018,2018-11-12 21:15:00,2018-11-12 21:45:00,0.5,6051,6051,1,2,2708.0,Los Angeles,24.0,3.0,10.833333,29.0,0.0,3.6875,80.0,54.0,72.61666,0.0,0.0,0.0
4020,2018-11-13 17:15:00,2018-11-13 17:30:00,0.25,4550,4550,1,1,1137.5,Los Angeles,25.0,0.0,6.96875,34.0,0.0,2.125,71.0,44.0,61.9625,0.0,0.0,0.0
4022,2018-11-13 17:45:00,2018-11-13 21:00:00,3.25,6153,7149,6,7,16755.5,Los Angeles,25.0,0.0,7.839286,35.0,0.0,3.2232144,79.0,50.0,68.52232,0.0002,1e-04,8.9285714e-07
4024,2018-11-13 22:45:00,2018-11-14 00:30:00,1.75,14903,16160,3,5,12837.25,Los Angeles,23.0,0.0,8.734375,27.0,0.0,2.6484375,80.0,53.0,69.75781,0.0,0.0,0.0
4026,2018-11-14 00:45:00,2018-11-14 01:00:00,0.25,4435,4435,1,1,1108.75,Los Angeles,23.0,0.0,6.59375,31.0,0.0,0.96875,73.0,50.0,66.325,0.0,0.0,0.0
4028,2018-11-14 05:30:00,2018-11-14 06:15:00,0.75,5031,5031,1,3,3507.0,Los Angeles,19.0,0.0,5.09375,22.0,0.0,1.609375,69.0,36.0,58.125,0.0,0.0,0.0
4030,2018-11-14 14:45:00,2018-11-14 17:00:00,2.25,7273,8467,5,4,12533.0,Los Angeles,16.0,0.0,3.1,22.0,0.0,0.275,73.0,30.9,58.378746,0.0,0.0,0.0
4032,2018-11-14 19:00:00,2018-11-14 19:15:00,0.25,4346,4346,1,1,1086.5,Los Angeles,13.0,0.0,5.46875,27.0,0.0,1.6875,79.0,56.0,71.600006,0.0,0.0,0.0
4034,2018-11-14 20:15:00,2018-11-14 21:15:00,1.0,6549,6549,2,3,6525.25,Los Angeles,19.0,0.0,6.4125,23.0,0.0,2.6125,81.0,59.0,74.735,0.0,0.0,0.0
4036,2018-11-15 08:00:00,2018-11-15 09:15:00,1.25,5029,5031,4,2,6026.75,Los Angeles,8.0,0.0,2.6666667,0.0,0.0,0.0,66.0,33.0,55.9875,0.0,0.0,0.0
4038,2018-11-15 09:30:00,2018-11-15 10:00:00,0.5,5027,5027,1,2,2308.0,Los Angeles,8.0,0.0,2.625,0.0,0.0,0.0,65.0,30.9,53.708332,0.0,0.0,0.0
4040,2018-11-15 16:00:00,2018-11-15 17:30:00,1.5,6867,7182,4,3,9374.75,Los Angeles,11.0,0.0,2.9285715,18.0,0.0,0.48214287,76.0,37.0,62.27857,0.0,0.0,0.0
4042,2018-11-15 17:45:00,2018-11-15 18:30:00,0.75,4980,4980,2,2,3298.5,Los Angeles,12.0,0.0,2.625,17.0,0.0,1.0625,80.0,52.0,70.21562,0.0,0.0,0.0
4044,2018-11-15 20:45:00,2018-11-15 21:00:00,0.25,6160,6160,1,1,1540.0,Los Angeles,12.0,0.0,7.125,18.0,0.0,1.125,83.0,65.0,75.475006,0.0,0.0,0.0
4046,2018-11-15 21:15:00,2018-11-15 21:30:00,0.25,5186,5186,1,1,1296.5,Los Angeles,11.0,0.0,7.34375,18.0,0.0,1.125,83.0,65.0,75.4875,0.0,0.0,0.0
4051,2018-11-22 14:45:00,2018-11-22 16:45:00,2.0,4139,4155,5,3,8266.0,Los Angeles,17.0,0.0,4.986111,18.0,0.0,0.5,64.0,44.0,56.304165,0.0,0.0,0.0
4057,2018-12-04 19:30:00,2018-12-04 19:45:00,0.25,3926,3926,1,1,981.5,Los Angeles,26.0,0.0,9.25,35.0,0.0,2.75,72.0,44.0,63.99375,0.0,0.0,0.0
4059,2018-12-04 20:00:00,2018-12-04 20:30:00,0.5,4671,4671,1,2,2320.5,Los Angeles,23.0,0.0,9.645833,35.0,0.0,3.0833333,73.0,46.0,64.520836,0.0,0.0,0.0
4061,2018-12-04 20:45:00,2018-12-04 21:00:00,0.25,4259,4259,1,1,1064.75,Los Angeles,26.0,0.0,9.21875,33.0,0.0,2.65625,73.0,48.0,65.2625,0.0,0.0,0.0
4063,2018-12-04 21:30:00,2018-12-04 22:30:00,1.0,7058,7059,2,3,6094.0,Los Angeles,26.0,0.0,9.0125,33.0,0.0,2.8125,71.6,48.0,65.667496,0.0,0.0,0.0
4065,2018-12-05 02:30:00,2018-12-05 02:45:00,0.25,4967,4967,1,1,1241.75,Los Angeles,27.0,0.0,5.65625,37.0,0.0,2.1875,63.0,40.0,56.418747,0.0,0.0,0.0
4067,2018-12-06 05:30:00,2018-12-06 05:45:00,0.25,4629,4629,1,1,1157.25,Los Angeles,20.0,0.0,7.84375,27.0,0.0,2.3125,59.0,37.0,51.48125,0.62020004,0.15,0.019381251
4069,2018-12-06 10:45:00,2018-12-06 12:15:00,1.5,5167,5203,3,3,6618.75,Los Angeles,23.0,0.0,8.696428,29.0,0.0,3.375,58.0,36.0,50.839287,6.1505,1.21,0.05491518
4071,2018-12-06 12:30:00,2018-12-06 14:15:00,1.75,7058,8011,3,4,9244.25,Los Angeles,24.0,3.0,10.1328125,35.0,0.0,4.453125,59.0,35.0,50.64531,9.1002,0.4,0.07109531
4073,2018-12-06 14:30:00,2018-12-07 09:00:00,18.5,17760,50676,31,39,177069.75,Los Angeles,26.0,0.0,8.7675,33.0,0.0,3.2208333,62.0,34.0,50.757336,40.1548,0.49,0.033462334
4075,2018-12-07 12:15:00,2018-12-07 13:00:00,0.75,6275,6275,1,2,4694.75,Los Angeles,17.0,0.0,4.671875,20.0,0.0,1.53125,58.0,39.0,50.3375,0.04,0.01,0.000625
4077,2018-12-07 13:15:00,2018-12-07 13:30:00,0.25,6204,6204,1,1,1551.0,Los Angeles,18.0,0.0,5.15625,20.0,0.0,1.25,58.0,39.0,50.125,0.02,0.01,0.000625
4079,2018-12-08 17:00:00,2018-12-08 17:15:00,0.25,9263,9263,1,1,2315.75,Los Angeles,11.0,0.0,2.75,16.0,0.0,1.0,65.0,37.0,55.6875,1e-04,1e-04,3.125e-06
4081,2018-12-08 18:45:00,2018-12-08 19:30:00,0.75,4161,4161,2,1,3119.25,Los Angeles,10.0,0.0,2.421875,0.0,0.0,0.0,72.0,49.0,63.165623,1e-04,1e-04,1.5625e-06
4083,2018-12-08 23:00:00,2018-12-08 23:15:00,0.25,4210,4210,1,1,1052.5,Los Angeles,13.0,0.0,5.03125,0.0,0.0,0.0,72.0,51.0,65.5875,1e-04,1e-04,3.125e-06
4085,2018-12-09 00:15:00,2018-12-09 02:15:00,2.0,4497,4694,4,5,8462.75,Los Angeles,16.0,0.0,4.6319447,0.0,0.0,0.0,73.4,47.0,61.165276,0.0,0.0,0.0
4087,2018-12-09 02:45:00,2018-12-09 04:45:00,2.0,4895,4951,4,5,8436.5,Los Angeles,13.0,0.0,3.9722223,0.0,0.0,0.0,66.2,41.0,56.26805,0.0,0.0,0.0
4089,2018-12-09 21:30:00,2018-12-09 23:45:00,2.25,15480,15864,4,5,23275.0,Los Angeles,18.0,0.0,6.45625,22.0,0.0,0.375,72.0,48.0,64.1925,0.0,0.0,0.0
4091,2018-12-10 06:45:00,2018-12-10 07:00:00,0.25,3960,3960,1,1,990.0,Los Angeles,13.0,0.0,3.5,0.0,0.0,0.0,64.4,40.0,55.3,0.0,0.0,0.0
4093,2018-12-11 08:00:00,2018-12-11 08:15:00,0.25,6118,6118,1,1,1529.5,Los Angeles,12.0,0.0,2.875,0.0,0.0,0.0,59.0,39.0,54.275,0.0,0.0,0.0
4095,2018-12-11 16:30:00,2018-12-11 16:45:00,0.25,11736,11736,1,1,2934.0,Los Angeles,20.0,0.0,3.03125,31.0,0.0,0.96875,63.0,38.0,53.55,0.0,0.0,0.0
4097,2018-12-11 17:30:00,2018-12-11 17:45:00,0.25,4112,4112,1,1,1028.0,Los Angeles,20.0,0.0,3.15625,31.0,0.0,1.8125,67.0,42.0,58.29375,0.0,0.0,0.0
4099,2018-12-11 18:00:00,2018-12-11 18:30:00,0.5,18779,18779,2,1,6745.5,Los Angeles,16.0,0.0,3.9791667,27.0,0.0,1.6875,70.0,48.0,59.47083,0.0,0.0,0.0
4101,2018-12-11 19:30:00,2018-12-11 20:15:00,0.75,4538,4538,1,3,3402.75,Los Angeles,21.0,0.0,5.921875,27.0,0.0,1.59375,71.0,51.0,63.324997,0.0,0.0,0.0
4103,2018-12-12 17:15:00,2018-12-12 22:45:00,5.5,6431,8499,11,10,26699.75,Los Angeles,33.0,0.0,6.567935,44.0,0.0,1.5788044,70.0,50.0,61.31196,0.0,0.0,0.0
4105,2018-12-12 23:30:00,2018-12-13 01:00:00,1.5,4787,4788,5,2,6516.5,Los Angeles,14.0,0.0,5.678571,0.0,0.0,0.0,66.0,51.0,61.50893,0.0,0.0,0.0
4107,2018-12-13 02:15:00,2018-12-13 03:15:00,1.0,4067,4067,1,4,3908.5,Los Angeles,14.0,0.0,3.05,0.0,0.0,0.0,62.0,44.0,56.422497,0.0,0.0,0.0
4109,2018-12-13 17:15:00,2018-12-13 17:30:00,0.25,3878,3878,1,1,969.5,Los Angeles,18.0,0.0,4.71875,25.0,0.0,1.5625,72.0,40.0,57.14375,0.0,0.0,0.0
4111,2018-12-13 18:00:00,2018-12-13 19:30:00,1.5,8384,10256,4,3,9944.5,Los Angeles,19.0,0.0,6.053571,22.0,0.0,0.78571427,79.0,45.0,64.675,0.0,0.0,0.0
4113,2018-12-13 19:45:00,2018-12-13 20:45:00,1.0,7887,7887,1,4,6412.75,Los Angeles,16.0,0.0,5.65,21.0,0.0,1.05,81.0,52.0,69.42,0.0,0.0,0.0
4115,2018-12-14 15:15:00,2018-12-14 16:15:00,1.0,4371,4372,2,3,4274.5,Los Angeles,14.0,0.0,2.7125,20.0,0.0,1.2125,62.0,35.0,53.419994,0.0,0.0,0.0
4117,2018-12-15 16:30:00,2018-12-15 17:30:00,1.0,11041,15387,3,2,8029.0,Los Angeles,11.0,0.0,2.1625,0.0,0.0,0.0,69.8,32.0,55.635,0.0,0.0,0.0
4119,2018-12-15 17:45:00,2018-12-15 18:00:00,0.25,9589,9589,1,1,2397.25,Los Angeles,11.0,0.0,2.9375,0.0,0.0,0.0,69.8,43.0,60.050003,1e-04,1e-04,3.125e-06
4121,2018-12-17 19:15:00,2018-12-17 19:45:00,0.5,4576,4576,1,2,2287.5,Los Angeles,19.0,0.0,5.125,19.0,0.0,0.39583334,68.0,48.0,61.3125,0.0002,1e-04,4.1666667e-06
4123,2018-12-17 21:45:00,2018-12-17 22:15:00,0.5,5376,5376,1,1,2688.0,Los Angeles,19.0,0.0,7.0416665,0.0,0.0,0.0,66.2,48.0,62.333332,0.0,0.0,0.0
4125,2018-12-17 23:45:00,2018-12-18 00:15:00,0.5,5271,5271,2,1,2501.5,Los Angeles,22.0,0.0,7.4166665,25.0,0.0,1.0416666,64.4,46.0,60.558334,0.0,0.0,0.0
4127,2018-12-18 16:30:00,2018-12-18 16:45:00,0.25,4483,4483,1,1,1120.75,Los Angeles,22.0,0.0,2.625,0.0,0.0,0.0,62.0,39.0,54.59375,0.0,0.0,0.0
4129,2018-12-18 19:15:00,2018-12-18 22:30:00,3.25,16666,17546,4,10,25949.5,Los Angeles,23.0,0.0,5.111607,25.0,0.0,0.78571427,71.0,52.0,62.525898,0.0,0.0,0.0
4131,2018-12-18 23:30:00,2018-12-18 23:45:00,0.25,10329,10329,1,1,2582.25,Los Angeles,19.0,0.0,7.03125,28.0,0.0,1.65625,68.0,49.0,62.762497,0.0,0.0,0.0
4133,2018-12-19 00:00:00,2018-12-19 00:30:00,0.5,10265,10265,1,2,5042.75,Los Angeles,20.0,0.0,6.7708335,28.0,0.0,1.75,68.0,49.0,62.07083,0.0,0.0,0.0
4135,2018-12-19 03:30:00,2018-12-19 05:30:00,2.0,7988,8150,4,4,15102.0,Los Angeles,23.0,0.0,3.6875,26.0,0.0,0.7916667,60.0,42.0,54.46806,0.0,0.0,0.0
4137,2018-12-20 19:00:00,2018-12-20 22:15:00,3.25,12989,14446,7,7,16033.5,Los Angeles,12.0,0.0,3.3392856,0.0,0.0,0.0,82.0,49.0,69.50089,0.0,0.0,0.0
4139,2018-12-20 22:45:00,2018-12-20 23:15:00,0.5,3969,3969,1,2,1942.5,Los Angeles,12.0,0.0,4.9375,0.0,0.0,0.0,81.0,60.0,70.15,0.0,0.0,0.0
4141,2018-12-21 20:15:00,2018-12-21 20:30:00,0.25,11122,11122,1,1,2780.5,Los Angeles,15.0,0.0,5.34375,18.0,0.0,0.5625,72.0,58.0,66.11875,0.0,0.0,0.0
4144,2018-12-22 22:00:00,2018-12-22 22:30:00,0.5,4005,4005,1,1,2002.5,Los Angeles,11.0,0.0,5.6458335,0.0,0.0,0.0,74.0,55.0,65.86667,0.0,0.0,0.0
4146,2018-12-23 01:30:00,2018-12-23 01:45:00,0.25,3815,3815,1,1,953.75,Los Angeles,14.0,0.0,3.625,0.0,0.0,0.0,68.0,52.0,58.96875,0.0,0.0,0.0
4148,2018-12-24 19:45:00,2018-12-24 21:15:00,1.5,5350,5350,2,4,7315.0,Los Angeles,19.0,0.0,6.071429,20.0,0.0,1.25,73.0,54.0,63.64107,0.0,0.0,0.0
4150,2018-12-25 10:30:00,2018-12-25 11:45:00,1.25,5795,5795,3,1,5910.25,Los Angeles,26.0,0.0,11.135417,36.0,0.0,6.09375,61.0,39.0,53.84167,0.00029999999,1e-04,3.125e-06
4152,2018-12-25 12:00:00,2018-12-25 13:00:00,1.0,8959,8959,1,1,8959.0,Los Angeles,26.0,0.0,11.175,33.0,0.0,6.5375,60.0,38.0,53.1,0.0203,0.01,0.00025375
4154,2018-12-25 13:15:00,2018-12-25 15:30:00,2.25,8961,8998,3,3,17544.75,Los Angeles,28.0,0.0,10.29375,34.0,0.0,3.33125,59.0,36.0,52.4,0.0,0.0,0.0
4156,2018-12-25 15:45:00,2018-12-25 18:00:00,2.25,7668,7670,6,4,17189.5,Los Angeles,26.0,0.0,9.0,31.0,0.0,2.7125,64.0,36.0,53.82,0.040400002,0.02,0.0002525
4158,2018-12-28 01:00:00,2018-12-28 06:00:00,5.0,13196,13294,9,12,35444.0,Los Angeles,25.0,0.0,10.943453,33.0,0.0,6.866071,61.0,32.0,51.5625,0.0,0.0,0.0
4160,2018-12-28 16:45:00,2018-12-28 21:00:00,4.25,6782,10232,9,9,21565.25,Los Angeles,23.0,0.0,9.0,25.0,0.0,4.8229165,66.0,34.0,53.62569,0.0,0.0,0.0
4162,2018-12-28 22:45:00,2018-12-29 01:00:00,2.25,7810,8842,6,4,13954.5,Los Angeles,18.0,3.0,8.4125,20.0,0.0,1.675,65.0,32.0,55.13375,0.0,0.0,0.0
4164,2018-12-29 02:15:00,2018-12-29 02:45:00,0.5,4585,4585,1,2,2121.25,Los Angeles,15.0,0.0,4.625,0.0,0.0,0.0,60.0,30.9,49.943745,0.0,0.0,0.0
4167,2019-01-01 18:45:00,2019-01-01 20:15:00,1.5,8883,8883,4,2,9406.75,Los Angeles,22.0,0.0,10.705358,29.0,0.0,8.142858,63.0,36.0,53.207146,0.0,0.0,0.0
4169,2019-01-04 01:00:00,2019-01-04 02:00:00,1.0,5283,5298,2,3,4821.25,Los Angeles,13.0,0.0,4.725,18.0,0.0,0.675,64.4,43.0,55.6125,0.0,0.0,0.0
4171,2019-01-05 13:15:00,2019-01-05 13:45:00,0.5,4158,4158,1,1,2079.0,Los Angeles,13.0,0.0,2.9375,0.0,0.0,0.0,53.0,28.9,45.947918,0.0,0.0,0.0
4173,2019-01-06 01:15:00,2019-01-06 02:15:00,1.0,5980,6320,3,2,4871.75,Los Angeles,29.0,0.0,8.525,40.0,0.0,2.225,58.0,38.0,52.21,0.16100003,0.15,0.0020125003
4175,2019-01-06 03:00:00,2019-01-06 04:00:00,1.0,4582,4736,3,2,4202.75,Los Angeles,13.0,0.0,7.9,20.0,0.0,1.7625,56.0,37.0,50.6025,1.3518999,0.14,0.016898748
4177,2019-01-06 06:00:00,2019-01-06 06:45:00,0.75,8932,8932,3,1,4638.25,Los Angeles,15.0,0.0,6.828125,0.0,0.0,0.0,55.0,36.0,48.44375,2.5702,0.42,0.040159374
4179,2019-01-06 07:00:00,2019-01-06 08:00:00,1.0,6732,6732,1,4,6668.75,Los Angeles,12.0,0.0,5.4,0.0,0.0,0.0,55.0,37.0,48.625,0.39029998,0.07,0.0048787496
4181,2019-01-06 08:15:00,2019-01-06 10:15:00,2.0,7194,7217,4,3,14298.75,Los Angeles,15.0,0.0,4.2777777,0.0,0.0,0.0,54.0,36.0,47.884724,0.6802,0.17,0.004723611
4183,2019-01-06 19:15:00,2019-01-06 20:15:00,1.0,3953,3953,2,2,3906.5,Los Angeles,16.0,0.0,7.5125,0.0,0.0,0.0,61.0,39.0,54.7125,0.0,0.0,0.0
4185,2019-01-07 11:15:00,2019-01-07 12:15:00,1.0,4926,4926,2,1,4693.0,Los Angeles,31.0,0.0,9.2625,36.0,0.0,3.175,55.0,41.0,50.2875,0.9308001,0.07,0.011635001
4187,2019-01-07 15:00:00,2019-01-07 15:30:00,0.5,5672,5672,1,2,2835.75,Los Angeles,18.0,0.0,8.354167,27.0,0.0,2.3333333,58.0,41.0,50.204163,0.2505,0.04,0.00521875
4189,2019-01-07 18:45:00,2019-01-07 19:00:00,0.25,4124,4124,1,1,1031.0,Los Angeles,14.0,0.0,7.375,21.0,0.0,2.25,58.0,43.0,54.375,0.020599999,0.01,0.00064374995
4191,2019-01-07 21:00:00,2019-01-07 23:15:00,2.25,5267,5267,5,4,10709.25,Los Angeles,17.0,0.0,5.85,0.0,0.0,0.0,62.6,46.0,57.48125,0.0009,1e-04,5.625e-06
4193,2019-01-08 00:30:00,2019-01-08 00:45:00,0.25,4349,4349,1,1,1087.25,Los Angeles,13.0,0.0,4.53125,0.0,0.0,0.0,62.0,45.0,57.1375,0.0002,1e-04,6.25e-06
4195,2019-01-08 20:15:00,2019-01-08 20:30:00,0.25,4895,4895,1,1,1223.75,Los Angeles,15.0,0.0,5.625,24.0,0.0,1.5,73.0,48.0,64.20625,0.0,0.0,0.0
4197,2019-01-09 13:30:00,2019-01-09 13:45:00,0.25,17792,17792,1,1,4448.0,Los Angeles,7.0,0.0,1.84375,0.0,0.0,0.0,54.0,32.0,46.2125,0.0,0.0,0.0
4199,2019-01-09 18:00:00,2019-01-09 18:15:00,0.25,4173,4173,1,1,1043.25,Los Angeles,5.0,0.0,1.90625,0.0,0.0,0.0,64.0,48.0,57.025,0.0,0.0,0.0
4201,2019-01-09 18:30:00,2019-01-09 19:00:00,0.5,3931,3931,1,2,1965.25,Los Angeles,9.0,0.0,2.0,0.0,0.0,0.0,65.0,48.0,59.62917,0.0,0.0,0.0
4203,2019-01-10 05:15:00,2019-01-10 08:30:00,3.25,10726,10741,8,5,24347.0,Los Angeles,15.0,0.0,3.517857,0.0,0.0,0.0,61.0,40.0,53.933037,0.0,0.0,0.0
4205,2019-01-10 18:30:00,2019-01-10 19:15:00,0.75,8540,8545,2,2,6233.75,Los Angeles,9.0,0.0,2.875,0.0,0.0,0.0,62.0,51.0,57.40313,0.0,0.0,0.0
4207,2019-01-11 14:30:00,2019-01-11 14:45:00,0.25,4259,4259,1,1,1064.75,Los Angeles,15.0,0.0,3.375,0.0,0.0,0.0,55.0,30.0,47.63125,0.0,0.0,0.0
4209,2019-01-11 23:45:00,2019-01-12 00:00:00,0.25,13151,13151,1,1,3287.75,Los Angeles,11.0,0.0,6.0625,17.0,0.0,1.0625,64.4,50.0,59.2375,0.0,0.0,0.0
4212,2019-01-13 21:00:00,2019-01-13 23:45:00,2.75,6095,7294,5,6,14379.25,Los Angeles,16.0,0.0,5.7604165,24.0,0.0,1.46875,68.0,42.0,57.54271,0.00029999999,1e-04,1.5625e-06
4214,2019-01-14 00:00:00,2019-01-14 00:45:00,0.75,4306,4306,2,2,3102.25,Los Angeles,14.0,0.0,5.453125,17.0,0.0,0.796875,65.0,42.0,56.78125,1e-04,1e-04,1.5625e-06
4216,2019-01-14 02:15:00,2019-01-14 09:00:00,6.75,6488,9143,18,10,32515.75,Los Angeles,25.0,0.0,4.830357,35.0,0.0,2.0401785,64.0,39.0,52.53527,0.0,0.0,0.0
4218,2019-01-14 23:15:00,2019-01-15 00:00:00,0.75,7819,7819,3,1,5843.0,Los Angeles,16.0,0.0,7.90625,18.0,0.0,1.078125,59.0,34.0,50.418747,1.8103999,0.28,0.028287498
4220,2019-01-15 01:15:00,2019-01-15 01:30:00,0.25,3908,3908,1,1,977.0,Los Angeles,16.0,3.0,7.40625,16.0,0.0,0.5,62.0,35.0,50.4625,0.81,0.14,0.0253125
4222,2019-01-15 04:30:00,2019-01-15 04:45:00,0.25,5710,5710,1,1,1427.5,Los Angeles,13.0,0.0,4.90625,0.0,0.0,0.0,60.0,37.0,50.46875,0.0401,0.03,0.001253125
4224,2019-01-15 05:00:00,2019-01-15 05:30:00,0.5,5485,5485,2,1,2735.75,Los Angeles,13.0,0.0,4.8541665,0.0,0.0,0.0,60.0,37.0,50.2625,0.0202,0.01,0.00042083333
4226,2019-01-15 12:15:00,2019-01-15 13:45:00,1.5,11369,12082,2,4,15167.75,Los Angeles,18.0,0.0,3.3660715,26.0,0.0,1.25,58.0,38.0,49.11607,1e-04,1e-04,8.9285714e-07
4228,2019-01-16 00:30:00,2019-01-16 00:45:00,0.25,4339,4339,1,1,1084.75,Los Angeles,23.0,5.0,10.6875,33.0,0.0,8.8125,62.0,38.0,51.606247,1.22,0.15,0.038125
4230,2019-01-16 06:45:00,2019-01-16 07:00:00,0.25,5148,5148,1,1,1287.0,Los Angeles,16.0,0.0,7.125,28.0,0.0,1.75,61.0,43.0,52.2625,0.2701,0.06,0.008440625
4232,2019-01-16 10:15:00,2019-01-16 11:00:00,0.75,6331,6338,2,2,4234.5,Los Angeles,19.0,0.0,4.5625,25.0,0.0,0.78125,63.0,42.0,52.2875,0.24059999,0.04,0.0037593748
4234,2019-01-16 11:15:00,2019-01-16 12:00:00,0.75,6139,7272,2,2,4087.5,Los Angeles,17.0,0.0,4.296875,25.0,0.0,0.78125,60.0,42.0,52.30625,0.1408,0.01,0.0022
4236,2019-01-16 15:00:00,2019-01-16 15:15:00,0.25,4351,4351,1,1,1087.75,Los Angeles,16.0,0.0,4.25,23.0,0.0,1.4375,61.0,42.0,53.631252,1e-04,1e-04,3.125e-06
4238,2019-01-16 20:30:00,2019-01-16 20:45:00,0.25,4610,4610,1,1,1152.5,Los Angeles,17.0,0.0,9.5625,29.0,0.0,2.78125,62.6,47.0,57.98125,0.2903,0.08,0.009071875
4240,2019-01-16 21:15:00,2019-01-16 22:00:00,0.75,7226,7226,3,1,4798.75,Los Angeles,22.0,0.0,9.171875,29.0,0.0,4.15625,62.6,47.0,58.003128,0.2012,0.03,0.00314375
4242,2019-01-16 22:45:00,2019-01-16 23:00:00,0.25,6104,6104,1,1,1526.0,Los Angeles,15.0,0.0,8.25,23.0,0.0,2.84375,62.6,48.0,58.0,0.25059998,0.08,0.007831249
4244,2019-01-17 04:15:00,2019-01-17 05:30:00,1.25,6415,7786,3,2,6398.5,Los Angeles,18.0,0.0,7.3645835,27.0,0.0,3.5,62.0,47.0,56.925,1.2713001,0.14,0.013242709
4246,2019-01-17 07:30:00,2019-01-17 07:45:00,0.25,4237,4237,1,1,1059.25,Los Angeles,29.0,0.0,8.28125,45.0,0.0,4.90625,63.0,47.0,57.4875,0.16029999,0.03,0.0050093746
4248,2019-01-17 14:00:00,2019-01-17 15:30:00,1.5,5844,7269,4,3,7928.0,Los Angeles,19.0,0.0,10.008928,26.0,0.0,4.1875,63.0,50.0,58.149998,5.8603,0.3,0.05232411
4250,2019-01-17 15:45:00,2019-01-17 19:45:00,4.0,10337,18071,6,11,29720.5,Los Angeles,24.0,0.0,10.944853,32.0,0.0,5.3382354,64.4,50.0,59.096325,7.8908997,0.25,0.029010661
4252,2019-01-17 22:00:00,2019-01-18 03:15:00,5.25,12000,14194,10,11,38057.5,Los Angeles,18.0,0.0,7.2272725,21.0,0.0,0.44886363,64.0,43.0,58.00398,0.39169997,0.04,0.001112784
4254,2019-01-18 05:15:00,2019-01-18 05:45:00,0.5,3833,3833,2,1,1915.5,Los Angeles,18.0,0.0,6.0625,18.0,0.0,0.375,59.0,44.0,54.875,0.0,0.0,0.0
4256,2019-01-18 07:15:00,2019-01-18 07:30:00,0.25,4304,4304,1,1,1076.0,Los Angeles,26.0,0.0,6.9375,32.0,0.0,2.0,59.0,44.0,54.6125,0.0,0.0,0.0
4258,2019-01-18 08:00:00,2019-01-18 10:00:00,2.0,8330,9863,3,5,13996.5,Los Angeles,25.0,0.0,6.3541665,32.0,0.0,2.6180556,59.0,44.0,54.295834,1e-04,1e-04,6.9444445e-07
4260,2019-01-21 05:15:00,2019-01-21 07:30:00,2.25,7919,7920,4,5,13305.75,Los Angeles,23.0,0.0,8.98125,26.0,0.0,3.65,62.0,44.0,56.38375,0.0,0.0,0.0
4262,2019-01-21 21:30:00,2019-01-21 22:15:00,0.75,5190,5190,3,1,3561.25,Los Angeles,34.0,5.0,17.59375,38.0,0.0,11.78125,64.0,35.0,57.353127,0.0,0.0,0.0
4264,2019-01-21 22:30:00,2019-01-22 04:30:00,6.0,9522,13390,14,11,41761.25,Los Angeles,34.0,0.0,16.0675,45.0,0.0,13.78,65.0,34.0,54.273,0.0,0.0,0.0
4266,2019-01-22 13:00:00,2019-01-22 14:45:00,1.75,7262,7262,1,6,9187.75,Los Angeles,19.0,0.0,7.296875,26.0,0.0,3.6015625,58.0,30.0,45.975002,0.0,0.0,0.0
4268,2019-01-22 16:30:00,2019-01-22 16:45:00,0.25,5348,5348,1,1,1337.0,Los Angeles,17.0,0.0,6.1875,24.0,0.0,1.78125,62.0,32.0,51.0125,0.0,0.0,0.0
4270,2019-01-22 17:30:00,2019-01-22 17:45:00,0.25,73927,73927,1,1,18481.75,Los Angeles,22.0,0.0,7.53125,30.0,0.0,2.71875,66.0,37.0,55.25,0.0,0.0,0.0
4272,2019-01-22 18:00:00,2019-01-22 18:15:00,0.25,4448,4448,1,1,1112.0,Los Angeles,22.0,0.0,8.03125,30.0,0.0,3.25,66.0,39.0,56.3,1e-04,1e-04,3.125e-06
4274,2019-01-23 01:15:00,2019-01-23 01:30:00,0.25,5217,5217,1,1,1304.25,Los Angeles,18.0,0.0,6.15625,20.0,0.0,0.625,69.8,42.0,59.2625,0.0,0.0,0.0
4276,2019-01-23 01:45:00,2019-01-23 02:00:00,0.25,5028,5028,1,1,1257.0,Los Angeles,15.0,0.0,5.8125,25.0,0.0,1.5625,65.0,40.0,56.0375,0.0,0.0,0.0
4278,2019-01-23 13:15:00,2019-01-23 13:30:00,0.25,3941,3941,1,1,985.25,Los Angeles,10.0,0.0,2.53125,0.0,0.0,0.0,55.0,28.9,43.731247,0.0,0.0,0.0
4280,2019-01-23 16:15:00,2019-01-23 17:00:00,0.75,4278,4278,3,1,3181.25,Los Angeles,11.0,0.0,1.90625,0.0,0.0,0.0,62.0,30.9,50.1875,0.0,0.0,0.0
4282,2019-01-23 17:15:00,2019-01-23 17:30:00,0.25,6356,6356,1,1,1589.0,Los Angeles,10.0,0.0,1.90625,0.0,0.0,0.0,66.0,35.0,53.4375,0.0,0.0,0.0
4284,2019-01-23 19:00:00,2019-01-23 19:15:00,0.25,3840,3840,1,1,960.0,Los Angeles,12.0,0.0,2.875,0.0,0.0,0.0,67.0,46.0,59.8125,0.0,0.0,0.0
4286,2019-01-24 03:30:00,2019-01-24 06:30:00,3.0,8709,8960,8,4,19151.75,Los Angeles,21.0,0.0,3.5144231,32.0,0.0,1.4086539,59.0,35.0,52.2125,0.0,0.0,0.0
4288,2019-01-24 17:30:00,2019-01-24 18:00:00,0.5,26360,26360,2,1,9855.25,Los Angeles,24.0,0.0,4.8333335,30.0,0.0,2.0625,72.0,38.0,59.4375,0.0,0.0,0.0
4290,2019-01-24 19:15:00,2019-01-25 02:00:00,6.75,6637,7547,9,19,32471.0,Los Angeles,21.0,0.0,6.636161,29.0,0.0,1.7633928,80.0,48.0,68.28884,0.0002,1e-04,4.4642857e-07
4292,2019-01-25 17:30:00,2019-01-25 18:00:00,0.5,3933,3933,2,1,1961.25,Los Angeles,17.0,0.0,4.9583335,23.0,0.0,0.47916666,74.0,38.0,61.404163,0.0,0.0,0.0
4294,2019-01-25 19:45:00,2019-01-25 20:00:00,0.25,8789,8789,1,1,2197.25,Los Angeles,18.0,0.0,5.3125,21.0,0.0,1.90625,76.0,56.0,69.0375,0.0,0.0,0.0
4296,2019-01-26 18:30:00,2019-01-26 18:45:00,0.25,5919,5919,1,1,1479.75,Los Angeles,21.0,0.0,4.625,29.0,0.0,2.8125,78.0,46.0,67.075,0.0,0.0,0.0
4298,2019-01-27 02:15:00,2019-01-27 02:30:00,0.25,4180,4180,1,1,1045.0,Los Angeles,16.0,0.0,5.3125,24.0,0.0,2.75,73.4,50.0,64.55625,0.0,0.0,0.0
4300,2019-01-28 22:45:00,2019-01-28 23:00:00,0.25,13843,13843,1,1,3460.75,Los Angeles,10.0,0.0,5.34375,0.0,0.0,0.0,77.0,60.0,68.775,0.0,0.0,0.0
4302,2019-01-29 02:15:00,2019-01-29 02:30:00,0.25,17616,17616,1,1,4404.0,Los Angeles,16.0,0.0,4.25,0.0,0.0,0.0,70.0,57.0,62.575,0.0,0.0,0.0
4304,2019-01-29 12:30:00,2019-01-29 13:00:00,0.5,4619,4619,1,2,2309.25,Los Angeles,10.0,0.0,2.4583333,0.0,0.0,0.0,62.0,44.0,55.466663,0.0,0.0,0.0
4306,2019-01-29 17:30:00,2019-01-29 18:00:00,0.5,6066,6066,2,1,2874.5,Los Angeles,8.0,0.0,1.8958334,0.0,0.0,0.0,65.0,49.0,60.625,1e-04,1e-04,2.0833334e-06
4308,2019-01-29 18:15:00,2019-01-29 18:30:00,0.25,4242,4242,1,1,1060.5,Los Angeles,7.0,0.0,1.9375,0.0,0.0,0.0,70.0,56.0,62.256252,0.0,0.0,0.0
4310,2019-01-29 19:30:00,2019-01-29 19:45:00,0.25,11787,11787,1,1,2946.75,Los Angeles,11.0,0.0,4.84375,0.0,0.0,0.0,73.0,59.0,66.43125,0.0,0.0,0.0
4312,2019-01-29 20:30:00,2019-01-29 20:45:00,0.25,4307,4307,1,1,1076.75,Los Angeles,11.0,0.0,5.4375,0.0,0.0,0.0,75.0,58.0,67.4625,0.0,0.0,0.0
4314,2019-01-29 21:30:00,2019-01-29 21:45:00,0.25,10824,10824,1,1,2706.0,Los Angeles,14.0,0.0,6.4375,0.0,0.0,0.0,73.0,60.0,67.887505,0.0,0.0,0.0
4316,2019-01-30 16:15:00,2019-01-30 16:30:00,0.25,10526,10526,1,1,2631.5,Los Angeles,6.0,0.0,2.34375,0.0,0.0,0.0,63.0,43.0,54.28125,0.0,0.0,0.0
4318,2019-01-30 18:15:00,2019-01-30 18:30:00,0.25,6090,6090,1,1,1522.5,Los Angeles,7.0,0.0,2.09375,0.0,0.0,0.0,64.0,49.0,58.20625,0.0,0.0,0.0
4320,2019-01-30 22:00:00,2019-01-30 22:15:00,0.25,15462,15462,1,1,3865.5,Los Angeles,11.0,0.0,5.75,0.0,0.0,0.0,71.0,58.0,64.612495,0.0,0.0,0.0
4322,2019-01-31 17:30:00,2019-01-31 18:00:00,0.5,8498,8498,1,1,4249.0,Los Angeles,22.0,4.0,10.416667,28.0,0.0,5.7291665,62.0,43.0,55.245834,0.9201,0.18,0.01916875
4324,2019-01-31 18:15:00,2019-02-01 04:15:00,10.0,16266,22757,17,19,66173.25,Los Angeles,21.0,0.0,6.105183,28.0,0.0,1.1661586,62.0,40.0,54.365852,28.151,0.61,0.04291311
4326,2019-02-01 05:00:00,2019-02-01 10:30:00,5.5,9857,13746,10,10,36016.25,Los Angeles,11.0,0.0,2.7826087,17.0,0.0,0.2201087,59.0,37.0,49.763588,0.0,0.0,0.0
4328,2019-02-01 16:15:00,2019-02-01 16:30:00,0.25,3857,3857,1,1,964.25,Los Angeles,9.0,0.0,3.53125,0.0,0.0,0.0,58.0,38.0,50.4375,0.0,0.0,0.0
4330,2019-02-02 15:15:00,2019-02-02 15:30:00,0.25,4799,4799,1,1,1199.75,Los Angeles,40.0,5.0,16.375,56.0,0.0,15.96875,59.0,40.0,52.9375,0.6503999,0.1,0.020324998
4332,2019-02-02 17:30:00,2019-02-02 18:15:00,0.75,7450,7450,2,2,5232.25,Los Angeles,36.0,0.0,18.1875,50.0,0.0,20.0625,61.0,42.0,55.8625,2.9404,0.28,0.04594375
4334,2019-02-02 18:30:00,2019-02-04 00:15:00,29.75,28562,106108,54,63,363942.75,Los Angeles,33.0,0.0,8.578125,49.0,0.0,3.999479,62.0,36.0,52.30229,37.983097,0.55,0.019782864
4336,2019-02-04 01:00:00,2019-02-04 03:30:00,2.5,4278,4348,5,5,9866.0,Los Angeles,18.0,0.0,6.340909,24.0,0.0,1.5056819,58.0,40.0,52.388638,0.5721,0.04,0.0032505682
4338,2019-02-04 12:45:00,2019-02-04 13:00:00,0.25,3972,3972,1,1,993.0,Los Angeles,18.0,0.0,6.5,32.0,0.0,2.0,58.0,38.0,50.86875,1.0501,0.27,0.032815624
4340,2019-02-04 15:45:00,2019-02-04 16:00:00,0.25,6307,6307,1,1,1576.75,Los Angeles,16.0,0.0,8.78125,29.0,0.0,2.4375,59.0,39.0,51.6,0.1806,0.04,0.00564375
4342,2019-02-04 17:30:00,2019-02-04 18:15:00,0.75,4239,4261,2,2,3063.25,Los Angeles,22.0,0.0,11.90625,29.0,0.0,8.109375,60.8,39.0,53.625,0.51049995,0.08,0.007976562
4344,2019-02-04 19:00:00,2019-02-04 21:30:00,2.5,7409,7811,3,7,13520.0,Los Angeles,24.0,0.0,11.613636,33.0,0.0,7.431818,61.0,40.0,53.69318,3.0523,0.22,0.017342614
4346,2019-02-05 00:15:00,2019-02-05 01:15:00,1.0,8490,9003,3,2,7732.0,Los Angeles,20.0,0.0,9.225,23.0,0.0,3.6625,62.0,38.0,54.23,0.03,0.02,0.000375
4348,2019-02-05 01:30:00,2019-02-05 01:45:00,0.25,9821,9821,1,1,2455.25,Los Angeles,19.0,0.0,8.78125,0.0,0.0,0.0,59.0,37.0,52.69375,0.0602,0.02,0.00188125
4350,2019-02-05 03:00:00,2019-02-05 05:00:00,2.0,4056,4166,3,6,7951.75,Los Angeles,24.0,0.0,7.6597223,31.0,0.0,2.2152777,59.0,34.0,50.855556,0.3421,0.03,0.0023756945
4352,2019-02-05 05:45:00,2019-02-05 06:00:00,0.25,3846,3846,1,1,961.5,Los Angeles,19.0,0.0,7.75,19.0,0.0,0.59375,56.0,35.0,50.1,0.1206,0.05,0.00376875
4354,2019-02-05 22:45:00,2019-02-06 01:45:00,3.0,7177,7287,8,4,19511.75,Los Angeles,26.0,4.0,13.6875,31.0,0.0,9.043269,58.0,30.0,50.064903,0.24119999,0.05,0.0011596153
4356,2019-02-06 18:15:00,2019-02-06 18:30:00,0.25,4571,4571,1,1,1142.75,Los Angeles,13.0,0.0,7.8125,20.0,0.0,1.125,55.0,30.0,47.871876,0.0,0.0,0.0
4358,2019-02-06 18:45:00,2019-02-06 19:30:00,0.75,4726,4789,2,2,3344.75,Los Angeles,13.0,0.0,8.03125,22.0,0.0,2.609375,57.0,30.9,49.33125,0.0,0.0,0.0
4360,2019-02-07 03:00:00,2019-02-07 03:30:00,0.5,8687,8687,2,1,4287.5,Los Angeles,28.0,0.0,8.104167,35.0,0.0,2.5833333,56.0,28.9,47.15625,0.0,0.0,0.0
4362,2019-02-07 05:30:00,2019-02-07 07:15:00,1.75,10068,10300,4,4,12117.75,Los Angeles,27.0,0.0,7.421875,31.0,0.0,1.453125,53.0,28.0,44.953125,0.0,0.0,0.0
4364,2019-02-07 18:15:00,2019-02-07 18:45:00,0.5,13663,13663,2,1,4469.5,Los Angeles,15.0,0.0,5.1458335,20.0,0.0,0.41666666,60.0,34.0,50.787495,0.0,0.0,0.0
4366,2019-02-07 19:45:00,2019-02-07 20:30:00,0.75,4801,4801,2,2,3449.75,Los Angeles,16.0,0.0,5.5625,21.0,0.0,1.90625,64.0,37.0,54.625,0.0,0.0,0.0
4368,2019-02-08 02:45:00,2019-02-08 03:00:00,0.25,4288,4288,1,1,1072.0,Los Angeles,13.0,0.0,5.03125,0.0,0.0,0.0,57.0,35.0,50.012497,0.0,0.0,0.0
4370,2019-02-08 23:15:00,2019-02-08 23:30:00,0.25,5918,5918,1,1,1479.5,Los Angeles,18.0,0.0,7.5625,25.0,0.0,1.5625,62.6,45.0,56.268753,0.0,0.0,0.0
4372,2019-02-09 19:15:00,2019-02-09 19:45:00,0.5,4562,4562,1,1,2281.0,Los Angeles,21.0,0.0,6.1875,17.0,0.0,0.6666667,58.0,39.0,53.395832,0.0,0.0,0.0
4374,2019-02-10 14:45:00,2019-02-10 15:00:00,0.25,5731,5731,1,1,1432.75,Los Angeles,21.0,0.0,5.28125,23.0,0.0,1.4375,52.0,33.0,45.925,0.0,0.0,0.0
4376,2019-02-10 15:15:00,2019-02-10 16:15:00,1.0,5972,5972,2,1,5388.5,Los Angeles,21.0,0.0,5.5625,25.0,0.0,1.6875,53.0,33.0,46.5025,0.0401,0.02,0.00050125003
4378,2019-02-11 06:30:00,2019-02-11 09:30:00,3.0,14003,14656,5,8,28412.25,Los Angeles,26.0,0.0,7.956731,36.0,0.0,5.298077,55.0,27.0,43.951923,0.0,0.0,0.0
4380,2019-02-12 04:45:00,2019-02-12 05:45:00,1.0,3998,3998,2,2,3996.75,Los Angeles,8.0,0.0,2.2875,0.0,0.0,0.0,53.0,30.0,45.3125,0.0,0.0,0.0
4382,2019-02-12 11:00:00,2019-02-12 11:15:00,0.25,4638,4638,1,1,1159.5,Los Angeles,15.0,0.0,4.71875,0.0,0.0,0.0,47.0,27.0,40.83125,0.0,0.0,0.0
4384,2019-02-12 18:30:00,2019-02-12 18:45:00,0.25,4475,4475,1,1,1118.75,Los Angeles,10.0,0.0,5.71875,18.0,0.0,1.59375,65.0,39.0,56.89375,0.0,0.0,0.0
4386,2019-02-12 20:45:00,2019-02-12 21:00:00,0.25,13363,13363,1,1,3340.75,Los Angeles,10.0,0.0,5.96875,0.0,0.0,0.0,69.8,41.0,61.7,0.0,0.0,0.0
4388,2019-02-14 03:15:00,2019-02-14 12:15:00,9.0,8983,15722,19,14,53505.0,Los Angeles,29.0,0.0,8.4527025,41.0,0.0,3.5337837,62.6,41.0,51.85169,20.6826,0.42,0.034936823
4390,2019-02-14 12:45:00,2019-02-14 13:00:00,0.25,4597,4597,1,1,1149.25,Los Angeles,24.0,0.0,8.6875,42.0,0.0,4.8125,62.6,42.8,55.36875,3.67,0.41,0.1146875
4392,2019-02-14 16:15:00,2019-02-15 05:30:00,13.25,13041,35553,28,25,101398.0,Los Angeles,38.0,0.0,12.287037,49.0,0.0,7.8796296,63.0,37.0,56.400463,17.824999,0.45,0.020630786
4394,2019-02-15 06:30:00,2019-02-15 06:45:00,0.25,5196,5196,1,1,1299.0,Los Angeles,14.0,0.0,5.9375,0.0,0.0,0.0,57.0,37.0,51.537502,0.0,0.0,0.0
4396,2019-02-15 08:45:00,2019-02-15 09:15:00,0.5,5291,5291,1,2,2643.0,Los Angeles,17.0,0.0,5.4583335,0.0,0.0,0.0,55.4,37.0,50.474995,0.0,0.0,0.0
4398,2019-02-15 09:45:00,2019-02-15 11:00:00,1.25,4232,4232,2,2,5214.75,Los Angeles,14.0,0.0,3.09375,0.0,0.0,0.0,54.0,36.0,48.279163,0.0,0.0,0.0
4400,2019-02-15 17:15:00,2019-02-16 04:15:00,11.0,8378,14801,25,18,65409.75,Los Angeles,28.0,0.0,8.905556,32.0,0.0,2.5722222,61.0,37.0,52.97889,2.9245,0.12,0.0040618056
4402,2019-02-16 14:45:00,2019-02-16 15:45:00,1.0,5308,5308,3,2,4589.25,Los Angeles,23.0,0.0,6.7625,30.0,0.0,3.3625,52.0,30.0,44.598747,0.0,0.0,0.0
4404,2019-02-16 16:00:00,2019-02-16 19:15:00,3.25,13002,16236,10,4,28131.5,Los Angeles,24.0,0.0,7.96875,26.0,0.0,2.111607,60.0,30.9,49.97187,0.0,0.0,0.0
4407,2019-02-17 19:45:00,2019-02-17 20:45:00,1.0,5886,5886,3,2,5091.75,Los Angeles,28.0,4.0,12.5,34.0,0.0,6.1,57.0,33.0,51.365,0.14050001,0.03,0.0017562502
4409,2019-02-18 02:15:00,2019-02-18 03:45:00,1.5,3946,4016,3,3,5875.25,Los Angeles,28.0,0.0,12.035714,33.0,0.0,6.517857,54.0,28.9,47.88482,0.45000002,0.09,0.0040178574
4411,2019-02-18 05:00:00,2019-02-18 05:15:00,0.25,11096,11096,1,1,2774.0,Los Angeles,25.0,0.0,11.84375,31.0,0.0,7.78125,53.0,28.0,46.362503,0.0002,1e-04,6.25e-06
4413,2019-02-18 08:45:00,2019-02-18 09:00:00,0.25,5420,5420,1,1,1355.0,Los Angeles,21.0,0.0,11.125,31.0,0.0,5.09375,51.8,26.1,44.621876,0.0002,1e-04,6.25e-06
4415,2019-02-18 19:00:00,2019-02-18 19:45:00,0.75,4108,4108,3,1,3030.75,Los Angeles,18.0,0.0,7.34375,25.0,0.0,3.40625,58.0,30.0,51.012497,1e-04,1e-04,1.5625e-06
4417,2019-02-19 09:00:00,2019-02-19 09:15:00,0.25,5115,5115,1,1,1278.75,Los Angeles,11.0,0.0,5.40625,18.0,0.0,1.5625,51.0,28.0,43.462498,0.0,0.0,0.0
4419,2019-02-19 17:45:00,2019-02-20 01:15:00,7.5,14281,20582,15,15,43876.5,Los Angeles,17.0,0.0,6.639113,25.0,0.0,1.701613,60.0,33.0,52.711292,0.0002,1e-04,4.0322578e-07
4421,2019-02-20 16:15:00,2019-02-20 16:30:00,0.25,11372,11372,1,1,2843.0,Los Angeles,23.0,0.0,7.375,23.0,0.0,1.4375,52.0,30.9,44.60625,0.0,0.0,0.0
4423,2019-02-20 17:00:00,2019-02-20 17:30:00,0.5,5689,5689,2,1,2844.0,Los Angeles,27.0,0.0,9.3125,30.0,0.0,1.5416666,54.0,30.9,47.291668,0.0,0.0,0.0
4425,2019-02-20 18:15:00,2019-02-20 18:45:00,0.5,5134,5134,2,1,2566.25,Los Angeles,27.0,0.0,10.541667,19.0,0.0,0.7083333,57.0,32.0,49.966663,0.0,0.0,0.0
4427,2019-02-20 19:30:00,2019-02-20 20:15:00,0.75,6221,6245,2,2,3552.25,Los Angeles,25.0,0.0,9.78125,32.0,0.0,3.125,57.0,36.0,51.559376,0.0,0.0,0.0
4429,2019-02-21 00:15:00,2019-02-21 02:15:00,2.0,15920,27733,5,4,17516.75,Los Angeles,23.0,0.0,8.722222,30.0,0.0,1.6111112,57.0,34.0,49.543056,0.411,0.07,0.0028541668
4431,2019-02-21 02:30:00,2019-02-21 03:30:00,1.0,6330,6330,1,3,5644.5,Los Angeles,22.0,0.0,9.475,24.0,0.0,2.625,55.0,30.9,47.49125,0.3906,0.04,0.0048825
4433,2019-02-21 04:30:00,2019-02-21 05:00:00,0.5,9248,9248,2,1,4611.0,Los Angeles,23.0,0.0,9.916667,28.0,0.0,3.3541667,54.0,30.0,46.5125,0.1811,0.05,0.0037729165
4435,2019-02-21 18:15:00,2019-02-21 18:30:00,0.25,3844,3844,1,1,961.0,Los Angeles,16.0,0.0,7.3125,20.0,0.0,1.5,55.0,30.0,48.440624,0.0002,1e-04,6.25e-06
4437,2019-02-22 16:00:00,2019-02-22 16:30:00,0.5,6156,6156,2,1,2746.5,Los Angeles,16.0,0.0,5.6041665,17.0,0.0,1.3541666,54.0,28.0,43.368748,0.0,0.0,0.0
4439,2019-02-22 16:45:00,2019-02-22 17:00:00,0.25,4208,4208,1,1,1052.0,Los Angeles,14.0,0.0,5.28125,18.0,0.0,2.875,54.0,30.0,46.75,0.0,0.0,0.0
4441,2019-02-22 18:15:00,2019-02-22 18:30:00,0.25,4411,4411,1,1,1102.75,Los Angeles,13.0,0.0,5.0625,0.0,0.0,0.0,60.0,33.0,50.793747,0.0,0.0,0.0
4443,2019-02-22 19:30:00,2019-02-22 21:45:00,2.25,5232,5236,5,4,10811.25,Los Angeles,16.0,0.0,7.98125,20.0,0.0,1.59375,62.6,35.0,55.06375,1e-04,1e-04,6.25e-07
4445,2019-02-22 22:00:00,2019-02-22 22:15:00,0.25,4093,4093,1,1,1023.25,Los Angeles,15.0,0.0,8.5,18.0,0.0,3.4375,62.6,42.0,56.2,0.0,0.0,0.0
4447,2019-02-23 11:15:00,2019-02-23 14:00:00,2.75,5550,5586,2,6,13477.25,Los Angeles,9.0,0.0,2.5572917,0.0,0.0,0.0,48.0,24.1,39.246876,0.0,0.0,0.0
4449,2019-02-23 14:15:00,2019-02-23 14:30:00,0.25,3951,3951,1,1,987.75,Los Angeles,7.0,0.0,2.375,0.0,0.0,0.0,47.0,24.1,39.34375,0.0,0.0,0.0
4452,2019-02-27 16:30:00,2019-02-27 16:45:00,0.25,3835,3835,1,1,958.75,Los Angeles,18.0,0.0,4.96875,19.0,0.0,0.59375,60.0,43.0,53.99375,1e-04,1e-04,3.125e-06
4454,2019-02-27 17:30:00,2019-02-27 17:45:00,0.25,4060,4060,1,1,1015.0,Los Angeles,16.0,0.0,3.875,23.0,0.0,1.1875,62.0,46.0,56.25625,1e-04,1e-04,3.125e-06
4456,2019-02-28 03:30:00,2019-02-28 03:45:00,0.25,4120,4120,1,1,1030.0,Los Angeles,13.0,0.0,5.03125,20.0,0.0,1.1875,63.0,45.0,56.5875,0.00029999999,1e-04,9.3749995e-06
4458,2019-02-28 06:30:00,2019-02-28 11:45:00,5.25,7400,9013,8,9,25333.5,Los Angeles,16.0,0.0,4.5625,23.0,0.0,1.125,60.8,45.0,55.053978,1.3133,0.06,0.003730966
4460,2019-02-28 18:15:00,2019-02-28 18:30:00,0.25,8610,8610,1,1,2152.5,Los Angeles,18.0,0.0,5.78125,0.0,0.0,0.0,63.0,48.0,58.85625,0.00029999999,1e-04,9.3749995e-06
4462,2019-02-28 18:45:00,2019-02-28 19:00:00,0.25,28472,28472,1,1,7118.0,Los Angeles,19.0,0.0,5.4375,23.0,0.0,0.71875,64.0,49.0,59.26875,0.0004,1e-04,1.25e-05
4464,2019-02-28 20:15:00,2019-02-28 20:45:00,0.5,4731,4731,1,2,2151.75,Los Angeles,17.0,0.0,6.6875,20.0,0.0,0.7291667,66.0,49.0,61.266666,0.0004,1e-04,8.333333e-06
4466,2019-02-28 23:00:00,2019-02-28 23:15:00,0.25,6877,6877,1,1,1719.25,Los Angeles,20.0,0.0,8.15625,0.0,0.0,0.0,67.0,48.0,61.625,0.0002,1e-04,6.25e-06
4468,2019-03-01 20:15:00,2019-03-01 20:45:00,0.5,5360,5360,1,2,2310.5,Los Angeles,26.0,0.0,7.75,21.0,0.0,1.2916666,66.2,50.0,61.279163,0.0,0.0,0.0
4470,2019-03-01 22:15:00,2019-03-01 22:30:00,0.25,4494,4494,1,1,1123.5,Los Angeles,24.0,0.0,7.875,0.0,0.0,0.0,67.0,50.0,61.668747,0.0,0.0,0.0
4472,2019-03-03 03:00:00,2019-03-03 03:15:00,0.25,4275,4275,1,1,1068.75,Los Angeles,19.0,0.0,7.09375,27.0,0.0,2.125,61.0,46.0,57.23125,0.1502,0.06,0.00469375
4474,2019-03-03 04:45:00,2019-03-03 06:30:00,1.75,5042,5042,2,5,8251.75,Los Angeles,22.0,0.0,7.1015625,24.0,0.0,1.171875,60.8,45.0,56.314064,0.060799997,0.01,0.00047499998
4476,2019-03-04 18:00:00,2019-03-04 18:15:00,0.25,3850,3850,1,1,962.5,Los Angeles,17.0,0.0,7.0625,16.0,0.0,1.0,62.0,41.0,56.725,0.0,0.0,0.0
4478,2019-03-05 16:15:00,2019-03-05 16:30:00,0.25,14452,14452,1,1,3613.0,Los Angeles,10.0,0.0,3.625,0.0,0.0,0.0,62.0,44.0,53.46875,0.0,0.0,0.0
4480,2019-03-05 22:00:00,2019-03-05 22:15:00,0.25,4833,4833,1,1,1208.25,Los Angeles,20.0,3.0,10.40625,18.0,0.0,1.59375,69.8,53.0,62.5375,0.0,0.0,0.0
4482,2019-03-06 05:00:00,2019-03-06 19:30:00,14.5,17300,37844,28,31,110568.5,Los Angeles,28.0,0.0,7.4798727,36.0,0.0,2.9682202,62.6,38.0,54.0928,23.7153,0.33,0.02512214
4484,2019-03-06 19:45:00,2019-03-06 21:00:00,1.25,4573,4575,3,3,5690.25,Los Angeles,24.0,2.0,9.8125,31.0,0.0,5.4166665,63.0,44.0,56.675,1.5815,0.14,0.016473958
4486,2019-03-06 21:15:00,2019-03-06 22:15:00,1.0,4917,4917,1,4,4605.0,Los Angeles,21.0,0.0,10.9,31.0,0.0,5.1125,63.0,45.0,57.640003,0.6905,0.11,0.00863125
4488,2019-03-06 23:45:00,2019-03-07 00:00:00,0.25,13439,13439,1,1,3359.75,Los Angeles,24.0,5.0,10.8125,33.0,0.0,3.03125,63.0,46.0,58.04375,0.4604,0.07,0.0143875
4490,2019-03-07 06:00:00,2019-03-07 06:30:00,0.5,4735,4735,1,2,2362.75,Los Angeles,24.0,0.0,4.9791665,29.0,0.0,0.6041667,60.0,42.0,55.05,0.00049999997,1e-04,1.0416666e-05
4492,2019-03-07 15:30:00,2019-03-07 16:00:00,0.5,6705,6705,1,2,3348.75,Los Angeles,15.0,0.0,4.1875,0.0,0.0,0.0,58.0,37.0,51.920834,0.0,0.0,0.0
4494,2019-03-07 20:45:00,2019-03-07 21:00:00,0.25,7612,7612,1,1,1903.0,Los Angeles,17.0,0.0,9.8125,22.0,0.0,3.46875,63.0,46.0,58.4,0.0,0.0,0.0
4496,2019-03-07 21:30:00,2019-03-07 22:00:00,0.5,7564,7564,2,1,2919.75,Los Angeles,22.0,5.0,11.479167,27.0,0.0,3.9166667,63.0,47.0,58.67917,0.0,0.0,0.0
4498,2019-03-07 22:45:00,2019-03-07 23:00:00,0.25,7029,7029,1,1,1757.25,Los Angeles,25.0,5.0,11.59375,24.0,0.0,5.84375,62.6,48.0,57.800003,0.0,0.0,0.0
4500,2019-03-08 01:00:00,2019-03-08 02:15:00,1.25,4977,4992,2,4,5921.25,Los Angeles,17.0,3.0,9.177083,18.0,0.0,0.35416666,60.8,38.0,54.681248,0.0,0.0,0.0
4502,2019-03-08 17:30:00,2019-03-08 17:45:00,0.25,5743,5743,1,1,1435.75,Los Angeles,33.0,3.0,13.78125,29.0,0.0,6.0625,59.0,35.0,52.45,0.0002,1e-04,6.25e-06
4504,2019-03-08 18:30:00,2019-03-08 18:45:00,0.25,5233,5233,1,1,1308.25,Los Angeles,30.0,4.0,14.0,32.0,0.0,7.1875,60.0,36.0,53.8,1e-04,1e-04,3.125e-06
4506,2019-03-08 19:00:00,2019-03-08 19:15:00,0.25,3800,3800,1,1,950.0,Los Angeles,27.0,4.0,14.03125,34.0,0.0,8.25,60.0,38.0,54.1125,0.0,0.0,0.0
4508,2019-03-08 19:30:00,2019-03-08 20:00:00,0.5,7553,7553,1,2,3101.0,Los Angeles,30.0,6.0,14.791667,36.0,0.0,10.979167,60.0,36.0,54.7,0.0,0.0,0.0
4510,2019-03-08 20:30:00,2019-03-08 21:30:00,1.0,7201,7201,3,2,5867.75,Los Angeles,28.0,2.0,15.1125,34.0,0.0,9.3875,61.0,38.0,55.017498,0.0,0.0,0.0
4512,2019-03-09 01:30:00,2019-03-09 02:45:00,1.25,8955,8955,2,4,7683.25,Los Angeles,22.0,0.0,11.833333,28.0,0.0,3.7291667,58.0,33.0,51.672916,0.0,0.0,0.0
4514,2019-03-09 21:00:00,2019-03-09 21:15:00,0.25,3991,3991,1,1,997.75,Los Angeles,17.0,0.0,10.46875,23.0,0.0,3.65625,60.8,45.0,56.287502,0.0,0.0,0.0
4516,2019-03-09 22:45:00,2019-03-09 23:30:00,0.75,5737,5737,3,1,3865.0,Los Angeles,22.0,5.0,11.921875,27.0,0.0,4.625,61.0,45.0,55.721874,0.0,0.0,0.0
4518,2019-03-10 01:00:00,2019-03-10 01:15:00,0.25,4875,4875,1,1,1218.75,Los Angeles,19.0,7.0,11.3125,23.0,0.0,2.3125,59.0,39.0,53.425,0.0,0.0,0.0
4520,2019-03-11 00:45:00,2019-03-11 01:15:00,0.5,3952,3952,1,2,1970.5,Los Angeles,16.0,3.0,7.4166665,0.0,0.0,0.0,59.0,35.0,52.825,0.04,0.01,0.0008333333
4522,2019-03-11 12:15:00,2019-03-11 12:30:00,0.25,6134,6134,1,1,1533.5,Los Angeles,5.0,0.0,1.71875,0.0,0.0,0.0,52.0,34.0,45.3875,0.0,0.0,0.0
4524,2019-03-11 22:45:00,2019-03-11 23:00:00,0.25,4285,4285,1,1,1071.25,Los Angeles,20.0,4.0,10.21875,25.0,0.0,4.53125,69.8,42.0,60.7125,0.00049999997,1e-04,1.5624999e-05
4526,2019-03-12 06:45:00,2019-03-12 07:00:00,0.25,3952,3952,1,1,988.0,Los Angeles,13.0,0.0,5.59375,24.0,0.0,2.9375,62.6,39.0,55.475,0.0403,0.01,0.001259375
4528,2019-03-12 17:30:00,2019-03-12 21:00:00,3.5,4336,4702,6,9,14365.75,Los Angeles,31.0,0.0,11.1375,37.0,0.0,5.5291667,73.0,42.0,62.34667,0.0,0.0,0.0
4530,2019-03-12 23:00:00,2019-03-12 23:15:00,0.25,10085,10085,1,1,2521.25,Los Angeles,37.0,0.0,15.90625,46.0,0.0,10.5625,72.0,50.0,63.3625,0.0,0.0,0.0
4532,2019-03-13 06:30:00,2019-03-13 07:45:00,1.25,3849,3849,3,1,4796.0,Los Angeles,43.0,0.0,13.1875,51.0,0.0,8.614583,64.4,37.0,53.087505,0.00029999999,1e-04,3.125e-06
4534,2019-03-13 10:00:00,2019-03-13 10:15:00,0.25,6285,6285,1,1,1571.25,Los Angeles,35.0,0.0,10.09375,47.0,0.0,6.28125,58.0,35.0,50.76875,0.0,0.0,0.0
4536,2019-03-13 16:00:00,2019-03-13 16:15:00,0.25,4915,4915,1,1,1228.75,Los Angeles,18.0,0.0,7.03125,35.0,0.0,4.59375,58.0,35.0,52.1875,0.0,0.0,0.0
4538,2019-03-13 16:45:00,2019-03-13 17:15:00,0.5,4461,4461,2,1,2191.25,Los Angeles,20.0,0.0,7.3333335,26.0,0.0,4.7916665,61.0,35.0,54.829163,1e-04,1e-04,2.0833334e-06
4540,2019-03-13 22:15:00,2019-03-13 22:30:00,0.25,6401,6401,1,1,1600.25,Los Angeles,21.0,0.0,11.84375,31.0,0.0,7.28125,69.0,43.0,60.76875,0.0,0.0,0.0
4542,2019-03-14 00:30:00,2019-03-14 00:45:00,0.25,4855,4855,1,1,1213.75,Los Angeles,25.0,3.0,12.1875,33.0,0.0,4.5625,67.0,41.0,59.737503,0.0,0.0,0.0
4544,2019-03-14 01:30:00,2019-03-14 01:45:00,0.25,4521,4521,1,1,1130.25,Los Angeles,19.0,0.0,9.9375,26.0,0.0,2.34375,66.0,38.0,57.43125,0.0,0.0,0.0
4546,2019-03-14 14:30:00,2019-03-14 15:30:00,1.0,6046,6046,3,1,5081.0,Los Angeles,18.0,0.0,5.3375,26.0,0.0,2.925,60.0,28.0,47.670002,0.0,0.0,0.0
4548,2019-03-14 16:15:00,2019-03-14 16:30:00,0.25,4426,4426,1,1,1106.5,Los Angeles,24.0,0.0,7.96875,31.0,0.0,3.0,64.0,35.0,54.36875,0.0002,1e-04,6.25e-06
4550,2019-03-14 16:45:00,2019-03-14 18:30:00,1.75,5051,5833,3,5,7509.75,Los Angeles,25.0,0.0,8.96875,34.0,0.0,5.015625,69.0,39.0,58.80625,0.0004,1e-04,3.125e-06
4552,2019-03-14 21:00:00,2019-03-14 21:15:00,0.25,5055,5055,1,1,1263.75,Los Angeles,20.0,0.0,9.875,28.0,0.0,6.125,73.0,47.0,65.075,0.0,0.0,0.0
4554,2019-03-15 18:30:00,2019-03-15 18:45:00,0.25,3801,3801,1,1,950.25,Los Angeles,21.0,0.0,8.78125,29.0,0.0,3.65625,73.0,47.0,66.05,0.0,0.0,0.0
4556,2019-03-15 21:00:00,2019-03-15 21:15:00,0.25,3813,3813,1,1,953.25,Los Angeles,21.0,4.0,11.65625,28.0,0.0,6.84375,76.0,53.0,68.5625,0.0,0.0,0.0
4558,2019-03-16 03:30:00,2019-03-16 04:00:00,0.5,6001,6001,2,1,3000.0,Los Angeles,13.0,0.0,5.625,22.0,0.0,1.9166666,71.0,43.0,60.712505,0.0,0.0,0.0
4560,2019-03-18 02:15:00,2019-03-18 02:30:00,0.25,10715,10715,1,1,2678.75,Los Angeles,11.0,0.0,6.75,20.0,0.0,0.625,78.0,58.0,69.6375,0.0,0.0,0.0
4562,2019-03-18 20:45:00,2019-03-18 21:00:00,0.25,5919,5919,1,1,1479.75,Los Angeles,11.0,3.0,7.0625,0.0,0.0,0.0,79.0,65.0,72.575,0.0,0.0,0.0
4564,2019-03-19 15:30:00,2019-03-19 16:45:00,1.25,8495,8785,4,2,9126.5,Los Angeles,8.0,0.0,2.3333333,0.0,0.0,0.0,66.0,44.0,56.87083,0.0,0.0,0.0
4566,2019-03-20 15:30:00,2019-03-20 17:45:00,2.25,6718,7058,5,4,13266.25,Los Angeles,19.0,0.0,5.41875,14.0,0.0,0.175,64.0,40.0,56.695,0.050699998,0.01,0.000316875
4568,2019-03-20 19:00:00,2019-03-21 00:00:00,5.0,9170,14359,12,9,32238.0,Los Angeles,29.0,0.0,9.845238,29.0,0.0,3.3095238,66.0,38.0,58.721424,1.6515,0.41,0.0049151788
4570,2019-03-21 17:00:00,2019-03-21 17:30:00,0.5,4736,4736,2,1,2307.0,Los Angeles,23.0,0.0,5.8333335,20.0,0.0,0.41666666,58.0,37.0,52.8875,0.1204,0.02,0.0025083332
4572,2019-03-21 17:45:00,2019-03-21 18:15:00,0.5,5424,5424,1,2,2342.0,Los Angeles,22.0,0.0,6.3333335,27.0,0.0,0.5625,60.0,39.0,53.67917,0.49080002,0.34,0.010225001
4574,2019-03-21 18:45:00,2019-03-21 20:00:00,1.25,6093,6143,2,4,7330.75,Los Angeles,23.0,0.0,7.2708335,23.0,0.0,0.23958333,63.0,39.0,54.3125,1.0112,0.39,0.010533333
4576,2019-03-22 00:30:00,2019-03-22 00:45:00,0.25,12779,12779,1,1,3194.75,Los Angeles,17.0,0.0,9.40625,19.0,0.0,1.09375,62.0,43.0,56.3,0.0,0.0,0.0
4578,2019-03-22 02:45:00,2019-03-22 03:00:00,0.25,3886,3886,1,1,971.5,Los Angeles,17.0,0.0,7.53125,21.0,0.0,0.65625,57.2,40.0,52.875,0.0,0.0,0.0
4580,2019-03-23 00:30:00,2019-03-23 00:45:00,0.25,13432,13432,1,1,3358.0,Los Angeles,19.0,3.0,9.53125,20.0,0.0,1.71875,64.4,47.0,59.893753,0.0,0.0,0.0
4582,2019-03-23 04:30:00,2019-03-23 04:45:00,0.25,5167,5167,1,1,1291.75,Los Angeles,16.0,0.0,6.90625,0.0,0.0,0.0,60.8,44.0,54.987503,0.0,0.0,0.0
4584,2019-03-23 09:45:00,2019-03-23 12:15:00,2.5,10165,10259,3,3,21311.75,Los Angeles,14.0,0.0,3.659091,0.0,0.0,0.0,58.0,39.0,51.85,0.0,0.0,0.0
4586,2019-03-23 13:45:00,2019-03-23 14:00:00,0.25,4633,4633,1,1,1158.25,Los Angeles,9.0,0.0,3.8125,0.0,0.0,0.0,57.0,39.0,51.600002,0.0,0.0,0.0
4588,2019-03-24 04:30:00,2019-03-24 10:00:00,5.5,8205,8544,8,8,43772.5,Los Angeles,28.0,0.0,5.505435,38.0,0.0,1.7744565,62.6,40.0,53.47826,0.0,0.0,0.0
4590,2019-03-25 15:00:00,2019-03-25 15:30:00,0.5,13192,13192,2,1,5137.75,Los Angeles,9.0,0.0,2.5,0.0,0.0,0.0,61.0,37.0,52.7,0.0,0.0,0.0
4592,2019-03-25 17:45:00,2019-03-25 18:00:00,0.25,3803,3803,1,1,950.75,Los Angeles,8.0,0.0,3.71875,0.0,0.0,0.0,70.0,58.0,64.8375,0.0,0.0,0.0
4594,2019-03-25 20:15:00,2019-03-25 21:00:00,0.75,4896,4896,1,3,3570.25,Los Angeles,17.0,0.0,7.96875,16.0,0.0,0.75,77.0,61.0,69.28125,0.0,0.0,0.0
4596,2019-03-26 14:30:00,2019-03-26 14:45:00,0.25,8399,8399,1,1,2099.75,Los Angeles,10.0,0.0,2.21875,0.0,0.0,0.0,57.0,36.0,50.0125,0.0,0.0,0.0
4598,2019-03-26 20:15:00,2019-03-26 21:00:00,0.75,5030,5030,2,2,3690.75,Los Angeles,18.0,0.0,7.609375,24.0,0.0,1.578125,73.0,58.0,68.15938,0.0,0.0,0.0
4600,2019-03-27 04:00:00,2019-03-27 04:30:00,0.5,4457,4457,2,1,2220.25,Los Angeles,15.0,0.0,6.8958335,21.0,0.0,1.3125,69.8,49.0,58.625,0.0,0.0,0.0
4602,2019-03-27 04:45:00,2019-03-27 05:45:00,1.0,3918,3931,2,2,3879.25,Los Angeles,14.0,0.0,6.2125,17.0,0.0,0.85,69.8,47.0,57.817505,0.0,0.0,0.0
4604,2019-03-27 06:30:00,2019-03-27 07:15:00,0.75,4772,4772,2,1,3577.0,Los Angeles,14.0,0.0,5.21875,17.0,0.0,0.265625,69.8,47.0,56.703125,0.0,0.0,0.0
4606,2019-03-27 10:30:00,2019-03-27 11:00:00,0.5,3931,3931,2,1,1964.5,Los Angeles,11.0,0.0,4.0,0.0,0.0,0.0,68.0,45.0,54.208332,0.0,0.0,0.0
4608,2019-03-27 17:15:00,2019-03-27 17:30:00,0.25,7077,7077,1,1,1769.25,Los Angeles,17.0,0.0,5.09375,0.0,0.0,0.0,68.0,50.0,59.86875,0.0,0.0,0.0
4610,2019-03-28 00:30:00,2019-03-28 00:45:00,0.25,4622,4622,1,1,1155.5,Los Angeles,20.0,0.0,10.78125,20.0,0.0,2.71875,69.0,52.0,63.575,0.0,0.0,0.0
4612,2019-03-28 15:15:00,2019-03-28 15:30:00,0.25,5998,5998,1,1,1499.5,Los Angeles,16.0,0.0,4.03125,19.0,0.0,0.59375,61.0,42.0,55.050003,0.0,0.0,0.0
4614,2019-03-28 16:00:00,2019-03-28 16:15:00,0.25,8159,8159,1,1,2039.75,Los Angeles,18.0,0.0,4.9375,0.0,0.0,0.0,64.0,43.0,57.13125,0.0,0.0,0.0
4616,2019-03-30 08:30:00,2019-03-30 09:00:00,0.5,4090,4090,2,1,2040.75,Los Angeles,18.0,0.0,4.8541665,30.0,0.0,3.3125,63.0,40.0,53.75,0.0,0.0,0.0
4618,2019-03-31 04:30:00,2019-03-31 07:45:00,3.25,10985,11819,9,5,28552.0,Los Angeles,14.0,0.0,4.294643,19.0,0.0,0.23214285,73.4,45.0,62.04018,0.0,0.0,0.0
4620,2019-04-01 14:45:00,2019-04-01 15:00:00,0.25,6351,6351,1,1,1587.75,Los Angeles,9.0,0.0,2.6875,0.0,0.0,0.0,69.0,42.0,60.0125,0.0,0.0,0.0
4622,2019-04-01 17:45:00,2019-04-01 18:00:00,0.25,5243,5243,1,1,1310.75,Los Angeles,8.0,0.0,3.59375,0.0,0.0,0.0,78.0,62.0,72.75,0.0,0.0,0.0
4624,2019-04-01 18:15:00,2019-04-01 18:30:00,0.25,5901,5901,1,1,1475.25,Los Angeles,8.0,0.0,4.65625,0.0,0.0,0.0,81.0,62.0,73.3375,0.0,0.0,0.0
4626,2019-04-01 19:15:00,2019-04-02 00:15:00,5.0,7571,7771,8,13,27955.0,Los Angeles,17.0,2.0,7.4255953,20.0,0.0,1.4107143,86.0,64.0,76.18988,0.0,0.0,0.0
4628,2019-04-03 04:15:00,2019-04-03 04:45:00,0.5,7236,7236,1,2,3131.5,Los Angeles,20.0,0.0,8.458333,0.0,0.0,0.0,61.0,44.0,57.0125,0.02,0.01,0.00041666665
4630,2019-04-03 05:45:00,2019-04-03 08:00:00,2.25,7874,9118,2,6,15814.25,Los Angeles,21.0,0.0,7.34375,0.0,0.0,0.0,61.0,43.0,56.25625,0.16,0.05,0.0009999999
4632,2019-04-03 08:15:00,2019-04-03 09:30:00,1.25,6972,6972,1,2,8714.0,Los Angeles,17.0,0.0,5.8854165,0.0,0.0,0.0,61.0,42.0,54.825,0.049999997,0.02,0.0005208333
4634,2019-04-03 11:00:00,2019-04-03 11:30:00,0.5,3822,3822,1,1,1911.0,Los Angeles,14.0,0.0,4.7083335,0.0,0.0,0.0,59.0,42.0,53.791668,0.0,0.0,0.0
4636,2019-04-03 18:15:00,2019-04-03 19:15:00,1.0,3885,3885,1,4,3839.0,Los Angeles,16.0,0.0,6.65,18.0,0.0,0.45,65.0,50.0,60.76,0.0,0.0,0.0
4639,2019-04-04 15:45:00,2019-04-04 17:15:00,1.5,10210,10392,4,2,11278.0,Los Angeles,20.0,0.0,6.410714,26.0,0.0,1.9642857,61.0,43.0,56.74822,0.0007,1e-04,6.25e-06
4641,2019-04-05 15:30:00,2019-04-05 16:45:00,1.25,10160,10160,4,2,10290.25,Los Angeles,22.0,0.0,5.40625,18.0,0.0,0.375,65.0,42.0,57.289585,0.02,0.01,0.00020833332
4643,2019-04-06 03:30:00,2019-04-06 03:45:00,0.25,3802,3802,1,1,950.5,Los Angeles,17.0,5.0,9.71875,0.0,0.0,0.0,62.6,44.0,56.5875,0.0,0.0,0.0
4645,2019-04-06 04:00:00,2019-04-06 04:30:00,0.5,3852,3852,1,1,1926.0,Los Angeles,18.0,0.0,8.6875,14.0,0.0,0.29166666,62.6,44.0,56.420834,0.0,0.0,0.0
4647,2019-04-07 00:45:00,2019-04-07 01:00:00,0.25,8776,8776,1,1,2194.0,Los Angeles,26.0,0.0,9.5625,28.0,0.0,3.125,72.0,57.0,65.025,0.0,0.0,0.0
4649,2019-04-08 00:15:00,2019-04-08 00:45:00,0.5,6178,6178,2,1,2787.0,Los Angeles,26.0,0.0,9.604167,28.0,0.0,2.3333333,89.0,60.0,74.1,0.0,0.0,0.0
4651,2019-04-08 04:15:00,2019-04-08 04:30:00,0.25,15624,15624,1,1,3906.0,Los Angeles,11.0,0.0,5.53125,22.0,0.0,1.375,78.0,56.0,66.8875,0.0,0.0,0.0
4653,2019-04-08 11:45:00,2019-04-08 12:00:00,0.25,5391,5391,1,1,1347.75,Los Angeles,26.0,0.0,3.65625,36.0,0.0,2.25,69.0,51.0,59.824997,0.0,0.0,0.0
4655,2019-04-08 17:15:00,2019-04-08 20:15:00,3.0,6663,8687,4,9,13668.25,Los Angeles,11.0,0.0,4.798077,22.0,0.0,0.69711536,89.0,67.0,78.400955,0.0,0.0,0.0
4657,2019-04-08 20:30:00,2019-04-08 20:45:00,0.25,10805,10805,1,1,2701.25,Los Angeles,14.0,2.0,7.5,19.0,0.0,0.59375,89.6,70.0,81.024994,0.0,0.0,0.0
4659,2019-04-09 04:15:00,2019-04-09 04:30:00,0.25,15392,15392,1,1,3848.0,Los Angeles,21.0,0.0,7.75,20.0,0.0,1.25,80.6,57.0,69.1875,0.0,0.0,0.0
4661,2019-04-09 16:45:00,2019-04-09 18:15:00,1.5,4641,4817,5,2,6150.25,Los Angeles,35.0,0.0,13.25,43.0,0.0,5.946429,74.0,43.0,65.77143,0.00029999999,1e-04,2.6785713e-06
4663,2019-04-09 19:15:00,2019-04-09 19:30:00,0.25,4156,4156,1,1,1039.0,Los Angeles,37.0,0.0,16.3125,35.0,0.0,7.34375,75.2,47.0,67.4625,0.0,0.0,0.0
4665,2019-04-10 00:15:00,2019-04-11 05:45:00,29.5,27056,77147,59,53,483704.0,Los Angeles,35.0,0.0,13.847689,53.0,0.0,11.965861,80.6,37.0,62.40399,0.00059999997,1e-04,3.1512604e-07
4667,2019-04-11 08:30:00,2019-04-11 08:45:00,0.25,3957,3957,1,1,989.25,Los Angeles,26.0,0.0,7.84375,36.0,0.0,4.40625,71.6,44.0,59.775,0.0,0.0,0.0
4669,2019-04-11 14:30:00,2019-04-11 15:30:00,1.0,4908,5063,2,3,4720.25,Los Angeles,21.0,0.0,5.475,19.0,0.0,0.2375,67.0,43.0,57.140003,0.0,0.0,0.0
4671,2019-04-11 16:15:00,2019-04-11 16:30:00,0.25,4555,4555,1,1,1138.75,Los Angeles,22.0,0.0,5.9375,30.0,0.0,1.875,71.0,48.0,61.7375,0.0,0.0,0.0
4673,2019-04-11 17:00:00,2019-04-11 17:15:00,0.25,4508,4508,1,1,1127.0,Los Angeles,33.0,0.0,7.46875,40.0,0.0,3.0,71.0,50.0,64.0375,0.0,0.0,0.0
4675,2019-04-11 17:45:00,2019-04-11 18:15:00,0.5,4006,4006,2,1,1981.75,Los Angeles,32.0,0.0,8.479167,38.0,0.0,3.0833333,73.0,51.0,65.862495,0.0,0.0,0.0
4677,2019-04-11 20:15:00,2019-04-11 20:45:00,0.5,4097,4097,2,1,2024.5,Los Angeles,29.0,3.0,11.645833,26.0,0.0,3.4166667,77.0,51.0,68.29583,0.0,0.0,0.0
4679,2019-04-11 21:45:00,2019-04-11 22:00:00,0.25,5652,5652,1,1,1413.0,Los Angeles,31.0,0.0,13.8125,36.0,0.0,5.0625,77.0,51.0,67.0875,0.0,0.0,0.0
4681,2019-04-11 22:15:00,2019-04-11 22:30:00,0.25,4119,4119,1,1,1029.75,Los Angeles,33.0,0.0,14.21875,28.0,0.0,2.5625,77.0,51.0,66.88125,0.0,0.0,0.0
4683,2019-04-11 22:45:00,2019-04-11 23:15:00,0.5,4956,4956,1,2,2227.25,Los Angeles,31.0,0.0,13.875,37.0,0.0,7.0833335,75.0,51.0,66.5625,0.0,0.0,0.0
4685,2019-04-12 00:00:00,2019-04-12 00:15:00,0.25,4305,4305,1,1,1076.25,Los Angeles,32.0,4.0,13.9375,38.0,0.0,5.625,74.0,50.0,65.2375,0.0,0.0,0.0
4687,2019-04-12 00:30:00,2019-04-12 02:15:00,1.75,4211,4292,3,5,7289.25,Los Angeles,31.0,0.0,12.5859375,34.0,0.0,6.8671875,74.0,47.0,63.553123,0.0,0.0,0.0
4689,2019-04-12 17:45:00,2019-04-12 18:45:00,1.0,5569,5569,4,1,5465.0,Los Angeles,19.0,4.0,9.6375,25.0,0.0,5.1,74.0,41.0,65.3975,0.0,0.0,0.0
4692,2019-04-14 17:45:00,2019-04-14 18:30:00,0.75,6032,6032,2,1,4521.0,Los Angeles,22.0,0.0,6.953125,26.0,0.0,1.78125,74.0,58.0,66.04063,0.0,0.0,0.0
4694,2019-04-15 06:30:00,2019-04-15 08:00:00,1.5,5861,5861,2,3,8789.5,Los Angeles,19.0,0.0,6.196429,20.0,0.0,0.17857143,75.2,50.0,57.6125,0.0,0.0,0.0
4696,2019-04-15 09:00:00,2019-04-15 09:45:00,0.75,5933,5933,1,2,4414.5,Los Angeles,15.0,0.0,4.4375,0.0,0.0,0.0,58.0,48.0,53.418747,0.0,0.0,0.0
4698,2019-04-15 17:45:00,2019-04-15 18:00:00,0.25,4035,4035,1,1,1008.75,Los Angeles,22.0,0.0,8.09375,31.0,0.0,2.25,70.0,57.0,62.36875,0.0,0.0,0.0
4700,2019-04-15 19:15:00,2019-04-15 19:30:00,0.25,6824,6824,1,1,1706.0,Los Angeles,23.0,5.0,10.125,15.0,0.0,0.46875,70.0,57.0,63.975,0.0,0.0,0.0
4702,2019-04-15 21:15:00,2019-04-15 21:30:00,0.25,7043,7043,1,1,1760.75,Los Angeles,23.0,3.0,11.28125,24.0,0.0,3.4375,73.4,56.0,64.99375,0.0,0.0,0.0
4704,2019-04-16 04:30:00,2019-04-16 04:45:00,0.25,12371,12371,1,1,3092.75,Los Angeles,16.0,0.0,6.6875,21.0,0.0,0.65625,62.6,46.0,55.13125,0.0,0.0,0.0
4706,2019-04-17 00:00:00,2019-04-17 00:15:00,0.25,13086,13086,1,1,3271.5,Los Angeles,24.0,5.0,11.46875,31.0,0.0,4.15625,66.0,46.0,60.44375,0.0002,1e-04,6.25e-06
4708,2019-04-17 17:00:00,2019-04-17 17:15:00,0.25,4116,4116,1,1,1029.0,Los Angeles,7.0,0.0,4.09375,0.0,0.0,0.0,66.2,54.0,62.8375,0.0,0.0,0.0
4710,2019-04-18 17:30:00,2019-04-18 22:00:00,4.5,5910,7173,10,9,19990.75,Los Angeles,22.0,0.0,8.440789,28.0,0.0,3.0723684,91.0,60.0,76.384865,0.0,0.0,0.0
4712,2019-04-18 23:30:00,2019-04-18 23:45:00,0.25,3962,3962,1,1,990.5,Los Angeles,15.0,6.0,10.0625,18.0,0.0,0.5625,88.0,60.0,77.075,0.0,0.0,0.0
4714,2019-04-20 14:45:00,2019-04-20 15:00:00,0.25,3941,3941,1,1,985.25,Los Angeles,18.0,0.0,5.34375,22.0,0.0,0.6875,61.0,50.0,57.1875,0.0,0.0,0.0
4716,2019-04-20 21:00:00,2019-04-20 21:15:00,0.25,5298,5298,1,1,1324.5,Los Angeles,26.0,0.0,8.4375,32.0,0.0,4.6875,67.0,51.0,60.824997,0.0,0.0,0.0
4718,2019-04-20 22:00:00,2019-04-20 22:45:00,0.75,4819,4819,2,2,3594.75,Los Angeles,26.0,0.0,8.765625,32.0,0.0,2.3125,68.0,53.0,62.49375,0.0,0.0,0.0
4720,2019-04-21 18:45:00,2019-04-21 19:00:00,0.25,4257,4257,1,1,1064.25,Los Angeles,27.0,0.0,9.0625,32.0,0.0,2.78125,68.0,51.0,63.0625,0.0,0.0,0.0
4722,2019-04-25 05:30:00,2019-04-25 05:45:00,0.25,4359,4359,1,1,1089.75,Los Angeles,13.0,0.0,5.40625,0.0,0.0,0.0,71.6,55.0,63.381252,0.0,0.0,0.0
4724,2019-04-25 17:15:00,2019-04-25 23:15:00,6.0,5610,6088,7,18,26708.5,Los Angeles,22.0,0.0,7.475,25.0,0.0,1.5,90.0,58.0,73.8455,0.0,0.0,0.0
4726,2019-04-26 18:45:00,2019-04-26 19:00:00,0.25,4558,4558,1,1,1139.5,Los Angeles,15.0,3.0,8.40625,18.0,0.0,2.0625,88.0,58.0,70.14375,0.0,0.0,0.0
4728,2019-04-27 14:45:00,2019-04-27 15:00:00,0.25,3943,3943,1,1,985.75,Los Angeles,12.0,0.0,4.28125,17.0,0.0,1.0625,72.0,51.0,59.375,0.0,0.0,0.0
4730,2019-04-27 15:30:00,2019-04-27 15:45:00,0.25,4247,4247,1,1,1061.75,Los Angeles,19.0,0.0,4.5625,17.0,0.0,0.53125,77.0,52.0,60.44375,0.0,0.0,0.0
4732,2019-04-29 17:00:00,2019-04-29 17:15:00,0.25,3838,3838,1,1,959.5,Los Angeles,23.0,0.0,6.15625,30.0,0.0,2.9375,64.0,47.0,59.99375,0.0802,0.08,0.00250625
4734,2019-04-29 18:00:00,2019-04-29 18:30:00,0.5,8488,8488,2,1,3494.25,Los Angeles,23.0,0.0,7.7083335,28.0,0.0,0.9166667,66.0,48.0,61.095837,0.32,0.16,0.0066666664
4736,2019-04-30 09:30:00,2019-04-30 11:45:00,2.25,6532,6600,4,5,13952.75,Los Angeles,22.0,0.0,5.6875,28.0,0.0,1.46875,64.4,43.0,55.805,0.030199999,0.01,0.00018875
4738,2019-04-30 16:15:00,2019-04-30 16:30:00,0.25,5010,5010,1,1,1252.5,Los Angeles,24.0,0.0,8.78125,0.0,0.0,0.0,64.4,45.0,57.6875,0.0,0.0,0.0
4740,2019-05-01 03:30:00,2019-05-01 04:00:00,0.5,3912,3912,2,1,1955.75,Los Angeles,22.0,0.0,7.75,28.0,0.0,2.3333333,62.6,44.0,56.833332,0.0,0.0,0.0
4742,2019-05-01 12:30:00,2019-05-01 12:45:00,0.25,4964,4964,1,1,1241.0,Los Angeles,12.0,0.0,3.1875,0.0,0.0,0.0,57.0,43.0,51.85,0.0,0.0,0.0
4744,2019-05-01 20:15:00,2019-05-01 21:45:00,1.5,8838,8838,2,4,13211.0,Los Angeles,18.0,0.0,9.241072,22.0,0.0,1.9910715,74.0,56.0,67.64822,1e-04,1e-04,8.9285714e-07
4746,2019-05-02 15:45:00,2019-05-02 16:00:00,0.25,14801,14801,1,1,3700.25,Los Angeles,13.0,0.0,3.34375,0.0,0.0,0.0,64.0,52.0,59.3875,0.0,0.0,0.0
4748,2019-05-04 14:30:00,2019-05-04 14:45:00,0.25,3924,3924,1,1,981.0,Los Angeles,17.0,0.0,3.625,0.0,0.0,0.0,66.0,52.0,58.9625,0.0,0.0,0.0
4750,2019-05-05 16:45:00,2019-05-05 17:30:00,0.75,3858,3858,2,2,2880.0,Los Angeles,23.0,0.0,6.78125,26.0,0.0,1.28125,70.0,0.0,58.68125,0.0,0.0,0.0
4752,2019-05-06 15:30:00,2019-05-06 15:45:00,0.25,3910,3910,1,1,977.5,Los Angeles,19.0,0.0,5.59375,0.0,0.0,0.0,71.6,45.0,59.73125,0.0,0.0,0.0
4754,2019-05-06 16:30:00,2019-05-06 16:45:00,0.25,4235,4235,1,1,1058.75,Los Angeles,18.0,0.0,6.4375,19.0,0.0,0.59375,71.6,45.0,60.94375,0.0,0.0,0.0
4756,2019-05-06 21:00:00,2019-05-06 21:30:00,0.5,4220,4220,2,1,2102.25,Los Angeles,19.0,2.0,9.0,23.0,0.0,2.1458333,68.0,53.0,64.291664,0.0,0.0,0.0
4758,2019-05-07 01:00:00,2019-05-07 02:45:00,1.75,13488,14809,4,4,14748.25,Los Angeles,21.0,0.0,9.6015625,27.0,0.0,2.1015625,66.2,49.0,61.118748,0.0,0.0,0.0
4760,2019-05-07 10:30:00,2019-05-07 10:45:00,0.25,4339,4339,1,1,1084.75,Los Angeles,15.0,0.0,6.0,0.0,0.0,0.0,60.8,47.0,56.149998,0.0,0.0,0.0
4762,2019-05-08 16:15:00,2019-05-08 16:30:00,0.25,4010,4010,1,1,1002.5,Los Angeles,15.0,0.0,6.0625,20.0,0.0,1.25,68.0,53.0,60.48125,1e-04,1e-04,3.125e-06
4764,2019-05-08 18:15:00,2019-05-08 18:30:00,0.25,6653,6653,1,1,1663.25,Los Angeles,13.0,0.0,6.15625,0.0,0.0,0.0,76.0,54.0,63.1375,0.0,0.0,0.0
4766,2019-05-09 19:45:00,2019-05-09 22:00:00,2.25,12221,12307,3,4,14115.75,Los Angeles,22.0,0.0,6.61875,25.0,0.0,0.83125,73.0,50.0,62.986248,0.0,0.0,0.0
4768,2019-05-10 02:45:00,2019-05-10 03:00:00,0.25,4317,4317,1,1,1079.25,Los Angeles,22.0,0.0,6.84375,30.0,0.0,1.71875,62.6,47.0,58.775,0.0,0.0,0.0
4770,2019-05-13 02:30:00,2019-05-13 04:00:00,1.5,5382,5761,3,4,7513.25,Los Angeles,16.0,0.0,7.151786,17.0,0.0,0.30357143,76.0,53.0,63.98571,0.0,0.0,0.0
4772,2019-05-13 16:30:00,2019-05-13 17:00:00,0.5,6914,6914,1,2,3028.25,Los Angeles,15.0,0.0,4.3958335,20.0,0.0,0.7291667,79.0,55.0,64.4375,0.0,0.0,0.0
4774,2019-05-13 17:15:00,2019-05-13 17:45:00,0.5,4313,4313,2,1,2100.25,Los Angeles,15.0,0.0,4.3125,0.0,0.0,0.0,82.0,55.0,64.94583,0.0,0.0,0.0
4776,2019-05-14 16:30:00,2019-05-14 16:45:00,0.25,3808,3808,1,1,952.0,Los Angeles,7.0,0.0,3.21875,0.0,0.0,0.0,79.0,56.0,64.54375,0.0,0.0,0.0
4778,2019-05-14 17:15:00,2019-05-14 17:30:00,0.25,4758,4758,1,1,1189.5,Los Angeles,11.0,0.0,4.625,0.0,0.0,0.0,79.0,56.0,65.56875,0.0,0.0,0.0
4780,2019-05-14 20:15:00,2019-05-14 20:30:00,0.25,3879,3879,1,1,969.75,Los Angeles,17.0,0.0,8.78125,22.0,0.0,1.90625,83.0,58.0,70.612495,0.0,0.0,0.0
4782,2019-05-16 16:30:00,2019-05-16 17:00:00,0.5,4313,4313,2,1,2107.25,Los Angeles,22.0,0.0,10.916667,28.0,0.0,3.7083333,63.0,45.0,58.279163,0.35050002,0.06,0.0073020835
4784,2019-05-16 20:30:00,2019-05-16 21:15:00,0.75,4230,4230,1,3,3091.5,Los Angeles,27.0,8.0,16.25,35.0,0.0,12.46875,68.0,47.0,64.025,1e-04,1e-04,1.5625e-06
4786,2019-05-16 21:30:00,2019-05-17 02:45:00,5.25,15438,20663,12,9,37238.25,Los Angeles,29.0,0.0,14.866477,35.0,0.0,10.420455,68.0,44.0,62.0983,0.21,0.05,0.00059659086
4788,2019-05-17 17:45:00,2019-05-17 18:15:00,0.5,4174,4174,1,2,2081.25,Los Angeles,25.0,0.0,10.666667,35.0,0.0,4.3541665,70.0,41.0,62.537502,0.0,0.0,0.0
4790,2019-05-17 20:00:00,2019-05-17 20:30:00,0.5,6997,6997,2,1,3471.25,Los Angeles,26.0,5.0,13.583333,35.0,0.0,7.5416665,73.4,46.0,65.275,0.0,0.0,0.0
4792,2019-05-18 02:00:00,2019-05-18 02:45:00,0.75,4434,4434,1,3,3288.0,Los Angeles,35.0,0.0,12.203125,44.0,0.0,5.5,68.0,44.0,61.384373,0.0,0.0,0.0
4794,2019-05-18 16:30:00,2019-05-18 16:45:00,0.25,5665,5665,1,1,1416.25,Los Angeles,10.0,0.0,2.875,0.0,0.0,0.0,65.0,54.0,61.43125,0.0,0.0,0.0
4796,2019-05-19 02:30:00,2019-05-19 02:45:00,0.25,8469,8469,1,1,2117.25,Los Angeles,22.0,0.0,8.75,0.0,0.0,0.0,68.0,46.0,59.793747,0.030199999,0.02,0.00094374997
4798,2019-05-21 17:45:00,2019-05-21 21:30:00,3.75,18259,20897,8,8,45515.75,Los Angeles,33.0,0.0,14.011719,41.0,0.0,7.5351562,68.0,48.0,61.908592,0.0002,1e-04,7.8125e-07
4800,2019-05-22 16:15:00,2019-05-22 16:30:00,0.25,4137,4137,1,1,1034.25,Los Angeles,20.0,0.0,10.1875,20.0,0.0,4.46875,66.0,39.0,58.512497,0.0002,1e-04,6.25e-06
4802,2019-05-22 17:45:00,2019-05-22 18:00:00,0.25,7894,7894,1,1,1973.5,Los Angeles,17.0,0.0,9.1875,25.0,0.0,2.5625,67.0,43.0,61.24375,0.0,0.0,0.0
4804,2019-05-23 02:00:00,2019-05-23 02:15:00,0.25,5399,5399,1,1,1349.75,Los Angeles,31.0,0.0,9.875,39.0,0.0,3.28125,65.0,44.0,58.8625,0.0,0.0,0.0
4806,2019-05-23 06:45:00,2019-05-23 07:15:00,0.5,6578,6578,1,2,3209.0,Los Angeles,18.0,0.0,7.3333335,30.0,0.0,1.7291666,59.0,45.0,55.1125,0.0,0.0,0.0
4808,2019-05-23 17:00:00,2019-05-23 17:30:00,0.5,8032,8032,2,1,4015.5,Los Angeles,21.0,0.0,8.3125,25.0,0.0,2.1875,64.0,42.0,57.870834,0.0004,1e-04,8.333333e-06
4810,2019-05-23 19:00:00,2019-05-23 19:15:00,0.25,8143,8143,1,1,2035.75,Los Angeles,20.0,3.0,10.0,28.0,0.0,3.25,64.0,44.0,59.09375,0.0002,1e-04,6.25e-06
4812,2019-05-23 20:15:00,2019-05-23 20:45:00,0.5,4943,4943,1,1,2471.5,Los Angeles,23.0,0.0,10.8125,26.0,0.0,3.3125,65.0,44.0,59.649998,0.010199999,0.01,0.00021249999
4814,2019-05-25 17:00:00,2019-05-25 18:45:00,1.75,8343,8354,5,3,14585.25,Los Angeles,18.0,0.0,7.1875,23.0,0.0,1.2265625,74.0,54.0,63.49844,0.0,0.0,0.0
4816,2019-05-27 16:15:00,2019-05-27 16:45:00,0.5,4209,4209,2,1,2102.0,Los Angeles,23.0,0.0,5.6458335,20.0,0.0,1.2083334,62.6,39.0,56.87917,0.0,0.0,0.0
4818,2019-05-27 17:15:00,2019-05-27 17:30:00,0.25,4326,4326,1,1,1081.5,Los Angeles,23.0,0.0,5.5,18.0,0.0,2.0,66.0,43.0,58.8,0.0,0.0,0.0
4820,2019-05-30 16:00:00,2019-05-30 16:15:00,0.25,3921,3921,1,1,980.25,Los Angeles,6.0,0.0,1.75,0.0,0.0,0.0,73.0,55.0,62.987503,0.0,0.0,0.0
4822,2019-05-30 16:45:00,2019-05-30 17:15:00,0.5,4527,4527,2,1,2263.25,Los Angeles,8.0,0.0,2.8541667,0.0,0.0,0.0,77.0,60.0,66.10833,0.0,0.0,0.0
4824,2019-05-30 18:45:00,2019-05-30 19:15:00,0.5,4798,4798,2,1,2398.75,Los Angeles,15.0,3.0,7.25,16.0,0.0,0.625,82.0,62.0,71.1,0.0,0.0,0.0
4826,2019-05-30 20:00:00,2019-05-30 20:15:00,0.25,5332,5332,1,1,1333.0,Los Angeles,15.0,3.0,8.78125,23.0,0.0,3.8125,84.0,64.0,72.5875,0.0,0.0,0.0
4828,2019-05-30 21:15:00,2019-05-30 21:30:00,0.25,4334,4334,1,1,1083.5,Los Angeles,19.0,3.0,10.21875,20.0,0.0,1.71875,86.0,62.0,73.15,0.0,0.0,0.0
4830,2019-05-30 22:30:00,2019-05-31 00:00:00,1.5,12296,12298,3,4,11711.75,Los Angeles,22.0,0.0,10.017858,26.0,0.0,3.7232144,87.0,62.0,72.85893,0.0,0.0,0.0
4832,2019-05-31 00:15:00,2019-05-31 00:30:00,0.25,3837,3837,1,1,959.25,Los Angeles,21.0,5.0,10.1875,19.0,0.0,1.1875,83.0,62.0,71.93125,0.0,0.0,0.0
4834,2019-05-31 02:00:00,2019-05-31 05:00:00,3.0,9339,9636,8,5,16492.25,Los Angeles,15.0,0.0,7.2259617,17.0,0.0,0.08173077,78.0,53.0,62.815384,0.0,0.0,0.0
4836,2019-05-31 08:15:00,2019-05-31 09:00:00,0.75,5109,5109,1,1,3831.75,Los Angeles,11.0,0.0,5.453125,0.0,0.0,0.0,68.0,53.0,59.646873,0.0,0.0,0.0
4838,2019-06-03 18:00:00,2019-06-03 18:30:00,0.5,5711,5711,1,2,2763.5,Los Angeles,13.0,0.0,5.4583335,20.0,0.0,1.25,83.0,54.0,66.17083,0.0,0.0,0.0
4840,2019-06-05 23:30:00,2019-06-06 00:30:00,1.0,6193,6224,2,3,4908.75,Los Angeles,22.0,0.0,9.6625,26.0,0.0,1.5625,96.0,59.0,74.21,0.0,0.0,0.0
4842,2019-06-06 15:15:00,2019-06-06 15:30:00,0.25,28651,28651,1,1,7162.75,Los Angeles,14.0,0.0,3.4375,0.0,0.0,0.0,81.0,56.0,64.7375,0.0,0.0,0.0
4844,2019-06-06 15:45:00,2019-06-06 16:30:00,0.75,23974,23974,2,2,12683.75,Los Angeles,16.0,0.0,3.0625,0.0,0.0,0.0,85.0,57.0,66.30313,0.0,0.0,0.0
4846,2019-06-06 17:00:00,2019-06-06 17:15:00,0.25,15839,15839,1,1,3959.75,Los Angeles,17.0,0.0,4.65625,0.0,0.0,0.0,88.0,57.0,68.524994,0.0,0.0,0.0
4848,2019-06-07 05:00:00,2019-06-07 06:00:00,1.0,6158,6158,4,1,4787.0,Los Angeles,16.0,0.0,6.175,0.0,0.0,0.0,72.0,56.0,63.1125,0.0,0.0,0.0
4850,2019-06-07 06:15:00,2019-06-07 07:30:00,1.25,4103,4103,3,3,5024.0,Los Angeles,16.0,0.0,7.0208335,18.0,0.0,0.1875,71.0,55.0,63.041668,0.0,0.0,0.0
4852,2019-06-07 13:15:00,2019-06-07 13:30:00,0.25,4487,4487,1,1,1121.75,Los Angeles,12.0,0.0,3.5,0.0,0.0,0.0,63.0,55.0,60.912502,0.0002,1e-04,6.25e-06
4854,2019-06-08 09:00:00,2019-06-08 09:15:00,0.25,5010,5010,1,1,1252.5,Los Angeles,24.0,0.0,7.21875,35.0,0.0,2.1875,66.2,52.0,60.65625,0.0,0.0,0.0
4856,2019-06-09 19:45:00,2019-06-09 21:15:00,1.5,4616,4646,4,2,6503.0,Los Angeles,21.0,2.0,9.205358,29.0,0.0,4.142857,98.0,67.0,81.71429,0.0,0.0,0.0
4858,2019-06-10 05:30:00,2019-06-10 05:45:00,0.25,8314,8314,1,1,2078.5,Los Angeles,15.0,0.0,5.34375,0.0,0.0,0.0,78.8,59.0,69.024994,0.0,0.0,0.0
4860,2019-06-10 09:00:00,2019-06-10 11:15:00,2.25,4184,4241,2,6,9272.0,Los Angeles,13.0,0.0,3.1,0.0,0.0,0.0,77.0,57.0,65.895004,0.0,0.0,0.0
4862,2019-06-10 12:00:00,2019-06-10 12:30:00,0.5,4917,4917,2,1,2346.5,Los Angeles,12.0,0.0,3.8958333,0.0,0.0,0.0,78.0,56.0,65.25417,0.0,0.0,0.0
4864,2019-06-11 15:15:00,2019-06-11 16:00:00,0.75,30651,30651,2,2,14435.25,Los Angeles,9.0,0.0,2.84375,0.0,0.0,0.0,84.2,62.0,75.100006,0.0,0.0,0.0
4866,2019-06-11 18:00:00,2019-06-11 18:15:00,0.25,12465,12465,1,1,3116.25,Los Angeles,10.0,0.0,4.375,0.0,0.0,0.0,93.0,67.0,82.95,0.0,0.0,0.0
4868,2019-06-11 19:00:00,2019-06-11 20:00:00,1.0,6748,6748,3,2,6502.75,Los Angeles,11.0,0.0,5.9625,0.0,0.0,0.0,101.0,68.0,86.5125,0.0,0.0,0.0
4870,2019-06-12 02:15:00,2019-06-12 02:30:00,0.25,6231,6231,1,1,1557.75,Los Angeles,14.0,0.0,7.125,0.0,0.0,0.0,95.0,64.0,80.58125,0.0,0.0,0.0
4872,2019-06-12 14:45:00,2019-06-12 15:00:00,0.25,5197,5197,1,1,1299.25,Los Angeles,6.0,0.0,2.375,0.0,0.0,0.0,81.0,61.0,70.7375,0.0,0.0,0.0
4874,2019-06-12 20:45:00,2019-06-12 21:15:00,0.5,4283,4283,1,2,2133.25,Los Angeles,21.0,5.0,10.791667,26.0,0.0,3.4375,99.0,66.0,80.895836,0.0,0.0,0.0
4876,2019-06-13 15:00:00,2019-06-13 15:45:00,0.75,4843,4843,2,2,3428.25,Los Angeles,18.0,0.0,5.109375,17.0,0.0,0.265625,84.0,54.0,65.681244,0.0,0.0,0.0
4878,2019-06-13 18:30:00,2019-06-13 18:45:00,0.25,5788,5788,1,1,1447.0,Los Angeles,20.0,0.0,7.6875,15.0,0.0,0.46875,91.0,62.0,70.81875,0.0,0.0,0.0
4880,2019-06-13 19:45:00,2019-06-13 20:00:00,0.25,5835,5835,1,1,1458.75,Los Angeles,22.0,0.0,9.0,31.0,0.0,0.96875,91.0,64.0,72.5,0.0,0.0,0.0
4882,2019-06-17 14:15:00,2019-06-17 14:30:00,0.25,4219,4219,1,1,1054.75,Los Angeles,12.0,0.0,4.0,0.0,0.0,0.0,67.0,56.0,62.325,0.0,0.0,0.0
4884,2019-06-17 15:30:00,2019-06-17 15:45:00,0.25,6038,6038,1,1,1509.5,Los Angeles,12.0,0.0,3.21875,0.0,0.0,0.0,79.0,57.0,64.825,0.0,0.0,0.0
4886,2019-06-17 16:00:00,2019-06-17 16:15:00,0.25,5669,5669,1,1,1417.25,Los Angeles,6.0,0.0,3.125,0.0,0.0,0.0,79.0,57.0,65.60625,0.0,0.0,0.0
4888,2019-06-18 16:30:00,2019-06-18 16:45:00,0.25,5130,5130,1,1,1282.5,Los Angeles,11.0,0.0,3.59375,0.0,0.0,0.0,88.0,57.0,67.0625,0.0,0.0,0.0
4890,2019-06-19 00:30:00,2019-06-19 01:00:00,0.5,5414,5414,1,2,2704.25,Los Angeles,22.0,0.0,8.895833,24.0,0.0,0.5,94.0,60.0,72.399994,0.0,0.0,0.0
4892,2019-06-19 15:30:00,2019-06-19 15:45:00,0.25,6103,6103,1,1,1525.75,Los Angeles,10.0,0.0,3.03125,16.0,0.0,0.5,88.0,60.0,67.693756,0.0,0.0,0.0
4894,2019-06-19 16:00:00,2019-06-19 16:15:00,0.25,3973,3973,1,1,993.25,Los Angeles,10.0,0.0,3.3125,16.0,0.0,1.0,88.0,60.0,68.162506,0.0,0.0,0.0
4896,2019-06-19 16:30:00,2019-06-19 16:45:00,0.25,4080,4080,1,1,1020.0,Los Angeles,14.0,0.0,3.65625,16.0,0.0,0.5,92.0,60.0,68.99375,0.0,0.0,0.0
4898,2019-06-19 17:00:00,2019-06-19 17:15:00,0.25,3953,3953,1,1,988.25,Los Angeles,14.0,0.0,3.5625,0.0,0.0,0.0,92.0,60.0,69.7625,0.0,0.0,0.0
4900,2019-06-19 19:15:00,2019-06-19 19:45:00,0.5,17019,17019,1,2,5379.0,Los Angeles,11.0,0.0,6.5208335,14.0,0.0,0.29166666,101.0,62.6,75.525,0.0,0.0,0.0
4902,2019-06-19 20:00:00,2019-06-19 21:00:00,1.0,4943,4943,1,4,4916.75,Los Angeles,19.0,0.0,8.3625,23.0,0.0,0.725,101.0,61.0,77.545,0.0,0.0,0.0
4904,2019-06-20 04:30:00,2019-06-20 04:45:00,0.25,4025,4025,1,1,1006.25,Los Angeles,19.0,0.0,7.59375,0.0,0.0,0.0,79.0,58.0,65.600006,0.0,0.0,0.0
4906,2019-06-20 08:00:00,2019-06-20 09:15:00,1.25,3825,3835,2,2,4777.25,Los Angeles,18.0,0.0,5.3333335,23.0,0.0,0.6770833,73.0,56.0,64.25,0.0,0.0,0.0
4908,2019-06-20 16:45:00,2019-06-20 17:00:00,0.25,4696,4696,1,1,1174.0,Los Angeles,24.0,0.0,6.40625,31.0,0.0,0.96875,83.0,57.0,66.6125,0.0,0.0,0.0
4910,2019-06-21 12:15:00,2019-06-21 12:45:00,0.5,5917,5917,1,1,2958.5,Los Angeles,23.0,0.0,4.8541665,31.0,0.0,2.7916667,63.0,50.0,59.62917,0.1104,0.03,0.0023
4912,2019-06-21 14:15:00,2019-06-21 14:45:00,0.5,4014,4014,2,1,2005.25,Los Angeles,22.0,0.0,4.1875,18.0,0.0,0.375,67.0,51.0,60.93333,0.0403,0.02,0.00083958334
4914,2019-06-24 14:00:00,2019-06-24 14:15:00,0.25,4442,4442,1,1,1110.5,Los Angeles,10.0,0.0,3.28125,0.0,0.0,0.0,75.0,56.0,63.068752,1e-04,1e-04,3.125e-06
4916,2019-06-24 20:45:00,2019-06-24 21:00:00,0.25,4750,4750,1,1,1187.5,Los Angeles,20.0,0.0,7.84375,22.0,0.0,1.75,94.0,61.0,73.350006,0.0,0.0,0.0
4918,2019-06-25 15:30:00,2019-06-25 15:45:00,0.25,6115,6115,1,1,1528.75,Los Angeles,16.0,2.0,5.15625,0.0,0.0,0.0,83.0,56.0,65.5,0.0002,1e-04,6.25e-06
4920,2019-06-26 17:45:00,2019-06-26 18:00:00,0.25,14471,14471,1,1,3617.75,Los Angeles,14.0,0.0,6.21875,18.0,0.0,0.5625,84.0,61.0,67.4125,0.0,0.0,0.0
4922,2019-06-26 21:00:00,2019-06-26 23:00:00,2.0,10636,11964,3,6,10992.0,Los Angeles,23.0,0.0,9.173611,29.0,0.0,2.9513888,87.0,59.0,72.91389,0.0,0.0,0.0
4924,2019-06-27 05:45:00,2019-06-27 07:15:00,1.5,5199,5199,1,2,7573.25,Los Angeles,17.0,0.0,6.625,24.0,0.0,0.64285713,71.0,56.0,64.47321,0.0,0.0,0.0
4926,2019-06-27 23:15:00,2019-06-28 00:00:00,0.75,4117,4117,1,3,3068.5,Los Angeles,23.0,0.0,10.484375,15.0,0.0,0.234375,87.0,64.0,75.681244,0.0,0.0,0.0
4929,2019-06-30 05:30:00,2019-06-30 07:15:00,1.75,6535,7424,3,5,8973.75,Los Angeles,14.0,0.0,5.5234375,0.0,0.0,0.0,78.8,61.0,69.953125,0.0,0.0,0.0
4931,2019-07-01 17:00:00,2019-07-01 17:15:00,0.25,13003,13003,1,1,3250.75,Los Angeles,21.0,0.0,5.21875,26.0,0.0,1.625,85.0,65.0,75.425,0.0,0.0,0.0
4933,2019-07-01 18:15:00,2019-07-01 18:30:00,0.25,3928,3928,1,1,982.0,Los Angeles,21.0,0.0,7.78125,20.0,0.0,1.0625,88.0,66.0,78.44375,0.0,0.0,0.0
4935,2019-07-01 19:15:00,2019-07-01 19:30:00,0.25,3973,3973,1,1,993.25,Los Angeles,21.0,4.0,9.25,0.0,0.0,0.0,91.0,67.0,79.6,0.0,0.0,0.0
4937,2019-07-02 02:15:00,2019-07-02 05:45:00,3.5,4723,4802,7,7,15028.0,Los Angeles,23.0,0.0,7.829167,27.0,0.0,1.1791667,86.0,60.0,71.95,0.0,0.0,0.0
4939,2019-07-03 08:15:00,2019-07-03 08:30:00,0.25,4108,4108,1,1,1027.0,Los Angeles,19.0,0.0,6.65625,23.0,0.0,1.4375,75.2,59.0,67.33125,0.0,0.0,0.0
4941,2019-07-05 04:30:00,2019-07-05 05:00:00,0.5,22799,22799,2,1,11167.0,Los Angeles,14.0,0.0,6.9791665,25.0,0.0,1.0416666,75.0,56.0,66.6625,0.0,0.0,0.0
4943,2019-07-05 15:45:00,2019-07-05 16:30:00,0.75,4676,4706,2,2,3418.5,Los Angeles,13.0,0.0,3.625,21.0,0.0,1.3125,81.0,33.8,65.37813,0.0,0.0,0.0
4945,2019-07-05 18:15:00,2019-07-05 19:15:00,1.0,3994,3994,2,3,3990.75,Los Angeles,13.0,0.0,5.7375,17.0,0.0,0.6,89.0,59.0,73.17,0.0,0.0,0.0
4947,2019-07-06 04:15:00,2019-07-06 04:30:00,0.25,4274,4274,1,1,1068.5,Los Angeles,16.0,0.0,7.4375,0.0,0.0,0.0,77.0,56.0,68.53125,0.0,0.0,0.0
4951,2019-07-08 06:15:00,2019-07-08 07:30:00,1.25,5495,5495,2,1,6867.75,Los Angeles,17.0,0.0,6.4166665,0.0,0.0,0.0,73.4,57.0,65.67917,0.0,0.0,0.0
4953,2019-07-08 17:15:00,2019-07-08 17:30:00,0.25,3875,3875,1,1,968.75,Los Angeles,17.0,0.0,5.375,19.0,0.0,0.59375,78.0,58.0,66.306244,0.0,0.0,0.0
4955,2019-07-09 16:45:00,2019-07-09 17:00:00,0.25,4484,4484,1,1,1121.0,Los Angeles,9.0,0.0,4.21875,0.0,0.0,0.0,80.0,60.0,69.5375,0.0,0.0,0.0
4957,2019-07-09 17:45:00,2019-07-09 18:00:00,0.25,4249,4249,1,1,1062.25,Los Angeles,11.0,0.0,5.21875,16.0,0.0,0.5,83.0,60.0,71.325,0.0,0.0,0.0
4959,2019-07-09 20:45:00,2019-07-09 21:00:00,0.25,4669,4669,1,1,1167.25,Los Angeles,16.0,0.0,8.0625,19.0,0.0,1.59375,90.0,64.0,77.5625,0.0,0.0,0.0
4961,2019-07-11 03:30:00,2019-07-11 08:00:00,4.5,4808,4956,7,10,20867.5,Los Angeles,17.0,0.0,5.7105265,21.0,0.0,0.13815789,85.0,58.0,69.43092,0.0,0.0,0.0
4963,2019-07-12 03:30:00,2019-07-12 04:30:00,1.0,5706,5706,2,3,5293.0,Los Angeles,16.0,0.0,6.6625,23.0,0.0,1.15,88.0,59.0,72.675,0.0,0.0,0.0
4965,2019-07-12 22:45:00,2019-07-12 23:00:00,0.25,108111,108111,1,1,27027.75,Los Angeles,19.0,3.0,9.84375,21.0,0.0,2.3125,104.0,68.0,84.8,0.0,0.0,0.0
4967,2019-07-13 09:45:00,2019-07-13 11:45:00,2.0,16599,21603,5,3,14363.25,Los Angeles,12.0,0.0,1.8402778,0.0,0.0,0.0,75.0,57.0,67.149994,0.0,0.0,0.0
4969,2019-07-15 00:00:00,2019-07-15 01:00:00,1.0,6641,6641,3,2,4856.0,Los Angeles,19.0,0.0,9.275,24.0,0.0,1.2875,99.0,63.0,81.4875,0.0,0.0,0.0
4971,2019-07-15 17:15:00,2019-07-15 17:30:00,0.25,6646,6646,1,1,1661.5,Los Angeles,18.0,0.0,5.65625,0.0,0.0,0.0,92.0,66.0,78.3875,0.0,0.0,0.0
4973,2019-07-16 17:45:00,2019-07-16 19:00:00,1.25,5891,5891,3,3,6480.5,Los Angeles,17.0,0.0,7.5104165,21.0,0.0,1.7916666,96.0,66.0,79.725,0.0,0.0,0.0
4975,2019-07-16 20:15:00,2019-07-16 20:30:00,0.25,4301,4301,1,1,1075.25,Los Angeles,19.0,0.0,9.59375,19.0,0.0,2.75,96.0,67.0,82.21875,0.0,0.0,0.0
4977,2019-07-17 23:00:00,2019-07-17 23:30:00,0.5,4226,4226,2,1,2101.75,Los Angeles,22.0,0.0,9.9375,29.0,0.0,5.2916665,92.0,64.0,78.1875,0.0,0.0,0.0
4979,2019-07-18 11:00:00,2019-07-18 12:45:00,1.75,4593,5318,4,3,7660.0,Los Angeles,15.0,0.0,3.5703125,0.0,0.0,0.0,71.0,59.0,65.78438,0.0,0.0,0.0
4981,2019-07-18 14:00:00,2019-07-18 14:15:00,0.25,4433,4433,1,1,1108.25,Los Angeles,11.0,0.0,2.84375,0.0,0.0,0.0,72.0,59.0,66.08125,0.0,0.0,0.0
4983,2019-07-18 16:30:00,2019-07-18 16:45:00,0.25,4699,4699,1,1,1174.75,Los Angeles,14.0,0.0,5.21875,0.0,0.0,0.0,86.0,61.0,71.693756,0.0,0.0,0.0
4985,2019-07-20 03:15:00,2019-07-20 03:30:00,0.25,3990,3990,1,1,997.5,Los Angeles,19.0,4.0,9.725625,16.0,0.0,1.0,77.0,58.0,69.068756,0.0,0.0,0.0
4987,2019-07-22 06:30:00,2019-07-22 06:45:00,0.25,16526,16526,1,1,4131.5,Los Angeles,13.0,0.0,6.28125,0.0,0.0,0.0,83.0,-0.9,67.13125,0.0,0.0,0.0
4989,2019-07-22 12:45:00,2019-07-22 13:00:00,0.25,4655,4655,1,1,1163.75,Los Angeles,13.0,0.0,2.4375,0.0,0.0,0.0,83.0,51.0,65.4375,0.0,0.0,0.0
4991,2019-07-22 16:45:00,2019-07-22 19:30:00,2.75,5170,5175,7,4,13996.25,Los Angeles,13.0,0.0,5.1979165,0.0,0.0,0.0,99.0,51.0,76.22813,0.0,0.0,0.0
4993,2019-07-23 03:30:00,2019-07-23 04:00:00,0.5,3886,3886,2,1,1927.75,Los Angeles,14.0,2.0,6.75,14.0,0.0,0.29166666,89.0,63.0,76.308334,0.0,0.0,0.0
4995,2019-07-23 04:30:00,2019-07-23 05:15:00,0.75,6829,6849,2,2,4088.75,Los Angeles,14.0,0.0,5.9375,0.0,0.0,0.0,88.0,63.0,76.08437,0.0,0.0,0.0
4997,2019-07-24 06:15:00,2019-07-24 07:00:00,0.75,3897,3897,3,1,2888.0,Los Angeles,14.0,0.0,5.296875,0.0,0.0,0.0,91.4,63.0,77.268745,0.0,0.0,0.0
4999,2019-07-25 01:15:00,2019-07-25 01:30:00,0.25,4122,4122,1,1,1030.5,Los Angeles,21.0,0.0,9.96875,0.0,0.0,0.0,100.0,68.0,85.9875,0.0,0.0,0.0
5001,2019-07-25 03:00:00,2019-07-25 04:00:00,1.0,5773,5826,3,2,5720.5,Los Angeles,19.0,0.0,7.8125,26.0,0.0,1.8,90.0,66.0,79.0075,0.0,0.0,0.0
5003,2019-07-25 18:15:00,2019-07-25 18:30:00,0.25,13207,13207,1,1,3301.75,Los Angeles,13.0,0.0,4.25,0.0,0.0,0.0,88.0,71.0,82.025,1e-04,1e-04,3.125e-06
5005,2019-07-27 04:15:00,2019-07-27 06:00:00,1.75,7748,8188,5,3,10594.25,Los Angeles,19.0,0.0,5.7421875,24.0,0.0,0.375,88.0,63.0,77.192184,0.0,0.0,0.0
5007,2019-07-27 06:45:00,2019-07-27 07:00:00,0.25,4171,4171,1,1,1042.75,Los Angeles,14.0,0.0,6.03125,26.0,0.0,1.625,86.0,62.0,75.825,0.0,0.0,0.0
5009,2019-07-28 22:15:00,2019-07-28 22:30:00,0.25,8836,8836,1,1,2209.0,Los Angeles,23.0,0.0,10.3125,28.0,0.0,1.375,106.0,65.0,83.950005,0.0,0.0,0.0
5011,2019-08-03 04:00:00,2019-08-03 06:00:00,2.0,10719,10720,6,3,18389.5,Los Angeles,18.0,0.0,6.4444447,23.0,0.0,0.6388889,86.0,60.0,74.51667,0.0,0.0,0.0
5013,2019-08-04 17:30:00,2019-08-04 17:45:00,0.25,3857,3857,1,1,964.25,Los Angeles,12.0,0.0,6.15625,0.0,0.0,0.0,96.0,62.0,79.23125,0.0,0.0,0.0
5015,2019-08-05 01:45:00,2019-08-05 07:00:00,5.25,6893,8018,9,12,29238.25,Los Angeles,21.0,0.0,6.5397725,25.0,0.0,0.19318181,92.0,59.0,74.40341,0.0,0.0,0.0
5017,2019-08-06 03:45:00,2019-08-06 04:45:00,1.0,7308,7308,1,4,6518.0,Los Angeles,11.0,0.0,6.4,0.0,0.0,0.0,86.0,60.0,74.725,0.0,0.0,0.0
5019,2019-08-07 15:45:00,2019-08-07 17:15:00,1.5,6982,9142,2,5,8989.25,Los Angeles,15.0,0.0,5.276786,18.0,0.0,0.3125,93.2,60.0,72.6125,0.0,0.0,0.0
5021,2019-08-08 16:45:00,2019-08-08 17:00:00,0.25,7647,7647,1,1,1911.75,Los Angeles,9.0,0.0,3.78125,0.0,0.0,0.0,90.0,64.0,73.075005,0.0,0.0,0.0
5023,2019-08-10 23:30:00,2019-08-10 23:45:00,0.25,8930,8930,1,1,2232.5,Los Angeles,21.0,6.0,11.5,21.0,0.0,3.21875,89.0,64.0,77.899994,0.0,0.0,0.0
5025,2019-08-13 04:00:00,2019-08-13 04:15:00,0.25,4655,4655,1,1,1163.75,Los Angeles,11.0,0.0,6.40625,0.0,0.0,0.0,81.0,61.0,70.6875,0.0,0.0,0.0
5027,2019-08-13 10:45:00,2019-08-13 12:30:00,1.75,4613,4613,1,4,8031.75,Los Angeles,13.0,0.0,2.4375,0.0,0.0,0.0,70.0,59.0,64.29375,0.0,0.0,0.0
5029,2019-08-14 17:30:00,2019-08-14 17:45:00,0.25,5032,5032,1,1,1258.0,Los Angeles,9.0,0.0,4.875,0.0,0.0,0.0,94.0,62.0,78.84375,0.0,0.0,0.0
5031,2019-08-15 03:30:00,2019-08-15 05:30:00,2.0,9814,9902,3,6,12599.0,Los Angeles,14.0,0.0,6.673611,0.0,0.0,0.0,89.0,59.0,73.10972,0.0,0.0,0.0
5033,2019-08-15 09:00:00,2019-08-15 11:30:00,2.5,5096,5584,5,5,10988.75,Los Angeles,14.0,0.0,3.1875,0.0,0.0,0.0,78.0,57.0,64.917046,0.0,0.0,0.0
5035,2019-08-16 02:00:00,2019-08-16 02:45:00,0.75,3890,3894,2,2,2882.0,Los Angeles,20.0,3.0,8.828125,20.0,0.0,0.3125,94.0,60.0,76.75625,0.0,0.0,0.0
5037,2019-08-17 00:15:00,2019-08-17 00:30:00,0.25,4493,4493,1,1,1123.25,Los Angeles,23.0,4.0,10.84375,0.0,0.0,0.0,96.0,64.0,78.90625,0.0,0.0,0.0
5039,2019-08-17 02:45:00,2019-08-17 03:45:00,1.0,3979,3979,1,3,3978.0,Los Angeles,22.0,3.0,8.6625,24.0,0.0,0.775,85.0,58.0,70.335,0.0,0.0,0.0
5041,2019-08-17 19:30:00,2019-08-17 21:15:00,1.75,4621,4635,3,4,7846.5,Los Angeles,26.0,0.0,9.625,30.0,0.0,2.2734375,93.0,64.0,77.890625,0.0,0.0,0.0
5043,2019-08-18 10:00:00,2019-08-18 10:15:00,0.25,3838,3838,1,1,959.5,Los Angeles,14.0,0.0,4.21875,0.0,0.0,0.0,74.0,59.0,65.912506,0.0,0.0,0.0
5045,2019-08-21 15:30:00,2019-08-21 16:00:00,0.5,4399,4399,1,2,2053.5,Los Angeles,19.0,0.0,2.4166667,0.0,0.0,0.0,80.0,61.0,73.07083,0.0,0.0,0.0
5047,2019-08-21 17:00:00,2019-08-21 17:30:00,0.5,4992,4992,1,2,2281.5,Los Angeles,14.0,0.0,3.25,0.0,0.0,0.0,87.8,65.0,78.34583,0.0,0.0,0.0
5049,2019-08-22 14:00:00,2019-08-22 15:00:00,1.0,4067,4067,2,3,4050.5,Los Angeles,15.0,0.0,5.0125,23.0,0.0,0.8625,78.0,62.6,68.215004,0.0,0.0,0.0
5051,2019-08-23 19:45:00,2019-08-23 20:00:00,0.25,6476,6476,1,1,1619.0,Los Angeles,17.0,0.0,6.53125,21.0,0.0,1.125,95.0,67.0,78.287506,0.0,0.0,0.0
5054,2019-08-26 17:15:00,2019-08-26 17:45:00,0.5,6298,6298,2,1,3024.75,Los Angeles,13.0,0.0,4.9166665,0.0,0.0,0.0,93.0,69.0,83.4,0.0,0.0,0.0
5056,2019-08-26 20:45:00,2019-08-26 21:00:00,0.25,5545,5545,1,1,1386.25,Los Angeles,13.0,0.0,8.0,17.0,0.0,1.46875,102.0,71.0,87.362495,0.0,0.0,0.0
5058,2019-08-26 23:45:00,2019-08-27 00:15:00,0.5,6152,6152,1,2,3075.5,Los Angeles,18.0,4.0,10.145833,21.0,0.0,0.8125,101.0,68.0,85.42501,0.0,0.0,0.0
5060,2019-08-28 19:30:00,2019-08-28 19:45:00,0.25,6108,6108,1,1,1527.0,Los Angeles,17.0,3.0,8.96875,23.0,0.0,3.34375,97.0,69.0,81.8625,0.0,0.0,0.0
5062,2019-08-29 02:45:00,2019-08-29 03:00:00,0.25,4927,4927,1,1,1231.75,Los Angeles,17.0,3.0,7.9375,0.0,0.0,0.0,84.0,63.0,73.75,0.0,0.0,0.0
5064,2019-08-29 19:15:00,2019-08-29 19:30:00,0.25,8865,8865,1,1,2216.25,Los Angeles,14.0,3.0,7.375,15.0,0.0,1.40625,95.0,69.0,83.237495,0.0,0.0,0.0
5066,2019-08-30 03:00:00,2019-08-30 04:15:00,1.25,5604,6251,2,4,6485.75,Los Angeles,18.0,0.0,6.7708335,0.0,0.0,0.0,87.0,67.0,77.177086,0.0,0.0,0.0
5068,2019-08-30 15:00:00,2019-08-30 15:15:00,0.25,9972,9972,1,1,2493.0,Los Angeles,8.0,0.0,1.65625,0.0,0.0,0.0,80.0,65.0,73.850006,0.0,0.0,0.0
5070,2019-08-31 02:00:00,2019-08-31 03:30:00,1.5,4453,4468,2,3,6322.0,Los Angeles,19.0,0.0,7.696429,0.0,0.0,0.0,89.0,65.0,77.73393,0.0,0.0,0.0
5072,2019-09-02 05:30:00,2019-09-02 15:30:00,10.0,7602,9907,13,17,49233.5,Los Angeles,17.0,0.0,3.4618902,18.0,0.0,0.1554878,87.0,62.0,72.58171,0.0,0.0,0.0
5074,2019-09-04 01:15:00,2019-09-04 06:45:00,5.5,5351,5372,10,9,27133.75,Los Angeles,19.0,0.0,6.3016305,20.0,0.0,0.10869565,96.0,64.0,79.684784,0.0,0.0,0.0
5076,2019-09-05 03:30:00,2019-09-05 04:00:00,0.5,4792,4792,1,2,2254.5,Los Angeles,13.0,0.0,5.75,0.0,0.0,0.0,88.0,66.0,79.475,0.0,0.0,0.0
5078,2019-09-05 08:15:00,2019-09-05 08:30:00,0.25,4507,4507,1,1,1126.75,Los Angeles,11.0,0.0,3.875,0.0,0.0,0.0,85.0,65.0,76.58125,0.0,0.0,0.0
5080,2019-09-05 15:45:00,2019-09-05 16:00:00,0.25,4450,4450,1,1,1112.5,Los Angeles,7.0,0.0,2.46875,0.0,0.0,0.0,83.0,68.0,79.1875,0.0,0.0,0.0
5082,2019-09-05 16:45:00,2019-09-05 17:15:00,0.5,7050,7050,2,1,3492.5,Los Angeles,7.0,0.0,3.3125,0.0,0.0,0.0,87.0,70.0,82.67917,0.0,0.0,0.0
5084,2019-09-06 05:45:00,2019-09-06 06:30:00,0.75,6366,6380,2,2,3868.0,Los Angeles,12.0,0.0,4.78125,0.0,0.0,0.0,86.0,63.0,77.265625,0.0,0.0,0.0
5086,2019-09-06 07:00:00,2019-09-06 07:30:00,0.5,6469,6469,2,1,3079.25,Los Angeles,12.0,0.0,4.9375,0.0,0.0,0.0,86.0,64.0,76.854164,0.0,0.0,0.0
5088,2019-09-06 08:15:00,2019-09-06 08:30:00,0.25,7869,7869,1,1,1967.25,Los Angeles,12.0,0.0,4.28125,0.0,0.0,0.0,86.0,64.0,75.78125,0.0,0.0,0.0
5090,2019-09-06 09:00:00,2019-09-06 09:30:00,0.5,4690,4690,2,1,2338.5,Los Angeles,9.0,0.0,2.8958333,0.0,0.0,0.0,84.2,65.0,73.39166,0.0,0.0,0.0
5092,2019-09-08 20:15:00,2019-09-08 21:30:00,1.25,5074,5074,3,3,5899.75,Los Angeles,32.0,0.0,12.083333,37.0,0.0,3.3541667,84.0,67.0,76.79583,0.0,0.0,0.0
5094,2019-09-08 22:30:00,2019-09-08 22:45:00,0.25,6577,6577,1,1,1644.25,Los Angeles,31.0,6.0,11.875,25.0,0.0,2.78125,86.0,68.0,77.075,0.0,0.0,0.0
5096,2019-09-09 11:15:00,2019-09-09 11:30:00,0.25,7405,7405,1,1,1851.25,Los Angeles,24.0,0.0,3.5625,31.0,0.0,1.9375,68.0,55.0,63.35625,0.0,0.0,0.0
5098,2019-09-09 17:45:00,2019-09-09 19:45:00,2.0,4086,4086,4,5,7947.25,Los Angeles,18.0,0.0,7.6527777,27.0,0.0,2.4097223,86.0,66.0,75.9375,0.0,0.0,0.0
5100,2019-09-09 23:45:00,2019-09-10 00:00:00,0.25,4621,4621,1,1,1155.25,Los Angeles,22.0,5.0,10.1875,18.0,0.0,1.4375,85.0,68.0,75.8875,0.0,0.0,0.0
5102,2019-09-10 18:45:00,2019-09-10 19:00:00,0.25,3939,3939,1,1,984.75,Los Angeles,21.0,0.0,8.28125,25.0,0.0,2.21875,76.0,66.0,72.99375,0.0,0.0,0.0
5104,2019-09-12 16:15:00,2019-09-12 16:30:00,0.25,14807,14807,1,1,3701.75,Los Angeles,17.0,0.0,2.9375,24.0,0.0,1.5,79.0,64.0,72.01875,0.0,0.0,0.0
5106,2019-09-13 20:00:00,2019-09-13 20:15:00,0.25,3804,3804,1,1,951.0,Los Angeles,14.0,4.0,7.5625,0.0,0.0,0.0,99.0,70.0,88.6625,0.0,0.0,0.0
5108,2019-09-14 21:00:00,2019-09-14 22:00:00,1.0,5718,5986,3,2,5337.0,Los Angeles,14.0,0.0,7.8375,18.0,0.0,1.05,101.0,75.0,90.9175,0.0,0.0,0.0
5110,2019-09-16 05:30:00,2019-09-16 07:30:00,2.0,6309,6988,3,3,11000.25,Los Angeles,15.0,0.0,4.9375,18.0,0.0,0.125,78.0,63.0,70.86389,0.0,0.0,0.0
5112,2019-09-17 02:15:00,2019-09-17 02:30:00,0.25,4281,4281,1,1,1070.25,Los Angeles,17.0,3.0,9.0,19.0,0.0,1.1875,78.8,62.0,71.39375,0.0,0.0,0.0
5114,2019-09-17 20:30:00,2019-09-17 21:15:00,0.75,4987,5018,2,2,3683.0,Los Angeles,17.0,0.0,8.359375,0.0,0.0,0.0,84.2,67.0,78.078125,0.0,0.0,0.0
5116,2019-09-17 21:30:00,2019-09-17 21:45:00,0.25,3888,3888,1,1,972.0,Los Angeles,17.0,3.0,9.25,19.0,0.0,1.0625,85.0,67.0,77.99375,0.0,0.0,0.0
5118,2019-09-18 18:15:00,2019-09-18 18:30:00,0.25,4225,4225,1,1,1056.25,Los Angeles,15.0,0.0,6.90625,18.0,0.0,1.625,80.0,68.0,74.89375,0.0,0.0,0.0
5120,2019-09-19 04:30:00,2019-09-19 05:00:00,0.5,5234,5234,2,1,2594.5,Los Angeles,16.0,0.0,4.5,0.0,0.0,0.0,73.4,57.0,67.958336,0.0,0.0,0.0
5122,2019-09-19 10:30:00,2019-09-19 10:45:00,0.25,4963,4963,1,1,1240.75,Los Angeles,21.0,0.0,5.25,0.0,0.0,0.0,69.0,52.0,64.118744,0.0,0.0,0.0
5124,2019-09-20 03:00:00,2019-09-20 04:15:00,1.25,4720,4742,2,4,5776.75,Los Angeles,25.0,0.0,7.2916665,39.0,0.0,2.5520833,71.6,54.0,66.86875,0.0,0.0,0.0
5126,2019-09-20 20:45:00,2019-09-20 21:15:00,0.5,10003,10003,1,1,5001.5,Los Angeles,13.0,4.0,7.8333335,15.0,0.0,0.3125,83.0,68.0,76.8125,0.0,0.0,0.0
5128,2019-09-22 00:00:00,2019-09-22 00:30:00,0.5,4961,4961,1,2,2480.0,Los Angeles,14.0,3.0,9.020833,0.0,0.0,0.0,91.0,70.0,81.6875,0.0,0.0,0.0
5130,2019-09-23 02:00:00,2019-09-23 03:00:00,1.0,6165,6166,2,3,6152.25,Los Angeles,16.0,0.0,5.4125,0.0,0.0,0.0,86.0,64.0,75.8725,0.0,0.0,0.0
5132,2019-09-23 08:15:00,2019-09-23 08:30:00,0.25,3833,3833,1,1,958.25,Los Angeles,11.0,0.0,3.625,0.0,0.0,0.0,82.4,60.8,69.85625,0.0,0.0,0.0
5134,2019-09-23 09:00:00,2019-09-23 09:30:00,0.5,4587,4587,1,2,2189.0,Los Angeles,13.0,0.0,2.75,0.0,0.0,0.0,73.0,57.0,66.487495,0.0,0.0,0.0
5136,2019-09-24 23:00:00,2019-09-24 23:15:00,0.25,4306,4306,1,1,1076.5,Los Angeles,21.0,4.0,11.90625,26.0,0.0,5.0,96.0,69.0,83.875,0.0,0.0,0.0
5138,2019-09-27 03:30:00,2019-09-27 08:15:00,4.75,8069,8581,10,8,22198.25,Los Angeles,21.0,0.0,6.390625,22.0,0.0,0.121875,73.0,56.0,67.60687,0.0,0.0,0.0
5140,2019-09-27 15:30:00,2019-09-27 16:15:00,0.75,7806,7806,3,1,4836.25,Los Angeles,19.0,0.0,7.515625,21.0,0.0,0.625,71.0,61.0,67.19063,0.0,0.0,0.0
5142,2019-09-27 17:00:00,2019-09-27 18:15:00,1.25,7767,7877,3,3,6698.25,Los Angeles,20.0,0.0,7.125,22.0,0.0,0.22916667,77.0,64.0,69.46458,0.0,0.0,0.0
5144,2019-09-29 16:30:00,2019-09-29 17:00:00,0.5,6852,6852,2,1,3423.5,Los Angeles,20.0,0.0,5.4791665,0.0,0.0,0.0,70.0,46.0,63.425,0.0,0.0,0.0
5146,2019-09-30 05:30:00,2019-09-30 12:45:00,7.25,6896,7410,5,13,44405.75,Los Angeles,17.0,0.0,3.93125,22.0,0.0,0.225,66.2,39.0,56.467083,0.0,0.0,0.0
5148,2019-10-01 16:00:00,2019-10-01 16:15:00,0.25,5597,5597,1,1,1399.25,Los Angeles,19.0,0.0,5.96875,0.0,0.0,0.0,67.0,43.0,61.0625,0.0,0.0,0.0
5150,2019-10-01 16:45:00,2019-10-01 17:00:00,0.25,5287,5287,1,1,1321.75,Los Angeles,18.0,3.0,5.875,0.0,0.0,0.0,70.0,48.0,64.0375,0.0,0.0,0.0
5152,2019-10-01 17:15:00,2019-10-01 17:30:00,0.25,5427,5427,1,1,1356.75,Los Angeles,18.0,0.0,5.8125,0.0,0.0,0.0,73.0,48.0,64.90625,0.0,0.0,0.0
5154,2019-10-03 17:00:00,2019-10-03 18:00:00,1.0,4354,4396,3,2,4280.75,Los Angeles,10.0,0.0,2.9875,0.0,0.0,0.0,75.0,64.0,69.18,0.0,0.0,0.0
5156,2019-10-03 19:45:00,2019-10-03 20:00:00,0.25,5819,5819,1,1,1454.75,Los Angeles,13.0,0.0,7.09375,19.0,0.0,1.1875,80.0,66.0,73.9625,0.0,0.0,0.0
5158,2019-10-03 22:30:00,2019-10-03 23:00:00,0.5,10027,10027,1,2,4849.0,Los Angeles,20.0,0.0,9.645833,25.0,0.0,0.8333333,82.0,65.0,74.40417,0.0,0.0,0.0
5160,2019-10-04 02:45:00,2019-10-04 03:00:00,0.25,6269,6269,1,1,1567.25,Los Angeles,13.0,0.0,5.125,0.0,0.0,0.0,70.0,58.0,65.65,0.0,0.0,0.0
5162,2019-10-04 03:30:00,2019-10-04 10:30:00,7.0,6421,6769,13,10,39230.0,Los Angeles,18.0,0.0,4.1939654,23.0,0.0,0.19827586,69.8,51.8,61.666813,0.0,0.0,0.0
5164,2019-10-05 15:15:00,2019-10-05 15:45:00,0.5,7322,7322,1,2,3239.0,Los Angeles,14.0,0.0,1.75,0.0,0.0,0.0,71.0,45.0,61.941666,0.0,0.0,0.0
5166,2019-10-07 10:45:00,2019-10-07 11:00:00,0.25,4481,4481,1,1,1120.25,Los Angeles,9.0,0.0,2.0,0.0,0.0,0.0,75.0,46.0,60.699997,0.0,0.0,0.0
5168,2019-10-07 11:15:00,2019-10-07 12:00:00,0.75,4692,4692,3,1,3499.25,Los Angeles,10.0,0.0,2.25,0.0,0.0,0.0,75.0,42.0,60.012497,0.0,0.0,0.0
5170,2019-10-07 23:00:00,2019-10-07 23:15:00,0.25,4970,4970,1,1,1242.5,Los Angeles,14.0,4.0,8.34375,0.0,0.0,0.0,92.0,68.0,81.4875,0.0,0.0,0.0
5173,2019-10-11 22:15:00,2019-10-11 22:30:00,0.25,8371,8371,1,1,2092.75,Los Angeles,20.0,0.0,9.1875,27.0,0.0,5.0625,90.0,62.0,81.6375,0.0002,1e-04,6.25e-06
5175,2019-10-12 17:45:00,2019-10-12 20:30:00,2.75,8790,8950,5,5,16507.25,Los Angeles,13.0,0.0,5.640625,19.0,0.0,1.1875,87.8,46.4,75.06771,0.0,0.0,0.0
5177,2019-10-12 20:45:00,2019-10-12 21:30:00,0.75,7219,7247,2,2,5401.75,Los Angeles,14.0,0.0,7.59375,18.0,0.0,1.125,87.8,67.0,77.58125,0.0,0.0,0.0
5179,2019-10-15 02:00:00,2019-10-15 02:15:00,0.25,15587,15587,1,1,3896.75,Los Angeles,10.0,0.0,5.59375,0.0,0.0,0.0,72.0,56.0,65.25,0.0,0.0,0.0
5182,2019-10-15 17:15:00,2019-10-15 18:00:00,0.75,7913,7913,2,2,4509.75,Los Angeles,13.0,0.0,3.96875,0.0,0.0,0.0,78.0,61.0,70.48125,0.0,0.0,0.0
5184,2019-10-16 20:15:00,2019-10-16 20:30:00,0.25,7826,7826,1,1,1956.5,Los Angeles,13.0,0.0,6.84375,19.0,0.0,1.1875,93.2,70.0,83.71875,0.0,0.0,0.0
5186,2019-10-16 20:45:00,2019-10-16 21:00:00,0.25,4357,4357,1,1,1089.25,Los Angeles,11.0,0.0,7.25,0.0,0.0,0.0,93.2,70.0,83.325005,0.0,0.0,0.0
5188,2019-10-17 02:15:00,2019-10-17 03:45:00,1.5,3957,3957,2,4,5824.75,Los Angeles,12.0,0.0,4.9375,0.0,0.0,0.0,82.4,61.0,70.612495,0.0,0.0,0.0
5190,2019-10-18 02:15:00,2019-10-18 04:15:00,2.0,8866,8870,4,5,17123.75,Los Angeles,33.0,0.0,10.340278,37.0,0.0,4.5694447,71.0,49.0,63.8125,0.0,0.0,0.0
5192,2019-10-18 05:30:00,2019-10-18 05:45:00,0.25,3992,3992,1,1,998.0,Los Angeles,30.0,0.0,11.375,42.0,0.0,4.875,71.0,47.0,63.15625,0.0,0.0,0.0
5194,2019-10-18 20:00:00,2019-10-18 21:15:00,1.25,4665,4722,3,3,5400.0,Los Angeles,14.0,0.0,7.1145835,0.0,0.0,0.0,83.0,58.0,73.17917,0.0,0.0,0.0
5196,2019-10-18 21:45:00,2019-10-18 22:00:00,0.25,4583,4583,1,1,1145.75,Los Angeles,17.0,0.0,9.15625,19.0,0.0,3.1875,82.0,59.0,73.7625,0.0,0.0,0.0
5198,2019-10-19 19:45:00,2019-10-19 21:15:00,1.5,4229,4232,3,4,6058.5,Los Angeles,27.0,0.0,9.473214,35.0,0.0,2.5892856,84.0,59.0,74.28929,0.0,0.0,0.0
5201,2019-10-21 03:45:00,2019-10-21 04:00:00,0.25,4310,4310,1,1,1077.5,Los Angeles,23.0,0.0,7.90625,28.0,0.0,3.25,89.6,53.0,71.8125,0.0,0.0,0.0
5203,2019-10-21 07:30:00,2019-10-21 07:45:00,0.25,3807,3807,1,1,951.75,Los Angeles,13.0,0.0,4.625,17.0,0.0,1.0625,89.6,50.0,68.75,0.0,0.0,0.0
5205,2019-10-23 02:15:00,2019-10-23 03:15:00,1.0,8142,8142,4,1,6601.25,Los Angeles,11.0,0.0,3.75,0.0,0.0,0.0,84.2,65.0,75.525,0.0,0.0,0.0
5207,2019-10-23 03:30:00,2019-10-23 04:30:00,1.0,4484,4489,2,3,4198.5,Los Angeles,11.0,0.0,3.6,0.0,0.0,0.0,82.4,62.0,73.3125,0.0,0.0,0.0
5209,2019-10-23 18:15:00,2019-10-23 18:45:00,0.5,4904,4904,2,1,2415.0,Los Angeles,16.0,0.0,4.5416665,22.0,0.0,0.9166667,89.0,68.0,81.254166,0.0,0.0,0.0
5211,2019-10-24 16:15:00,2019-10-24 17:30:00,1.25,4371,4594,4,2,5277.0,Los Angeles,23.0,0.0,6.9375,33.0,0.0,4.4791665,90.0,56.0,77.885414,0.0,0.0,0.0
5213,2019-10-24 18:00:00,2019-10-24 18:15:00,0.25,3808,3808,1,1,952.0,Los Angeles,26.0,0.0,9.15625,37.0,0.0,4.0,91.0,66.0,83.5625,0.0,0.0,0.0
5215,2019-10-24 22:30:00,2019-10-25 00:00:00,1.5,5705,6104,3,4,8162.25,Los Angeles,22.0,0.0,9.553572,29.0,0.0,3.8035715,99.0,70.0,88.682144,0.0,0.0,0.0
5217,2019-10-25 10:30:00,2019-10-25 17:00:00,6.5,5200,7427,10,9,31612.5,Los Angeles,27.0,0.0,3.9791667,33.0,0.0,1.7013888,85.0,40.0,66.47731,0.0,0.0,0.0
5219,2019-10-25 17:15:00,2019-10-25 19:00:00,1.75,5373,5399,4,4,7784.75,Los Angeles,22.0,0.0,5.46875,29.0,0.0,1.8984375,94.0,62.0,82.28438,0.0,0.0,0.0
5221,2019-10-26 12:00:00,2019-10-26 15:30:00,3.5,5738,5835,3,5,17054.25,Los Angeles,23.0,0.0,3.525,16.0,0.0,0.13333334,91.4,36.0,63.247498,0.0,0.0,0.0
5223,2019-10-27 16:00:00,2019-10-27 16:15:00,0.25,6367,6367,1,1,1591.75,Los Angeles,18.0,4.0,8.15625,0.0,0.0,0.0,69.0,53.0,63.3875,0.0,0.0,0.0
5225,2019-10-27 19:30:00,2019-10-27 19:45:00,0.25,5992,5992,1,1,1498.0,Los Angeles,15.0,0.0,9.0625,21.0,0.0,4.59375,73.0,59.0,68.35625,0.0,0.0,0.0
5227,2019-10-28 15:15:00,2019-10-28 15:45:00,0.5,25529,25529,1,2,8457.0,Los Angeles,22.0,0.0,6.7916665,29.0,0.0,4.8125,66.0,38.0,56.279163,0.0,0.0,0.0
5229,2019-10-28 16:45:00,2019-10-28 19:00:00,2.25,9212,9288,6,4,19836.5,Los Angeles,23.0,0.0,8.1125,31.0,0.0,4.2,74.0,44.0,65.51375,0.0,0.0,0.0
5231,2019-10-29 17:15:00,2019-10-29 19:30:00,2.25,29765,32541,5,5,17732.0,Los Angeles,31.0,0.0,8.35,37.0,0.0,1.5125,73.0,55.0,66.15625,0.0,0.0,0.0
5233,2019-10-29 22:00:00,2019-10-29 22:15:00,0.25,12132,12132,1,1,3033.0,Los Angeles,22.0,6.0,11.40625,25.0,0.0,2.96875,73.0,59.0,68.325,0.0,0.0,0.0
5235,2019-10-30 11:00:00,2019-10-30 14:15:00,3.25,12028,12285,8,4,25855.0,Los Angeles,30.0,0.0,7.196429,38.0,0.0,4.084821,60.0,27.0,51.235718,0.0,0.0,0.0
5237,2019-10-30 17:45:00,2019-10-30 21:15:00,3.5,7422,9458,8,7,21311.75,Los Angeles,28.0,0.0,12.925,31.0,0.0,4.8375,77.0,37.0,65.708336,0.0,0.0,0.0
5239,2019-10-30 21:30:00,2019-10-31 03:15:00,5.75,5397,8675,10,13,25883.0,Los Angeles,28.0,0.0,10.28125,26.0,0.0,2.5520833,77.0,37.0,64.31615,0.0,0.0,0.0
5241,2019-10-31 04:15:00,2019-10-31 04:30:00,0.25,5294,5294,1,1,1323.5,Los Angeles,28.0,0.0,7.53125,17.0,0.0,1.0625,66.0,33.0,55.6,0.0,0.0,0.0
5243,2019-10-31 07:45:00,2019-10-31 12:00:00,4.25,5878,6029,5,13,20023.75,Los Angeles,20.0,0.0,5.9756947,26.0,0.0,2.2951388,64.0,23.0,50.297916,0.0,0.0,0.0
5245,2019-10-31 16:00:00,2019-10-31 19:15:00,3.25,11106,14806,7,7,22181.0,Los Angeles,19.0,0.0,5.928571,26.0,0.0,1.9821428,77.0,37.0,62.426785,0.0,0.0,0.0
5247,2019-11-01 17:00:00,2019-11-01 19:15:00,2.25,6041,8642,6,4,12443.0,Los Angeles,21.0,0.0,4.26875,25.0,0.0,1.09375,80.0,40.0,68.151245,0.0,0.0,0.0
5249,2019-11-02 10:00:00,2019-11-02 10:45:00,0.75,4434,4434,1,2,3323.75,Los Angeles,20.0,0.0,2.8125,0.0,0.0,0.0,74.0,28.0,52.51875,0.0,0.0,0.0
5251,2019-11-03 19:15:00,2019-11-03 19:30:00,0.25,3886,3886,1,1,971.5,Los Angeles,12.0,0.0,3.96875,17.0,0.0,1.0625,80.0,67.0,73.625,0.0,0.0,0.0
5253,2019-11-04 20:45:00,2019-11-04 21:00:00,0.25,4073,4073,1,1,1018.25,Los Angeles,11.0,0.0,5.34375,17.0,0.0,1.0625,84.0,64.0,75.8,0.0,0.0,0.0
5255,2019-11-04 21:15:00,2019-11-04 22:15:00,1.0,4142,4142,2,3,4104.5,Los Angeles,14.0,0.0,6.3625,17.0,0.0,0.95,85.0,64.0,75.8,0.0,0.0,0.0
5257,2019-11-05 17:30:00,2019-11-05 18:00:00,0.5,17849,17849,2,1,8789.5,Los Angeles,11.0,0.0,4.1041665,0.0,0.0,0.0,80.6,54.0,69.004166,0.0,0.0,0.0
5259,2019-11-05 18:45:00,2019-11-05 19:00:00,0.25,6332,6332,1,1,1583.0,Los Angeles,14.0,0.0,5.15625,20.0,0.0,1.25,80.6,65.0,72.8,0.0,0.0,0.0
5261,2019-11-06 00:45:00,2019-11-06 01:15:00,0.5,16686,16686,2,1,8342.75,Los Angeles,13.0,0.0,6.5416665,0.0,0.0,0.0,80.6,62.6,70.9125,0.0,0.0,0.0
5263,2019-11-07 17:30:00,2019-11-07 18:00:00,0.5,4226,4226,2,1,2110.0,Los Angeles,13.0,0.0,3.3125,18.0,0.0,0.75,70.0,54.0,64.4375,1e-04,1e-04,2.0833334e-06
5265,2019-11-07 18:15:00,2019-11-07 19:00:00,0.75,3963,3963,2,1,2956.25,Los Angeles,13.0,0.0,3.6875,20.0,0.0,1.1875,73.4,59.0,67.62187,0.0,0.0,0.0
5267,2019-11-08 13:45:00,2019-11-08 14:00:00,0.25,4091,4091,1,1,1022.75,Los Angeles,9.0,0.0,2.5,0.0,0.0,0.0,71.0,36.0,55.0625,0.0,0.0,0.0
5269,2019-11-08 20:15:00,2019-11-08 21:30:00,1.25,6008,6019,3,3,7456.75,Los Angeles,14.0,0.0,6.3125,21.0,0.0,1.2916666,91.4,67.0,80.05417,0.0,0.0,0.0
5272,2019-11-13 04:15:00,2019-11-13 14:45:00,10.5,10892,11203,11,13,97051.5,Los Angeles,13.0,0.0,3.0363371,0.0,0.0,0.0,69.0,37.0,58.36221,0.0,0.0,0.0
5274,2019-11-13 18:45:00,2019-11-13 19:00:00,0.25,3808,3808,1,1,952.0,Los Angeles,7.0,0.0,2.96875,0.0,0.0,0.0,74.0,63.0,67.65625,0.0,0.0,0.0
5276,2019-11-14 19:15:00,2019-11-14 21:45:00,2.5,5732,5848,5,6,10626.0,Los Angeles,18.0,0.0,7.0170455,23.0,0.0,1.3125,95.0,59.0,69.63864,0.0,0.0,0.0
5278,2019-11-14 22:15:00,2019-11-15 00:30:00,2.25,7702,7702,3,6,13494.0,Los Angeles,19.0,0.0,9.54375,23.0,0.0,1.5375,95.0,56.0,68.06375,0.0,0.0,0.0
5280,2019-11-15 01:00:00,2019-11-15 03:45:00,2.75,5333,5872,6,6,12768.5,Los Angeles,17.0,0.0,7.2291665,0.0,0.0,0.0,76.0,55.0,62.470837,0.0,0.0,0.0
5282,2019-11-19 18:30:00,2019-11-19 19:30:00,1.0,5712,6842,2,3,4794.75,Los Angeles,20.0,0.0,8.2125,24.0,0.0,1.0,80.0,64.0,74.3,0.0,0.0,0.0
5284,2019-11-19 20:00:00,2019-11-19 21:00:00,1.0,5706,5706,4,1,4876.0,Los Angeles,23.0,3.0,9.9,30.0,0.0,2.825,80.0,66.0,73.545,0.0,0.0,0.0
5286,2019-11-19 21:15:00,2019-11-19 22:00:00,0.75,4063,4063,1,3,3015.25,Los Angeles,23.0,0.0,8.65625,30.0,0.0,2.6875,78.8,65.0,72.25,0.0,0.0,0.0
5288,2019-11-20 18:15:00,2019-11-20 19:00:00,0.75,5890,5890,3,1,3896.75,Los Angeles,19.0,0.0,8.78125,27.0,0.0,2.671875,61.0,37.0,53.449997,1.2408999,0.21,0.019389061
5290,2019-11-20 19:15:00,2019-11-21 11:00:00,15.75,13799,24780,29,32,101464.0,Los Angeles,21.0,0.0,5.7216797,27.0,0.0,0.51660156,63.0,37.0,52.19785,6.3659997,0.35,0.0062167966
5292,2019-11-21 16:15:00,2019-11-21 16:45:00,0.5,4526,4526,1,2,2119.5,Los Angeles,8.0,0.0,2.5833333,0.0,0.0,0.0,61.0,37.0,53.275005,0.0,0.0,0.0
5294,2019-11-21 18:15:00,2019-11-21 18:30:00,0.25,4323,4323,1,1,1080.75,Los Angeles,7.0,0.0,4.625,0.0,0.0,0.0,65.0,46.0,57.8125,0.0,0.0,0.0
5296,2019-11-22 18:15:00,2019-11-22 18:45:00,0.5,7372,7372,1,2,3056.75,Los Angeles,11.0,0.0,3.6875,0.0,0.0,0.0,68.0,46.0,60.712505,0.0,0.0,0.0
5298,2019-11-22 19:45:00,2019-11-22 20:00:00,0.25,21768,21768,1,1,5442.0,Los Angeles,13.0,0.0,4.53125,18.0,0.0,0.5625,70.0,48.0,63.762497,0.0,0.0,0.0
5300,2019-11-22 21:30:00,2019-11-22 21:45:00,0.25,4435,4435,1,1,1108.75,Los Angeles,12.0,0.0,6.125,18.0,0.0,0.5625,72.0,50.0,65.24375,0.0,0.0,0.0
5302,2019-11-23 16:15:00,2019-11-23 16:30:00,0.25,4092,4092,1,1,1023.0,Los Angeles,21.0,0.0,2.96875,0.0,0.0,0.0,65.0,38.0,55.043747,0.0,0.0,0.0
5304,2019-11-23 22:30:00,2019-11-23 23:45:00,1.25,4760,4786,4,2,5771.0,Los Angeles,20.0,0.0,8.510417,28.0,0.0,2.1354167,77.0,52.0,68.924995,0.0,0.0,0.0
5306,2019-11-24 20:00:00,2019-11-24 20:45:00,0.75,4083,4087,2,2,2975.25,Los Angeles,14.0,0.0,4.640625,21.0,0.0,1.265625,77.0,57.0,70.5125,0.0,0.0,0.0
5308,2019-11-25 17:15:00,2019-11-25 17:30:00,0.25,4769,4769,1,1,1192.25,Los Angeles,22.0,0.0,6.625,19.0,0.0,1.65625,66.0,47.0,59.43125,0.0,0.0,0.0
5310,2019-11-26 00:15:00,2019-11-26 00:45:00,0.5,5258,5258,1,2,2398.0,Los Angeles,36.0,4.0,13.979167,50.0,0.0,9.208333,69.0,41.0,60.24167,0.0,0.0,0.0
5312,2019-11-26 02:45:00,2019-11-26 03:45:00,1.0,5482,5482,1,3,5362.0,Los Angeles,32.0,0.0,10.6125,49.0,0.0,4.6875,66.0,39.0,58.0625,0.0,0.0,0.0
5314,2019-11-26 04:00:00,2019-11-26 04:30:00,0.5,5217,5217,2,1,2605.5,Los Angeles,31.0,0.0,10.854167,49.0,0.0,7.8333335,66.0,39.0,57.575,0.0,0.0,0.0
5316,2019-11-26 18:45:00,2019-11-26 19:15:00,0.5,6602,6602,2,1,3296.25,Los Angeles,17.0,0.0,6.8958335,22.0,0.0,2.6458333,65.0,45.0,60.0625,0.0,0.0,0.0
5318,2019-11-27 19:15:00,2019-11-27 20:00:00,0.75,4614,4614,3,1,3279.0,Los Angeles,23.0,0.0,7.46875,20.0,0.0,0.3125,56.0,36.0,49.809376,0.68029994,0.04,0.0106296865
5320,2019-11-28 03:30:00,2019-11-28 03:45:00,0.25,5880,5880,1,1,1470.0,Los Angeles,17.0,0.0,5.28125,17.0,0.0,0.53125,56.0,32.0,47.76875,0.1401,0.05,0.004378125
5322,2019-11-28 16:00:00,2019-11-28 17:00:00,1.0,4956,4976,3,2,4861.5,Los Angeles,18.0,0.0,6.9375,25.0,0.0,1.775,53.0,30.0,45.46,3.6405,0.54,0.04550625
5324,2019-11-28 19:30:00,2019-11-29 00:30:00,5.0,11303,21870,11,10,36990.25,Los Angeles,17.0,0.0,7.4434524,36.0,0.0,2.8035715,56.0,30.9,45.324997,8.9825,0.35,0.026733631
5326,2019-11-30 04:45:00,2019-11-30 05:00:00,0.25,6293,6293,1,1,1573.25,Los Angeles,11.0,0.0,3.3125,0.0,0.0,0.0,53.0,30.9,46.13125,0.00029999999,1e-04,9.3749995e-06
5328,2019-11-30 06:00:00,2019-11-30 06:15:00,0.25,4651,4651,1,1,1162.75,Los Angeles,10.0,0.0,3.4375,0.0,0.0,0.0,53.0,30.9,45.88125,0.03,0.03,0.0009375
5330,2019-11-30 20:30:00,2019-11-30 21:30:00,1.0,5249,5495,3,2,5159.25,Los Angeles,11.0,0.0,4.75,15.0,0.0,0.1875,61.0,30.9,52.653748,0.41,0.09,0.005125
5332,2019-12-02 15:30:00,2019-12-02 15:45:00,0.25,8424,8424,1,1,2106.0,Los Angeles,8.0,0.0,1.90625,0.0,0.0,0.0,57.0,35.0,49.54375,0.0,0.0,0.0
5334,2019-12-02 17:15:00,2019-12-02 17:45:00,0.5,4059,4059,2,1,2019.75,Los Angeles,9.0,0.0,2.875,0.0,0.0,0.0,64.0,38.0,55.62083,0.0,0.0,0.0
5336,2019-12-03 16:45:00,2019-12-03 17:00:00,0.25,4220,4220,1,1,1055.0,Los Angeles,11.0,0.0,2.125,0.0,0.0,0.0,61.0,41.0,54.699997,1e-04,1e-04,3.125e-06
5338,2019-12-04 16:30:00,2019-12-04 16:45:00,0.25,4834,4834,1,1,1208.5,Los Angeles,17.0,2.0,8.03125,23.0,0.0,2.0,63.0,38.0,53.3375,0.7702,0.14,0.02406875
5340,2019-12-04 21:30:00,2019-12-04 22:30:00,1.0,5619,5619,2,3,5299.75,Los Angeles,12.0,0.0,5.3,0.0,0.0,0.0,65.0,42.0,57.192497,0.050800003,0.01,0.00063500006
5342,2019-12-05 04:45:00,2019-12-05 05:30:00,0.75,4228,4228,2,1,3167.0,Los Angeles,13.0,0.0,3.75,0.0,0.0,0.0,60.0,43.0,54.378128,0.0,0.0,0.0
5344,2019-12-05 07:15:00,2019-12-05 07:30:00,0.25,3806,3806,1,1,951.5,Los Angeles,13.0,0.0,3.09375,0.0,0.0,0.0,60.8,42.0,53.606247,0.0,0.0,0.0
5346,2019-12-05 08:15:00,2019-12-05 08:30:00,0.25,3877,3877,1,1,969.25,Los Angeles,13.0,0.0,2.4375,20.0,0.0,1.25,60.0,42.0,53.64375,0.0,0.0,0.0
5348,2019-12-05 13:00:00,2019-12-05 13:15:00,0.25,4140,4140,1,1,1035.0,Los Angeles,7.0,0.0,2.21875,0.0,0.0,0.0,54.0,39.0,49.725,0.0,0.0,0.0
5350,2019-12-05 15:45:00,2019-12-05 18:15:00,2.5,6628,8772,7,4,11688.0,Los Angeles,11.0,0.0,3.6931818,0.0,0.0,0.0,64.0,39.0,54.926136,0.0,0.0,0.0
5352,2019-12-05 19:00:00,2019-12-05 19:15:00,0.25,4516,4516,1,1,1129.0,Los Angeles,7.0,0.0,3.75,0.0,0.0,0.0,66.0,45.0,59.518753,0.0,0.0,0.0
5354,2019-12-05 22:00:00,2019-12-05 22:15:00,0.25,4693,4693,1,1,1173.25,Los Angeles,11.0,0.0,3.5,0.0,0.0,0.0,68.0,44.0,62.13125,0.0,0.0,0.0
5356,2019-12-06 16:00:00,2019-12-06 16:30:00,0.5,4643,4643,1,2,2321.25,Los Angeles,16.0,0.0,3.75,15.0,0.0,0.3125,64.0,41.0,54.27917,0.0,0.0,0.0
5358,2019-12-06 17:00:00,2019-12-06 17:30:00,0.5,4047,4047,2,1,2003.25,Los Angeles,18.0,0.0,5.2708335,26.0,0.0,1.6041666,67.0,44.0,57.979168,0.0,0.0,0.0
5360,2019-12-06 17:45:00,2019-12-06 18:45:00,1.0,6039,6039,2,3,5724.5,Los Angeles,19.0,0.0,5.1625,25.0,0.0,1.525,68.0,45.0,60.6125,0.0,0.0,0.0
5362,2019-12-06 19:00:00,2019-12-06 19:15:00,0.25,5259,5259,1,1,1314.75,Los Angeles,14.0,0.0,4.15625,22.0,0.0,1.3125,68.0,46.0,61.181248,0.0,0.0,0.0
5364,2019-12-09 05:45:00,2019-12-09 06:15:00,0.5,15354,15354,2,1,5087.5,Los Angeles,15.0,0.0,4.7083335,21.0,0.0,0.4375,59.0,40.0,53.3125,0.0,0.0,0.0
5366,2019-12-09 19:30:00,2019-12-09 19:45:00,0.25,4639,4639,1,1,1159.75,Los Angeles,15.0,0.0,4.5625,16.0,0.0,1.0,67.0,45.0,61.012497,0.0,0.0,0.0
5368,2019-12-09 21:15:00,2019-12-09 22:15:00,1.0,7593,7615,2,3,6499.5,Los Angeles,14.0,0.0,5.725,21.0,0.0,0.8875,70.0,48.0,62.65,0.0,0.0,0.0
5370,2019-12-10 22:15:00,2019-12-11 01:00:00,2.75,7616,8851,4,8,15737.5,Los Angeles,10.0,0.0,3.7083333,0.0,0.0,0.0,69.8,45.0,60.991665,0.0,0.0,0.0
5372,2019-12-11 04:30:00,2019-12-11 04:45:00,0.25,5202,5202,1,1,1300.5,Los Angeles,7.0,0.0,1.9375,0.0,0.0,0.0,60.0,38.0,52.143753,0.0,0.0,0.0
5374,2019-12-11 18:45:00,2019-12-11 19:00:00,0.25,5020,5020,1,1,1255.0,Los Angeles,10.0,0.0,3.84375,0.0,0.0,0.0,65.0,56.0,61.1625,0.0,0.0,0.0
5376,2019-12-12 17:00:00,2019-12-12 17:15:00,0.25,4578,4578,1,1,1144.5,Los Angeles,17.0,0.0,4.34375,22.0,0.0,0.6875,63.0,52.0,58.0,0.0,0.0,0.0
5378,2019-12-14 20:15:00,2019-12-14 20:45:00,0.5,8123,8123,1,2,4061.25,Los Angeles,28.0,0.0,9.125,28.0,0.0,2.5,66.0,49.0,61.19167,0.0,0.0,0.0
5380,2019-12-14 21:30:00,2019-12-14 21:45:00,0.25,8044,8044,1,1,2011.0,Los Angeles,24.0,0.0,10.8125,29.0,0.0,1.78125,68.0,50.0,61.0625,0.0,0.0,0.0
5382,2019-12-15 16:30:00,2019-12-15 17:00:00,0.5,4576,4576,2,1,2274.75,Los Angeles,23.0,0.0,10.020833,30.0,0.0,7.1875,59.0,32.0,52.141666,0.0,0.0,0.0
5384,2019-12-15 17:15:00,2019-12-15 17:30:00,0.25,5516,5516,1,1,1379.0,Los Angeles,19.0,0.0,9.6875,24.0,0.0,5.875,61.0,32.0,52.75,0.0,0.0,0.0
5386,2019-12-15 17:45:00,2019-12-15 19:30:00,1.75,7031,7459,4,4,9827.25,Los Angeles,22.0,0.0,11.6171875,28.0,0.0,7.421875,63.0,32.0,55.348434,0.0007,1e-04,5.46875e-06
5388,2019-12-15 20:30:00,2019-12-15 23:30:00,3.0,8235,10630,8,5,15483.75,Los Angeles,25.0,0.0,14.519231,34.0,0.0,10.644231,65.0,33.0,57.08173,0.0,0.0,0.0
5390,2019-12-16 00:00:00,2019-12-16 00:15:00,0.25,4196,4196,1,1,1049.0,Los Angeles,29.0,4.0,15.28125,37.0,0.0,14.5625,64.4,33.0,56.01875,0.0,0.0,0.0
5392,2019-12-16 19:00:00,2019-12-16 19:15:00,0.25,4167,4167,1,1,1041.75,Los Angeles,23.0,0.0,7.90625,33.0,0.0,3.15625,66.0,39.0,59.0625,0.0,0.0,0.0
5394,2019-12-17 17:15:00,2019-12-17 17:30:00,0.25,5135,5135,1,1,1283.75,Los Angeles,34.0,0.0,8.46875,45.0,0.0,2.8125,61.0,33.0,52.237503,0.0,0.0,0.0
5396,2019-12-18 17:30:00,2019-12-18 17:45:00,0.25,4484,4484,1,1,1121.0,Los Angeles,15.0,0.0,3.5,21.0,0.0,0.65625,60.0,30.9,48.996876,0.0,0.0,0.0
5398,2019-12-18 18:30:00,2019-12-18 21:15:00,2.75,4469,4639,6,6,11308.75,Los Angeles,13.0,0.0,4.71875,0.0,0.0,0.0,64.0,33.0,55.3125,0.0,0.0,0.0
5400,2019-12-19 01:15:00,2019-12-19 01:30:00,0.25,5780,5780,1,1,1445.0,Los Angeles,11.0,0.0,3.40625,0.0,0.0,0.0,61.0,37.0,53.28125,0.0,0.0,0.0
5402,2019-12-20 08:00:00,2019-12-20 08:15:00,0.25,7805,7805,1,1,1951.25,Los Angeles,16.0,0.0,3.40625,0.0,0.0,0.0,57.0,30.0,48.4625,0.0,0.0,0.0
5404,2019-12-23 08:15:00,2019-12-23 14:45:00,6.5,15477,18168,12,13,55109.0,Los Angeles,21.0,0.0,8.546296,27.0,0.0,5.3449073,62.6,36.0,49.66806,24.380398,0.38,0.056436107
5406,2019-12-23 15:00:00,2019-12-24 00:15:00,9.25,22215,39004,15,23,101775.0,Los Angeles,22.0,0.0,7.332237,27.0,0.0,1.9440789,61.0,36.0,51.807568,3.6251998,0.1,0.0059625
5408,2019-12-24 01:15:00,2019-12-24 02:00:00,0.75,4013,4013,2,2,2969.5,Los Angeles,9.0,0.0,3.734375,0.0,0.0,0.0,59.0,37.0,50.603127,0.0803,0.01,0.0012546876
5410,2019-12-24 03:00:00,2019-12-24 05:30:00,2.5,7438,8591,4,7,16942.25,Los Angeles,8.0,0.0,2.3522727,0.0,0.0,0.0,56.0,35.0,49.02159,0.090799995,0.02,0.00051590905
5412,2019-12-24 07:00:00,2019-12-24 08:30:00,1.5,5637,5637,2,3,7284.25,Los Angeles,9.0,0.0,2.6964285,0.0,0.0,0.0,55.0,35.0,47.846428,0.0,0.0,0.0
5414,2019-12-26 06:15:00,2019-12-27 13:00:00,30.75,18885,57613,55,66,294187.0,Los Angeles,23.0,0.0,7.394657,36.0,0.0,2.4899194,59.0,27.0,45.608166,51.905598,1.01,0.026162095
5416,2019-12-27 17:00:00,2019-12-27 22:30:00,5.5,6475,7251,11,12,27623.75,Los Angeles,17.0,0.0,6.9076085,18.0,0.0,0.13315217,65.0,30.0,53.275,0.9,0.15,0.0024456521
5418,2019-12-27 23:45:00,2019-12-28 01:30:00,1.75,4866,4980,4,4,8063.75,Los Angeles,18.0,0.0,7.4140625,19.0,0.0,0.6796875,62.6,33.0,53.4125,0.0,0.0,0.0
5420,2019-12-30 06:00:00,2019-12-30 07:30:00,1.5,4920,4921,4,2,7316.0,Los Angeles,9.0,0.0,2.4017856,0.0,0.0,0.0,56.0,35.0,49.00536,0.0,0.0,0.0
5422,2019-12-30 08:15:00,2019-12-30 16:45:00,8.5,9814,14180,11,10,41583.5,Los Angeles,29.0,0.0,5.4089284,36.0,0.0,1.8482143,59.0,30.2,48.56661,0.38239998,0.06,0.0006828571
5424,2019-12-30 17:15:00,2019-12-30 19:00:00,1.75,3998,3999,2,6,6900.5,Los Angeles,32.0,0.0,8.390625,42.0,0.0,3.4296875,61.0,30.9,52.20781,0.0009999999,1e-04,7.8124995e-06
5426,2019-12-30 19:45:00,2019-12-30 20:00:00,0.25,3829,3829,1,1,957.25,Los Angeles,28.0,0.0,7.875,25.0,0.0,1.375,62.0,32.0,55.012497,0.0002,1e-04,6.25e-06
5428,2019-12-30 20:15:00,2019-12-30 21:15:00,1.0,4134,4134,2,1,3987.0,Los Angeles,28.0,0.0,7.775,27.0,0.0,2.9375,63.0,32.0,55.957497,0.0002,1e-04,2.5e-06
5431,2020-01-01 17:30:00,2020-01-01 17:45:00,0.25,4009,4009,1,1,1002.25,Los Angeles,20.0,0.0,3.1875,0.0,0.0,0.0,64.0,37.0,55.18125,0.0,0.0,0.0
5433,2020-01-02 17:45:00,2020-01-02 18:00:00,0.25,6064,6064,1,1,1516.0,Los Angeles,13.0,0.0,5.9375,23.0,0.0,1.4375,61.0,46.0,56.34375,0.0,0.0,0.0
5435,2020-01-03 21:30:00,2020-01-03 21:45:00,0.25,4200,4200,1,1,1050.0,Los Angeles,8.0,0.0,5.0,0.0,0.0,0.0,75.0,58.0,67.46875,0.0,0.0,0.0
5437,2020-01-03 22:00:00,2020-01-03 22:45:00,0.75,4171,4171,1,2,3127.25,Los Angeles,9.0,0.0,4.65625,0.0,0.0,0.0,75.0,59.0,67.578125,0.0,0.0,0.0
5439,2020-01-04 16:30:00,2020-01-04 17:15:00,0.75,3989,3989,3,1,2987.5,Los Angeles,11.0,0.0,2.453125,0.0,0.0,0.0,63.0,37.0,53.90625,0.0,0.0,0.0
5441,2020-01-07 18:30:00,2020-01-07 23:15:00,4.75,5681,8133,10,10,21425.25,Los Angeles,17.0,0.0,5.065625,17.0,0.0,0.315625,79.0,39.0,67.89187,0.0,0.0,0.0
5443,2020-01-08 14:30:00,2020-01-08 14:45:00,0.25,4711,4711,1,1,1177.75,Los Angeles,24.0,0.0,6.9375,29.0,0.0,1.6875,55.0,30.9,47.484375,1e-04,1e-04,3.125e-06
5445,2020-01-08 21:30:00,2020-01-08 21:45:00,0.25,3819,3819,1,1,954.75,Los Angeles,23.0,0.0,7.84375,18.0,0.0,1.125,65.0,36.0,58.29375,0.0,0.0,0.0
5447,2020-01-09 18:45:00,2020-01-09 19:15:00,0.5,4089,4089,1,2,2023.5,Los Angeles,27.0,0.0,8.541667,27.0,0.0,3.4166667,60.0,36.0,55.391663,1e-04,1e-04,2.0833334e-06
5449,2020-01-10 04:45:00,2020-01-10 06:15:00,1.5,4338,4338,3,4,6247.5,Los Angeles,21.0,0.0,5.392857,27.0,0.0,1.4732143,58.0,34.0,49.276787,0.0,0.0,0.0
5451,2020-01-10 06:30:00,2020-01-10 09:45:00,3.25,9280,9299,6,5,15840.25,Los Angeles,20.0,0.0,5.848214,25.0,0.0,1.5178572,58.0,30.0,47.702232,0.0002,1e-04,8.9285714e-07
5453,2020-01-10 16:30:00,2020-01-10 17:00:00,0.5,5686,5686,2,1,2527.25,Los Angeles,6.0,0.0,2.1041667,0.0,0.0,0.0,60.0,30.9,48.47291,0.0,0.0,0.0
5455,2020-01-10 18:30:00,2020-01-10 19:15:00,0.75,12724,12724,1,3,5092.75,Los Angeles,10.0,0.0,3.125,0.0,0.0,0.0,62.0,42.0,56.396873,0.0,0.0,0.0
5457,2020-01-10 21:30:00,2020-01-10 21:45:00,0.25,13290,13290,1,1,3322.5,Los Angeles,12.0,0.0,4.875,0.0,0.0,0.0,66.0,48.0,60.4375,0.0,0.0,0.0
5459,2020-01-11 14:00:00,2020-01-11 14:15:00,0.25,19656,19656,1,1,4914.0,Los Angeles,19.0,0.0,4.875,0.0,0.0,0.0,50.0,37.4,44.95,0.0,0.0,0.0
5461,2020-01-14 18:45:00,2020-01-14 19:00:00,0.25,3942,3942,1,1,985.5,Los Angeles,29.0,0.0,5.90625,39.0,0.0,2.40625,61.0,46.0,56.65,0.0,0.0,0.0
5463,2020-01-14 19:45:00,2020-01-14 20:00:00,0.25,4898,4898,1,1,1224.5,Los Angeles,26.0,0.0,5.59375,32.0,0.0,1.0,62.6,49.0,57.9,0.0,0.0,0.0
5465,2020-01-15 17:30:00,2020-01-15 17:45:00,0.25,4160,4160,1,1,1040.0,Los Angeles,6.0,0.0,2.0,0.0,0.0,0.0,59.0,37.0,51.25625,0.0,0.0,0.0
5468,2020-01-21 17:30:00,2020-01-21 18:00:00,0.5,4185,4185,1,2,2009.0,Los Angeles,18.0,0.0,4.1875,14.0,0.0,0.29166666,61.0,41.0,55.416668,0.0,0.0,0.0
5470,2020-01-21 19:15:00,2020-01-21 19:30:00,0.25,4715,4715,1,1,1178.75,Los Angeles,15.0,0.0,7.1875,0.0,0.0,0.0,63.0,45.0,56.7625,0.0,0.0,0.0
5472,2020-01-22 19:15:00,2020-01-22 19:30:00,0.25,4241,4241,1,1,1060.25,Los Angeles,11.0,0.0,4.09375,14.0,0.0,0.875,65.0,47.0,58.25,0.0,0.0,0.0
5474,2020-01-23 13:45:00,2020-01-23 14:00:00,0.25,23617,23617,1,1,5904.25,Los Angeles,11.0,0.0,3.6875,0.0,0.0,0.0,71.6,32.0,49.4,0.0,0.0,0.0
5476,2020-01-24 21:00:00,2020-01-24 21:15:00,0.25,4353,4353,1,1,1088.25,Los Angeles,23.0,0.0,8.09375,23.0,0.0,1.4375,78.0,50.0,68.35625,0.0,0.0,0.0
5478,2020-01-27 16:00:00,2020-01-27 16:15:00,0.25,13117,13117,1,1,3279.25,Los Angeles,21.0,0.0,5.78125,20.0,0.0,2.625,60.0,41.0,51.16875,0.0,0.0,0.0
5480,2020-01-28 19:45:00,2020-01-28 21:30:00,1.75,3987,4007,3,5,6920.5,Los Angeles,17.0,0.0,7.734375,24.0,0.0,1.671875,76.0,51.0,67.546875,0.0,0.0,0.0
5482,2020-01-29 07:15:00,2020-01-29 11:00:00,3.75,4668,4695,8,4,16855.75,Los Angeles,22.0,0.0,8.863281,30.0,0.0,3.8710938,68.0,39.0,55.7125,0.0,0.0,0.0
5484,2020-01-29 18:15:00,2020-01-29 18:30:00,0.25,3833,3833,1,1,958.25,Los Angeles,26.0,0.0,11.0,30.0,0.0,3.71875,74.0,40.0,61.2875,1e-04,1e-04,3.125e-06
5486,2020-01-29 19:00:00,2020-01-29 21:00:00,2.0,5064,5193,5,4,8665.0,Los Angeles,23.0,0.0,11.756945,30.0,0.0,9.104167,76.0,41.0,66.80277,0.0,0.0,0.0
5488,2020-01-29 22:15:00,2020-01-29 22:45:00,0.5,5050,5050,1,2,2413.25,Los Angeles,26.0,3.0,13.104167,33.0,0.0,7.75,78.0,45.0,69.02917,0.0,0.0,0.0
5490,2020-01-30 01:45:00,2020-01-30 02:45:00,1.0,4242,4283,3,2,4093.25,Los Angeles,18.0,0.0,7.2875,22.0,0.0,2.875,70.0,43.0,62.1475,0.0,0.0,0.0
5492,2020-01-30 23:15:00,2020-01-30 23:30:00,0.25,4875,4875,1,1,1218.75,Los Angeles,10.0,0.0,5.34375,0.0,0.0,0.0,74.0,57.0,67.45625,0.0,0.0,0.0
5494,2020-02-03 07:30:00,2020-02-03 08:15:00,0.75,5741,5741,2,2,4261.5,Los Angeles,31.0,0.0,14.109375,40.0,0.0,12.90625,59.0,32.0,51.946877,1e-04,1e-04,1.5625e-06
5496,2020-02-03 10:30:00,2020-02-03 11:00:00,0.5,4812,4812,2,1,2306.0,Los Angeles,27.0,2.0,13.791667,38.0,0.0,18.708334,55.0,28.9,47.23125,0.0,0.0,0.0
5498,2020-02-03 12:30:00,2020-02-03 13:00:00,0.5,4238,4238,2,1,2079.0,Los Angeles,26.0,6.0,13.875,37.0,0.0,17.604166,54.0,27.0,46.318745,0.0,0.0,0.0
5500,2020-02-03 13:45:00,2020-02-03 14:15:00,0.5,3908,3908,1,2,1937.0,Los Angeles,27.0,5.0,14.333333,37.0,0.0,14.4375,53.6,27.0,45.841663,0.0,0.0,0.0
5502,2020-02-03 14:30:00,2020-02-04 05:00:00,14.5,21025,41710,26,33,159819.5,Los Angeles,30.0,0.0,12.657839,38.0,0.0,12.896187,63.0,26.1,50.89947,0.0008,1e-04,8.474576e-07
5504,2020-02-04 06:15:00,2020-02-04 08:45:00,2.5,4116,4179,5,6,10081.75,Los Angeles,23.0,0.0,8.130682,29.0,0.0,2.7329545,54.0,23.0,45.945454,0.0,0.0,0.0
5506,2020-02-04 10:30:00,2020-02-04 11:00:00,0.5,3968,3968,2,1,1979.25,Los Angeles,24.0,0.0,9.1875,32.0,0.0,7.4791665,52.0,18.0,40.897915,0.0,0.0,0.0
5508,2020-02-04 16:30:00,2020-02-04 17:00:00,0.5,9218,9218,2,1,3937.75,Los Angeles,22.0,0.0,8.166667,34.0,0.0,4.1875,54.0,21.0,45.779163,0.0,0.0,0.0
5510,2020-02-04 17:30:00,2020-02-04 18:45:00,1.25,4534,4754,3,3,5162.25,Los Angeles,22.0,0.0,10.166667,34.0,0.0,6.2604165,58.0,30.0,50.341663,0.0,0.0,0.0
5512,2020-02-04 19:15:00,2020-02-04 19:45:00,0.5,21764,21764,1,2,10849.75,Los Angeles,21.0,0.0,10.729167,34.0,0.0,6.375,60.0,35.0,52.954166,0.0,0.0,0.0
5514,2020-02-04 21:15:00,2020-02-04 21:45:00,0.5,5968,5968,1,2,2844.0,Los Angeles,19.0,0.0,10.729167,28.0,0.0,4.9791665,61.0,38.0,54.974995,0.0,0.0,0.0
5516,2020-02-05 18:30:00,2020-02-05 18:45:00,0.25,12339,12339,1,1,3084.75,Los Angeles,9.0,0.0,3.4375,0.0,0.0,0.0,61.0,40.0,54.262497,0.0,0.0,0.0
5518,2020-02-05 21:30:00,2020-02-05 21:45:00,0.25,5403,5403,1,1,1350.75,Los Angeles,9.0,0.0,5.125,0.0,0.0,0.0,63.0,50.0,57.975,0.0,0.0,0.0
5520,2020-02-06 16:30:00,2020-02-06 16:45:00,0.25,4968,4968,1,1,1242.0,Los Angeles,7.0,0.0,2.53125,0.0,0.0,0.0,60.0,35.0,50.612503,0.0,0.0,0.0
5522,2020-02-06 17:45:00,2020-02-06 19:00:00,1.25,5626,6655,3,3,5679.25,Los Angeles,7.0,0.0,2.1875,0.0,0.0,0.0,63.0,48.0,56.43333,0.0,0.0,0.0
5524,2020-02-07 15:45:00,2020-02-07 16:00:00,0.25,5349,5349,1,1,1337.25,Los Angeles,6.0,0.0,1.59375,0.0,0.0,0.0,58.0,38.0,48.0875,0.0,0.0,0.0
5526,2020-02-07 18:30:00,2020-02-07 19:45:00,1.25,4856,4859,2,4,5449.5,Los Angeles,10.0,0.0,3.8020833,0.0,0.0,0.0,67.0,53.0,60.89375,0.0,0.0,0.0
5528,2020-02-09 09:45:00,2020-02-09 10:00:00,0.25,4121,4121,1,1,1030.25,Los Angeles,17.0,0.0,5.875,0.0,0.0,0.0,58.0,41.0,52.1625,1e-04,1e-04,3.125e-06
5530,2020-02-09 11:15:00,2020-02-09 11:30:00,0.25,4994,4994,1,1,1248.5,Los Angeles,21.0,0.0,7.15625,23.0,0.0,0.71875,58.0,37.0,51.418747,0.0002,1e-04,6.25e-06
5532,2020-02-09 22:15:00,2020-02-09 23:00:00,0.75,5699,5699,1,3,4143.5,Los Angeles,30.0,0.0,10.078125,40.0,0.0,5.984375,60.0,46.0,54.628128,0.3301,0.12,0.0051578125
5534,2020-02-10 17:45:00,2020-02-10 21:30:00,3.75,6496,9152,7,9,19405.25,Los Angeles,33.0,0.0,11.359375,47.0,0.0,8.984375,73.4,46.0,62.94219,0.0,0.0,0.0
5536,2020-02-10 21:45:00,2020-02-10 22:45:00,1.0,4374,4394,2,3,4002.75,Los Angeles,23.0,0.0,11.7,36.0,0.0,8.0625,73.4,56.0,66.615005,0.0,0.0,0.0
5538,2020-02-11 05:15:00,2020-02-11 05:45:00,0.5,5480,5480,2,1,2669.0,Los Angeles,17.0,0.0,5.1875,21.0,0.0,1.2708334,66.0,38.0,57.94583,0.0,0.0,0.0
5540,2020-02-11 15:45:00,2020-02-11 16:00:00,0.25,5261,5261,1,1,1315.25,Los Angeles,17.0,0.0,5.0625,23.0,0.0,3.375,62.6,40.0,54.75,0.0,0.0,0.0
5542,2020-02-11 19:45:00,2020-02-11 20:00:00,0.25,3879,3879,1,1,969.75,Los Angeles,20.0,0.0,11.0,27.0,0.0,5.5,73.0,49.0,66.299995,0.0,0.0,0.0
5544,2020-02-11 21:45:00,2020-02-11 22:00:00,0.25,6051,6051,1,1,1512.75,Los Angeles,19.0,3.0,10.6875,22.0,0.0,6.96875,74.0,53.0,67.2,0.0,0.0,0.0
5546,2020-02-11 23:00:00,2020-02-11 23:15:00,0.25,5736,5736,1,1,1434.0,Los Angeles,17.0,4.0,10.5625,22.0,0.0,5.0625,73.4,54.0,67.6,0.0,0.0,0.0
5548,2020-02-12 18:00:00,2020-02-12 18:45:00,0.75,5594,5594,3,1,4192.75,Los Angeles,10.0,0.0,4.484375,0.0,0.0,0.0,66.0,49.0,58.084373,0.0,0.0,0.0
5550,2020-02-13 18:30:00,2020-02-13 19:00:00,0.5,5716,5716,2,1,2465.0,Los Angeles,5.0,0.0,2.4166667,0.0,0.0,0.0,67.0,50.0,59.791668,0.0,0.0,0.0
5552,2020-02-13 20:30:00,2020-02-13 21:00:00,0.5,4246,4246,2,1,2121.5,Los Angeles,11.0,0.0,5.0625,15.0,0.0,0.625,69.8,57.0,63.34167,0.0,0.0,0.0
5554,2020-02-15 18:00:00,2020-02-15 18:30:00,0.5,6572,6572,2,1,3164.75,Los Angeles,19.0,0.0,3.1666667,0.0,0.0,0.0,67.0,52.0,58.8875,0.0,0.0,0.0
5556,2020-02-16 03:15:00,2020-02-16 03:30:00,0.25,6648,6648,1,1,1662.0,Los Angeles,15.0,0.0,4.9375,19.0,0.0,1.1875,60.8,48.0,56.36875,0.0,0.0,0.0
5558,2020-02-16 16:30:00,2020-02-16 17:00:00,0.5,5827,5827,1,1,2913.5,Los Angeles,22.0,0.0,3.9583333,27.0,0.0,0.5625,64.0,48.0,55.5625,1e-04,1e-04,2.0833334e-06
5560,2020-02-17 07:30:00,2020-02-17 08:45:00,1.25,8418,8520,3,2,10375.5,Los Angeles,33.0,0.0,5.7083335,47.0,0.0,3.3229167,68.0,45.0,55.127087,0.0,0.0,0.0
5562,2020-02-18 07:45:00,2020-02-18 08:00:00,0.25,7741,7741,1,1,1935.25,Los Angeles,7.0,0.0,2.875,0.0,0.0,0.0,60.0,41.0,54.106247,0.0,0.0,0.0
5564,2020-02-18 19:15:00,2020-02-18 20:00:00,0.75,6879,8068,2,2,4658.5,Los Angeles,11.0,0.0,3.6875,0.0,0.0,0.0,69.0,55.0,63.06875,0.0,0.0,0.0
5566,2020-02-18 20:15:00,2020-02-18 20:45:00,0.5,6469,6469,1,2,2840.25,Los Angeles,11.0,0.0,5.5833335,0.0,0.0,0.0,73.0,58.0,65.15417,0.0,0.0,0.0
5568,2020-02-19 05:45:00,2020-02-19 06:30:00,0.75,4131,4153,2,2,3088.25,Los Angeles,9.0,0.0,4.15625,0.0,0.0,0.0,61.0,43.0,55.2,0.0,0.0,0.0
5570,2020-02-19 21:45:00,2020-02-19 22:00:00,0.25,4883,4883,1,1,1220.75,Los Angeles,15.0,0.0,7.0,0.0,0.0,0.0,71.6,58.0,65.275,0.0,0.0,0.0
5572,2020-02-20 18:45:00,2020-02-20 19:00:00,0.25,5250,5250,1,1,1312.5,Los Angeles,17.0,0.0,4.0625,25.0,0.0,1.5625,75.0,54.0,66.950005,0.0,0.0,0.0
5574,2020-02-20 22:00:00,2020-02-20 22:15:00,0.25,4045,4045,1,1,1011.25,Los Angeles,13.0,0.0,5.5625,23.0,0.0,2.3125,80.0,59.0,72.425,0.0,0.0,0.0
5576,2020-02-21 18:45:00,2020-02-21 19:00:00,0.25,4564,4564,1,1,1141.0,Los Angeles,17.0,0.0,6.3125,27.0,0.0,1.6875,76.0,55.0,68.95,0.0,0.0,0.0
5578,2020-02-21 22:30:00,2020-02-21 22:45:00,0.25,4501,4501,1,1,1125.25,Los Angeles,15.0,3.0,8.0625,21.0,0.0,2.5625,78.0,57.0,70.7,0.0,0.0,0.0
5580,2020-02-21 23:45:00,2020-02-22 00:00:00,0.25,4176,4176,1,1,1044.0,Los Angeles,15.0,0.0,7.84375,26.0,0.0,3.0,76.0,60.0,69.950005,0.0,0.0,0.0
5582,2020-02-23 05:00:00,2020-02-23 05:15:00,0.25,7734,7734,1,1,1933.5,Los Angeles,16.0,0.0,5.3125,15.0,0.0,0.46875,60.0,41.0,54.45625,0.0,0.0,0.0
5584,2020-02-25 17:00:00,2020-02-25 18:45:00,1.75,7210,7210,7,1,9093.5,Los Angeles,24.0,0.0,6.234375,31.0,0.0,2.65625,80.0,48.0,66.41249,0.0002,1e-04,1.5625e-06
5586,2020-02-25 19:15:00,2020-02-25 20:15:00,1.0,4652,4652,1,4,4169.0,Los Angeles,20.0,0.0,8.3625,28.0,0.0,3.6125,82.0,57.0,73.42,0.0,0.0,0.0
5588,2020-02-25 21:15:00,2020-02-25 21:45:00,0.5,5677,5677,2,1,2747.5,Los Angeles,19.0,0.0,9.875,28.0,0.0,3.5416667,82.4,59.0,74.629166,0.0,0.0,0.0
5590,2020-02-26 17:45:00,2020-02-26 18:30:00,0.75,6803,6803,3,1,3737.75,Los Angeles,19.0,0.0,6.375,24.0,0.0,2.6875,76.0,53.0,66.74062,0.0,0.0,0.0
5592,2020-02-27 07:45:00,2020-02-27 15:30:00,7.75,8539,15900,9,16,43655.5,Los Angeles,18.0,0.0,3.5273438,0.0,0.0,0.0,69.8,28.0,55.46289,0.0,0.0,0.0
5594,2020-02-28 17:00:00,2020-02-28 18:00:00,1.0,5848,5848,3,2,4615.75,Los Angeles,14.0,0.0,4.375,0.0,0.0,0.0,80.0,56.0,69.854996,0.0,0.0,0.0
5596,2020-02-28 18:30:00,2020-02-28 20:00:00,1.5,6097,7556,3,4,8411.25,Los Angeles,12.0,0.0,4.910714,16.0,0.0,0.5714286,86.0,62.0,76.88214,0.0,0.0,0.0
5598,2020-02-28 20:15:00,2020-02-28 20:30:00,0.25,4425,4425,1,1,1106.25,Los Angeles,11.0,0.0,4.34375,21.0,0.0,1.3125,88.0,65.0,78.39375,0.0,0.0,0.0
5600,2020-02-28 21:30:00,2020-02-28 23:00:00,1.5,6044,6075,3,4,8024.5,Los Angeles,14.0,0.0,6.008929,18.0,0.0,0.6964286,87.0,66.0,78.671425,0.0,0.0,0.0
5602,2020-02-29 02:00:00,2020-02-29 02:15:00,0.25,6884,6884,1,1,1721.0,Los Angeles,15.0,0.0,4.46875,0.0,0.0,0.0,76.0,61.0,69.787506,0.0,0.0,0.0
5604,2020-03-04 18:15:00,2020-03-04 18:45:00,0.5,6722,6722,2,1,2982.0,Los Angeles,8.0,0.0,4.0,0.0,0.0,0.0,69.0,58.0,64.012505,0.0,0.0,0.0
5606,2020-03-04 19:15:00,2020-03-04 19:30:00,0.25,3841,3841,1,1,960.25,Los Angeles,8.0,0.0,4.46875,0.0,0.0,0.0,72.0,59.0,65.868744,0.0,0.0,0.0
5608,2020-03-05 17:45:00,2020-03-05 18:00:00,0.25,4510,4510,1,1,1127.5,Los Angeles,8.0,0.0,3.3125,0.0,0.0,0.0,68.0,59.0,63.3625,0.0,0.0,0.0
5610,2020-03-05 21:45:00,2020-03-05 22:15:00,0.5,13238,13238,1,2,6612.25,Los Angeles,11.0,0.0,6.4375,0.0,0.0,0.0,81.0,62.0,71.8375,0.0,0.0,0.0
5612,2020-03-07 15:45:00,2020-03-07 16:30:00,0.75,5354,5354,3,1,4004.75,Los Angeles,16.0,0.0,5.953125,20.0,0.0,1.1875,60.8,39.0,53.99688,0.02,0.02,0.0003125
5614,2020-03-07 17:15:00,2020-03-07 18:00:00,0.75,5481,5481,2,2,3709.25,Los Angeles,19.0,0.0,7.71875,25.0,0.0,2.28125,61.0,41.0,55.596874,0.0,0.0,0.0
5616,2020-03-10 20:45:00,2020-03-10 23:45:00,3.0,4631,4738,8,5,13267.5,Los Angeles,22.0,0.0,10.370193,35.0,0.0,5.1778846,69.0,47.0,61.805767,4.0314,0.45,0.019381732
5618,2020-03-11 20:00:00,2020-03-11 20:30:00,0.5,6807,6807,1,2,3400.5,Los Angeles,11.0,2.0,6.2291665,0.0,0.0,0.0,71.0,48.0,64.2125,0.0,0.0,0.0
5620,2020-03-12 16:30:00,2020-03-12 17:15:00,0.75,6975,6975,1,3,5114.25,Los Angeles,24.0,0.0,5.375,29.0,0.0,1.78125,64.0,48.0,57.0625,0.07,0.06,0.00109375
5622,2020-03-12 20:00:00,2020-03-12 20:15:00,0.25,4455,4455,1,1,1113.75,Los Angeles,15.0,2.0,7.5,23.0,0.0,1.4375,60.0,47.0,55.6625,1.9302,0.24,0.06031875
5624,2020-03-12 23:00:00,2020-03-12 23:15:00,0.25,4506,4506,1,1,1126.5,Los Angeles,19.0,0.0,6.4375,16.0,0.0,0.5,59.0,47.0,53.61875,1.54,0.27,0.048125
5626,2020-03-13 00:15:00,2020-03-13 00:30:00,0.25,5061,5061,1,1,1265.25,Los Angeles,17.0,0.0,7.03125,21.0,0.0,1.90625,58.0,44.0,53.168747,1.54,0.22,0.048125
5628,2020-03-14 06:15:00,2020-03-14 07:00:00,0.75,4466,4466,3,1,3344.25,Los Angeles,23.0,0.0,5.78125,31.0,0.0,2.09375,59.0,42.0,53.684376,0.0502,0.01,0.000784375
5630,2020-03-14 07:30:00,2020-03-14 07:45:00,0.25,4611,4611,1,1,1152.75,Los Angeles,23.0,0.0,5.28125,37.0,0.0,2.78125,59.0,41.0,53.73125,0.020399999,0.01,0.00063749996
5632,2020-03-16 16:00:00,2020-03-16 16:15:00,0.25,5927,5927,1,1,1481.75,Los Angeles,16.0,0.0,6.71875,27.0,0.0,2.5625,60.0,38.0,53.35,0.0802,0.04,0.00250625
5634,2020-03-16 17:30:00,2020-03-16 17:45:00,0.25,6282,6282,1,1,1570.5,Los Angeles,22.0,2.0,9.9375,33.0,0.0,6.46875,62.6,38.0,55.65625,0.1601,0.08,0.005003125
5636,2020-03-17 00:45:00,2020-03-17 01:00:00,0.25,5012,5012,1,1,1253.0,Los Angeles,17.0,0.0,8.09375,22.0,0.0,4.9375,57.2,36.0,51.34375,2.4001002,0.31,0.07500313
5638,2020-03-17 01:30:00,2020-03-17 02:00:00,0.5,6464,6464,1,2,2834.25,Los Angeles,17.0,0.0,7.375,21.0,0.0,0.75,57.2,36.0,50.791668,2.1704,0.16,0.045216665
5640,2020-03-17 15:45:00,2020-03-17 16:00:00,0.25,13449,13449,1,1,3362.25,Los Angeles,11.0,0.0,3.3125,0.0,0.0,0.0,54.0,32.0,46.918747,0.1802,0.05,0.00563125
5642,2020-03-18 16:45:00,2020-03-18 17:15:00,0.5,5020,5020,2,1,2309.75,Los Angeles,13.0,0.0,3.9375,18.0,0.0,1.0833334,55.0,37.0,49.295834,0.0,0.0,0.0
5644,2020-03-18 21:00:00,2020-03-18 21:15:00,0.25,14155,14155,1,1,3538.75,Los Angeles,18.0,0.0,7.53125,17.0,0.0,1.03125,64.0,44.0,58.137497,0.0,0.0,0.0
5646,2020-03-18 21:30:00,2020-03-18 21:45:00,0.25,14086,14086,1,1,3521.5,Los Angeles,19.0,0.0,9.4375,22.0,0.0,2.65625,64.0,44.0,57.86875,0.0,0.0,0.0
5648,2020-03-19 02:15:00,2020-03-19 02:45:00,0.5,5187,5187,1,2,2555.5,Los Angeles,24.0,0.0,13.020833,29.0,0.0,6.7083335,61.0,38.0,53.75833,0.0,0.0,0.0
5650,2020-03-20 01:00:00,2020-03-20 02:15:00,1.25,7321,7322,3,3,9129.25,Los Angeles,18.0,0.0,7.5104165,26.0,0.0,1.7916666,62.0,40.0,53.618748,0.1107,0.03,0.001153125
5652,2020-03-22 19:30:00,2020-03-22 20:15:00,0.75,5888,5888,1,3,3492.75,Los Angeles,15.0,0.0,6.9375,22.0,0.0,1.765625,70.0,50.0,63.824997,0.0004,1e-04,6.25e-06
5654,2020-03-23 02:30:00,2020-03-23 03:00:00,0.5,5956,5956,1,2,2805.25,Los Angeles,16.0,0.0,7.7083335,22.0,0.0,1.3333334,60.0,45.0,54.608337,4.6401,0.58,0.09666875
5657,2020-03-26 00:15:00,2020-03-26 00:30:00,0.25,7544,7544,1,1,1886.0,Los Angeles,21.0,0.0,11.125,19.0,0.0,4.71875,64.0,41.0,56.80625,0.12,0.06,0.00375
5659,2020-03-26 16:15:00,2020-03-26 16:30:00,0.25,20794,20794,1,1,5198.5,Los Angeles,19.0,0.0,7.625,21.0,0.0,1.21875,59.0,33.0,49.775,0.0,0.0,0.0
5661,2020-03-26 16:45:00,2020-03-26 17:15:00,0.5,21338,21338,1,2,10662.0,Los Angeles,18.0,0.0,7.8333335,24.0,0.0,4.3333335,59.0,34.0,51.545837,0.0,0.0,0.0
5663,2020-03-26 21:30:00,2020-03-26 23:45:00,2.25,6135,6654,5,5,10041.25,Los Angeles,26.0,0.0,15.4375,33.0,0.0,12.8,62.0,39.0,56.3675,0.0008,1e-04,5e-06
5665,2020-03-27 10:00:00,2020-03-27 10:45:00,0.75,9077,9077,1,3,4498.5,Los Angeles,31.0,0.0,7.28125,37.0,0.0,2.953125,53.0,33.0,45.984375,0.0,0.0,0.0
5667,2020-03-27 16:00:00,2020-03-27 16:30:00,0.5,15028,15028,2,1,6330.5,Los Angeles,23.0,0.0,9.041667,33.0,0.0,2.4375,62.0,36.0,51.895832,0.0,0.0,0.0
5669,2020-03-27 17:00:00,2020-03-27 17:45:00,0.75,4376,4379,2,2,3089.75,Los Angeles,28.0,0.0,9.1875,33.0,0.0,3.578125,64.0,40.0,55.0,0.0,0.0,0.0
5671,2020-03-27 18:30:00,2020-03-27 20:00:00,1.5,5321,5493,4,3,6781.0,Los Angeles,20.0,0.0,9.616072,29.0,0.0,4.598214,67.0,41.0,58.510715,0.0,0.0,0.0
5673,2020-03-28 23:45:00,2020-03-29 00:45:00,1.0,7574,7574,2,3,7485.25,Los Angeles,16.0,0.0,8.475,0.0,0.0,0.0,66.2,46.0,60.575,0.0,0.0,0.0
5675,2020-03-30 18:45:00,2020-03-30 19:00:00,0.25,4881,4881,1,1,1220.25,Los Angeles,10.0,0.0,4.25,0.0,0.0,0.0,71.0,57.0,64.525,0.0,0.0,0.0
5677,2020-03-30 20:00:00,2020-03-30 20:15:00,0.25,5956,5956,1,1,1489.0,Los Angeles,13.0,0.0,5.0625,0.0,0.0,0.0,71.6,57.0,66.125,0.0,0.0,0.0
5679,2020-04-02 21:15:00,2020-04-02 21:30:00,0.25,4052,4052,1,1,1013.0,Los Angeles,16.0,0.0,9.0,25.0,0.0,4.21875,69.0,50.0,64.125,0.0,0.0,0.0
5681,2020-04-04 05:15:00,2020-04-04 07:15:00,2.0,5642,5643,2,3,11281.75,Los Angeles,22.0,0.0,6.076389,0.0,0.0,0.0,64.4,45.0,55.87222,0.0,0.0,0.0
5683,2020-04-05 20:00:00,2020-04-05 21:00:00,1.0,4517,4517,1,4,4512.25,Los Angeles,21.0,0.0,10.1625,31.0,0.0,4.8875,65.0,43.0,58.504997,0.030199999,0.01,0.0003775
5685,2020-04-07 23:45:00,2020-04-08 00:00:00,0.25,4004,4004,1,1,1001.0,Los Angeles,19.0,0.0,7.8125,26.0,0.0,2.5625,59.0,41.0,53.324997,1.3599999,0.14,0.042499997
5687,2020-04-08 22:15:00,2020-04-08 22:30:00,0.25,22828,22828,1,1,5707.0,Los Angeles,18.0,2.0,9.625,18.0,0.0,2.96875,63.0,40.0,55.68125,0.0,0.0,0.0
5689,2020-04-09 16:15:00,2020-04-09 16:45:00,0.5,4022,4022,1,1,2011.0,Los Angeles,11.0,0.0,6.4583335,0.0,0.0,0.0,56.0,35.0,49.704166,0.73039997,0.07,0.015216666
5691,2020-04-10 22:45:00,2020-04-11 00:00:00,1.25,4262,4262,4,2,5293.5,Los Angeles,14.0,0.0,6.4895835,16.0,0.0,0.16666667,66.0,47.0,57.829163,0.4512,0.09,0.0047
5693,2020-04-11 00:15:00,2020-04-11 00:30:00,0.25,4165,4165,1,1,1041.25,Los Angeles,12.0,0.0,5.46875,15.0,0.0,0.46875,66.0,46.0,57.225002,0.00029999999,1e-04,9.3749995e-06
5695,2020-04-13 23:30:00,2020-04-13 23:45:00,0.25,4093,4093,1,1,1023.25,Los Angeles,24.0,3.0,9.84375,29.0,0.0,3.5,68.0,55.0,61.175003,0.0,0.0,0.0
5697,2020-04-14 00:15:00,2020-04-14 00:30:00,0.25,12764,12764,1,1,3191.0,Los Angeles,26.0,3.0,9.5,30.0,0.0,1.625,66.0,55.0,60.9875,0.0,0.0,0.0
5699,2020-04-15 04:45:00,2020-04-15 05:00:00,0.25,4439,4439,1,1,1109.75,Los Angeles,14.0,0.0,4.28125,16.0,0.0,0.5,73.4,46.0,61.1875,0.0,0.0,0.0
5701,2020-04-15 18:00:00,2020-04-15 19:30:00,1.5,5295,5488,3,4,6616.0,Los Angeles,11.0,0.0,4.866071,0.0,0.0,0.0,82.0,65.0,73.60179,0.0,0.0,0.0
5703,2020-04-19 09:45:00,2020-04-19 13:30:00,3.75,9134,9134,1,5,33855.5,Los Angeles,20.0,0.0,4.2070312,27.0,0.0,0.6328125,60.0,44.0,53.984375,0.0,0.0,0.0
5705,2020-04-20 09:15:00,2020-04-20 09:30:00,0.25,4646,4646,1,1,1161.5,Los Angeles,18.0,0.0,5.5625,0.0,0.0,0.0,61.0,47.0,55.33125,0.0,0.0,0.0
5707,2020-04-21 19:45:00,2020-04-21 20:00:00,0.25,7093,7093,1,1,1773.25,Los Angeles,26.0,0.0,11.0,33.0,0.0,6.0625,78.0,51.0,67.75,0.0,0.0,0.0
5709,2020-04-22 14:30:00,2020-04-22 15:15:00,0.75,33420,33420,3,1,10948.5,Los Angeles,12.0,0.0,2.078125,0.0,0.0,0.0,66.0,48.0,59.765625,0.0,0.0,0.0
5711,2020-04-22 19:30:00,2020-04-22 20:00:00,0.5,4644,4644,2,1,2318.5,Los Angeles,12.0,0.0,6.875,14.0,0.0,0.5833333,91.0,63.0,75.975006,0.0,0.0,0.0
5713,2020-04-22 20:30:00,2020-04-22 20:45:00,0.25,4628,4628,1,1,1157.0,Los Angeles,11.0,2.0,7.65625,14.0,0.0,0.875,91.0,64.0,76.95625,0.0,0.0,0.0
5715,2020-04-22 21:30:00,2020-04-22 21:45:00,0.25,4609,4609,1,1,1152.25,Los Angeles,20.0,3.0,9.90625,17.0,0.0,1.40625,92.0,65.0,77.85625,0.0,0.0,0.0
5717,2020-04-23 11:15:00,2020-04-23 11:30:00,0.25,5874,5874,1,1,1468.5,Los Angeles,45.0,0.0,7.96875,54.0,0.0,3.875,76.0,55.0,64.7125,0.0,0.0,0.0
5719,2020-04-24 04:45:00,2020-04-24 05:15:00,0.5,4096,4096,1,2,2047.5,Los Angeles,21.0,0.0,7.0625,18.0,0.0,1.4583334,84.2,57.0,71.049995,0.0,0.0,0.0
5721,2020-04-24 22:45:00,2020-04-25 01:30:00,2.75,9490,11000,6,6,18623.0,Los Angeles,165.0,0.0,13.401042,24.0,0.0,1.40625,98.6,69.0,85.11875,0.0,0.0,0.0
5723,2020-04-25 02:15:00,2020-04-25 03:00:00,0.75,4050,4050,3,1,2952.75,Los Angeles,18.0,0.0,7.59375,15.0,0.0,0.234375,93.0,61.0,79.268745,0.0,0.0,0.0
5725,2020-04-25 08:15:00,2020-04-25 09:15:00,1.0,6894,6894,2,3,6124.75,Los Angeles,25.0,0.0,6.5125,0.0,0.0,0.0,89.6,55.0,69.7,0.0,0.0,0.0
5727,2020-04-26 16:15:00,2020-04-26 16:30:00,0.25,11944,11944,1,1,2986.0,Los Angeles,11.0,0.0,2.625,0.0,0.0,0.0,81.0,64.0,71.5375,0.0,0.0,0.0
5729,2020-04-27 13:45:00,2020-04-27 14:00:00,0.25,4485,4485,1,1,1121.25,Los Angeles,26.0,0.0,6.03125,34.0,0.0,2.8125,66.2,53.0,60.96875,0.0,0.0,0.0
5731,2020-04-27 14:30:00,2020-04-27 14:45:00,0.25,18570,18570,1,1,4642.5,Los Angeles,34.0,0.0,5.3125,42.0,0.0,3.03125,69.0,53.0,62.98125,0.0,0.0,0.0
5733,2020-04-28 17:45:00,2020-04-28 18:00:00,0.25,10080,10080,1,1,2520.0,Los Angeles,17.0,0.0,4.75,22.0,0.0,1.375,80.0,69.0,75.25,0.0,0.0,0.0
5735,2020-04-29 15:45:00,2020-04-29 16:00:00,0.25,16748,16748,1,1,4187.0,Los Angeles,6.0,0.0,1.96875,0.0,0.0,0.0,75.0,61.0,66.1625,0.0,0.0,0.0
5737,2020-04-30 14:30:00,2020-04-30 14:45:00,0.25,3976,3976,1,1,994.0,Los Angeles,20.0,0.0,3.78125,31.0,0.0,1.8125,70.0,57.0,62.393753,0.0,0.0,0.0
5739,2020-05-01 06:45:00,2020-05-01 07:00:00,0.25,10875,10875,1,1,2718.75,Los Angeles,35.0,0.0,8.25,43.0,0.0,5.625,80.6,58.0,65.012505,0.0,0.0,0.0
5741,2020-05-04 13:15:00,2020-05-04 13:30:00,0.25,4905,4905,1,1,1226.25,Los Angeles,27.0,0.0,4.09375,37.0,0.0,2.3125,64.4,30.9,57.509377,0.0,0.0,0.0
5743,2020-05-04 14:30:00,2020-05-04 15:30:00,1.0,9979,9979,2,2,9968.5,Los Angeles,23.0,0.0,5.2875,35.0,0.0,1.6375,70.0,50.0,62.75,0.0,0.0,0.0
5745,2020-05-04 16:15:00,2020-05-04 16:45:00,0.5,11230,11230,2,1,5318.75,Los Angeles,20.0,0.0,4.4375,24.0,0.0,1.3541666,74.0,57.0,67.012505,0.0,0.0,0.0
5747,2020-05-08 19:30:00,2020-05-08 19:45:00,0.25,10350,10350,1,1,2587.5,Los Angeles,13.0,0.0,8.03125,18.0,0.0,0.5625,92.0,65.0,80.44375,0.0,0.0,0.0
5749,2020-05-11 19:30:00,2020-05-11 20:00:00,0.5,17892,17892,1,2,8945.5,Los Angeles,21.0,0.0,7.875,27.0,0.0,2.0208333,78.0,53.0,68.754166,0.0,0.0,0.0
5751,2020-05-12 16:00:00,2020-05-12 16:30:00,0.5,5925,5925,2,1,2696.5,Los Angeles,18.0,0.0,4.8958335,23.0,0.0,0.9375,68.0,53.0,61.983334,0.0,0.0,0.0
5753,2020-05-13 06:00:00,2020-05-13 06:15:00,0.25,5172,5172,1,1,1293.0,Los Angeles,20.0,0.0,7.6875,22.0,0.0,1.9375,69.8,46.0,60.825,0.0,0.0,0.0
5755,2020-05-14 17:45:00,2020-05-14 18:00:00,0.25,6218,6218,1,1,1554.5,Los Angeles,27.0,0.0,8.5625,30.0,0.0,4.8125,76.0,51.0,68.625,0.0,0.0,0.0
5757,2020-05-14 20:30:00,2020-05-14 20:45:00,0.25,3914,3914,1,1,978.5,Los Angeles,27.0,7.0,13.0625,34.0,0.0,5.96875,82.0,58.0,72.03125,0.0,0.0,0.0
5759,2020-05-15 17:00:00,2020-05-15 17:15:00,0.25,6347,6347,1,1,1586.75,Los Angeles,23.0,0.0,8.03125,21.0,0.0,1.3125,76.0,48.0,67.775,0.0,0.0,0.0
5761,2020-05-18 00:15:00,2020-05-18 03:30:00,3.25,7006,7033,9,3,21331.0,Los Angeles,22.0,0.0,9.625,30.0,0.0,2.232143,80.6,58.0,67.98214,0.0,0.0,0.0
5763,2020-05-18 11:30:00,2020-05-18 12:00:00,0.5,5257,5257,1,1,2628.5,Los Angeles,20.0,0.0,6.9583335,19.0,0.0,1.6666666,67.0,50.0,61.566666,0.00059999997,1e-04,1.25e-05
5765,2020-05-18 18:30:00,2020-05-18 20:15:00,1.75,8746,10649,5,3,13952.25,Los Angeles,28.0,0.0,10.4140625,34.0,0.0,4.8828125,72.0,55.0,64.99375,0.4012,0.05,0.003134375
5767,2020-05-20 06:30:00,2020-05-20 10:45:00,4.25,4715,6061,8,9,19002.75,Los Angeles,20.0,0.0,4.5416665,33.0,0.0,1.0625,68.0,45.0,57.239582,0.0,0.0,0.0
5769,2020-05-21 17:15:00,2020-05-21 17:45:00,0.5,24214,24214,2,1,7800.0,Los Angeles,9.0,0.0,4.4791665,0.0,0.0,0.0,78.0,63.0,70.50833,0.0,0.0,0.0
5771,2020-05-26 10:00:00,2020-05-26 21:30:00,11.5,88902,94677,21,13,85037.5,Los Angeles,14.0,0.0,4.3577127,19.0,0.0,0.375,98.0,57.0,71.03697,0.0,0.0,0.0
5773,2020-05-26 22:00:00,2020-05-26 22:15:00,0.25,6277,6277,1,1,1569.25,Los Angeles,16.0,0.0,10.34375,21.0,0.0,1.90625,99.0,66.0,82.44375,0.0,0.0,0.0
5775,2020-05-28 07:15:00,2020-05-28 09:15:00,2.0,4680,4688,4,4,8932.5,Los Angeles,15.0,0.0,3.9305556,0.0,0.0,0.0,78.0,56.0,65.32917,0.0002,1e-04,1.3888889e-06
5777,2020-05-28 17:15:00,2020-05-28 17:45:00,0.5,4027,4027,2,1,1957.5,Los Angeles,12.0,0.0,5.6666665,0.0,0.0,0.0,96.0,60.0,72.78333,0.00029999999,1e-04,6.25e-06
5779,2020-05-28 23:15:00,2020-05-28 23:30:00,0.25,4615,4615,1,1,1153.75,Los Angeles,21.0,0.0,10.125,27.0,0.0,2.4375,99.0,64.0,76.54375,0.0,0.0,0.0
5781,2020-05-28 23:45:00,2020-05-29 00:00:00,0.25,8050,8050,1,1,2012.5,Los Angeles,23.0,0.0,10.40625,32.0,0.0,4.6875,96.0,64.0,75.7,1e-04,1e-04,3.125e-06
5783,2020-05-29 20:15:00,2020-05-29 21:15:00,1.0,5895,5896,2,3,5892.25,Los Angeles,21.0,0.0,8.2375,27.0,0.0,3.575,94.0,60.0,71.5,1e-04,1e-04,1.25e-06
5785,2020-05-30 08:00:00,2020-05-30 10:45:00,2.75,8356,8586,3,6,20827.0,Los Angeles,22.0,0.0,5.609375,26.0,0.0,0.5052083,66.2,47.0,60.903126,0.0,0.0,0.0
5787,2020-05-31 01:15:00,2020-05-31 01:45:00,0.5,4754,4754,1,2,2376.5,Los Angeles,23.0,4.0,12.708333,27.0,0.0,5.6041665,73.4,56.0,67.21667,0.0,0.0,0.0
5789,2020-06-01 09:30:00,2020-06-01 10:00:00,0.5,4684,4684,1,1,2342.0,Los Angeles,11.0,0.0,3.0416667,0.0,0.0,0.0,68.0,59.0,63.1375,0.0,0.0,0.0
5791,2020-06-01 16:15:00,2020-06-01 16:30:00,0.25,15429,15429,1,1,3857.25,Los Angeles,9.0,0.0,3.625,0.0,0.0,0.0,79.0,66.0,71.225,0.0,0.0,0.0
5793,2020-06-01 20:45:00,2020-06-01 21:30:00,0.75,8934,8934,1,3,4448.5,Los Angeles,18.0,4.0,11.890625,27.0,0.0,4.484375,88.0,71.0,79.00313,0.0,0.0,0.0
5795,2020-06-02 00:00:00,2020-06-02 00:15:00,0.25,4070,4070,1,1,1017.5,Los Angeles,18.0,4.0,11.1875,23.0,0.0,4.34375,88.0,65.0,78.8375,0.0,0.0,0.0
5797,2020-06-02 20:15:00,2020-06-02 21:15:00,1.0,8393,8510,2,3,6641.25,Los Angeles,11.0,0.0,6.6375,0.0,0.0,0.0,93.0,66.0,79.7325,0.0,0.0,0.0
5799,2020-06-03 20:15:00,2020-06-03 20:30:00,0.25,4187,4187,1,1,1046.75,Los Angeles,13.0,0.0,7.5625,0.0,0.0,0.0,100.0,68.0,84.74375,0.0,0.0,0.0
5801,2020-06-04 17:00:00,2020-06-04 17:15:00,0.25,3935,3935,1,1,983.75,Los Angeles,12.0,0.0,5.65625,0.0,0.0,0.0,93.0,62.0,73.0875,0.0,0.0,0.0
5803,2020-06-04 17:45:00,2020-06-04 18:15:00,0.5,4340,4340,2,1,2065.25,Los Angeles,13.0,0.0,6.2291665,0.0,0.0,0.0,97.0,64.0,74.97083,0.0,0.0,0.0
5805,2020-06-04 18:30:00,2020-06-04 20:15:00,1.75,55628,55628,3,5,83766.25,Los Angeles,16.0,0.0,8.3203125,17.0,0.0,2.125,98.0,64.0,76.5625,0.0,0.0,0.0
5807,2020-06-04 23:00:00,2020-06-04 23:45:00,0.75,6800,6800,2,2,4988.75,Los Angeles,23.0,0.0,9.828125,30.0,0.0,4.515625,96.0,66.0,76.15312,0.0,0.0,0.0
5809,2020-06-08 02:45:00,2020-06-08 03:30:00,0.75,3868,3868,1,1,2901.0,Los Angeles,24.0,2.0,12.703125,37.0,0.0,9.8125,74.0,51.0,66.88438,1e-04,1e-04,1.5625e-06
5811,2020-06-08 06:00:00,2020-06-08 23:30:00,17.5,15872,40763,40,31,174024.75,Los Angeles,26.0,0.0,11.117078,37.0,0.0,9.483274,89.6,42.0,69.14172,0.0,0.0,0.0
5813,2020-06-09 00:15:00,2020-06-09 01:30:00,1.25,6595,6608,4,2,7088.0,Los Angeles,19.0,0.0,11.666667,25.0,0.0,5.1458335,89.6,64.0,79.481255,0.0,0.0,0.0
5815,2020-06-09 05:15:00,2020-06-09 05:30:00,0.25,5129,5129,1,1,1282.25,Los Angeles,15.0,0.0,7.1875,20.0,0.0,3.15625,84.2,55.0,73.6,0.0,0.0,0.0
5817,2020-06-09 17:00:00,2020-06-09 17:15:00,0.25,3859,3859,1,1,964.75,Los Angeles,13.0,0.0,4.53125,0.0,0.0,0.0,88.0,70.0,82.5,0.0,0.0,0.0
5819,2020-06-09 17:30:00,2020-06-09 17:45:00,0.25,5756,5756,1,1,1439.0,Los Angeles,13.0,0.0,5.875,19.0,0.0,0.59375,92.0,70.0,84.79375,0.0,0.0,0.0
5821,2020-06-09 18:30:00,2020-06-09 19:15:00,0.75,4947,4947,2,2,3591.75,Los Angeles,14.0,0.0,6.25,20.0,0.0,1.53125,94.0,72.0,87.83125,0.0,0.0,0.0
5823,2020-06-09 21:45:00,2020-06-09 22:15:00,0.5,4625,4625,1,2,2311.75,Los Angeles,17.0,3.0,9.229167,20.0,0.0,4.3333335,96.0,79.0,89.787506,1e-04,1e-04,2.0833334e-06
5825,2020-06-09 22:30:00,2020-06-09 22:45:00,0.25,4634,4634,1,1,1158.5,Los Angeles,17.0,4.0,10.28125,21.0,0.0,4.6875,96.8,79.0,89.2125,0.0,0.0,0.0
5827,2020-06-09 23:30:00,2020-06-09 23:45:00,0.25,4135,4135,1,1,1033.75,Los Angeles,18.0,4.0,10.5,21.0,0.0,6.1875,96.0,80.0,88.5875,0.0,0.0,0.0
5829,2020-06-10 00:45:00,2020-06-10 01:45:00,1.0,5759,5759,1,4,5078.5,Los Angeles,19.0,4.0,10.625,23.0,0.0,4.8375,93.2,71.0,86.3275,0.0,0.0,0.0
5831,2020-06-10 17:30:00,2020-06-10 18:00:00,0.5,8230,8230,2,1,3634.25,Los Angeles,11.0,0.0,4.6666665,19.0,0.0,0.7916667,95.0,74.0,86.270836,0.0,0.0,0.0
5833,2020-06-11 01:45:00,2020-06-11 02:00:00,0.25,3852,3852,1,1,963.0,Los Angeles,18.0,3.0,10.21875,23.0,0.0,2.0625,95.0,68.0,84.2625,0.0,0.0,0.0
5835,2020-06-11 17:45:00,2020-06-11 18:30:00,0.75,4601,4601,3,1,3163.75,Los Angeles,11.0,0.0,6.484375,0.0,0.0,0.0,92.0,65.0,83.35312,0.0,0.0,0.0
5837,2020-06-11 21:45:00,2020-06-11 22:15:00,0.5,4814,4814,1,2,2405.75,Los Angeles,24.0,0.0,9.958333,30.0,0.0,2.6041667,95.0,68.0,84.35,0.0,0.0,0.0
5839,2020-06-12 16:30:00,2020-06-12 16:45:00,0.25,4338,4338,1,1,1084.5,Los Angeles,17.0,0.0,6.15625,23.0,0.0,1.3125,81.0,62.0,68.83125,0.0,0.0,0.0
5841,2020-06-13 01:15:00,2020-06-13 02:00:00,0.75,7414,7414,2,2,4669.75,Los Angeles,26.0,3.0,11.578125,31.0,0.0,3.734375,81.0,59.0,70.43437,0.0,0.0,0.0
5843,2020-06-13 20:30:00,2020-06-13 20:45:00,0.25,4204,4204,1,1,1051.0,Los Angeles,26.0,0.0,11.3125,28.0,0.0,4.3125,81.0,62.0,73.4125,0.0,0.0,0.0
5845,2020-06-15 02:15:00,2020-06-15 02:45:00,0.5,3815,3815,1,2,1907.25,Los Angeles,22.0,3.0,10.166667,27.0,0.0,2.6875,81.0,61.0,71.125,0.0,0.0,0.0
5847,2020-06-15 04:00:00,2020-06-15 04:15:00,0.25,4151,4151,1,1,1037.75,Los Angeles,19.0,0.0,8.40625,27.0,0.0,1.6875,78.8,60.0,68.4875,0.0,0.0,0.0
5849,2020-06-16 21:30:00,2020-06-16 21:45:00,0.25,20879,20879,1,1,5219.75,Los Angeles,29.0,3.0,10.625,35.0,0.0,5.375,86.0,63.0,72.88125,0.0,0.0,0.0
5851,2020-06-17 06:45:00,2020-06-17 07:00:00,0.25,4996,4996,1,1,1249.0,Los Angeles,22.0,0.0,6.78125,27.0,0.0,4.1875,75.2,54.0,64.40625,0.0,0.0,0.0
5853,2020-06-19 16:00:00,2020-06-19 16:30:00,0.5,5830,5830,1,2,2734.75,Los Angeles,12.0,0.0,4.3541665,17.0,0.0,1.0625,81.0,59.0,66.90417,0.0,0.0,0.0
5855,2020-06-20 01:45:00,2020-06-20 03:00:00,1.25,5462,5540,3,3,6275.5,Los Angeles,20.0,0.0,9.135417,22.0,0.0,1.5729166,87.0,57.0,69.74584,0.0,0.0,0.0
5857,2020-06-24 23:45:00,2020-06-25 00:00:00,0.25,12072,12072,1,1,3018.0,Los Angeles,22.0,7.0,11.09375,25.0,0.0,4.0625,95.0,65.0,77.25,0.0,0.0,0.0
5859,2020-06-25 01:45:00,2020-06-25 02:00:00,0.25,4524,4524,1,1,1131.0,Los Angeles,18.0,0.0,9.375,24.0,0.0,2.40625,89.0,61.0,72.5375,0.0,0.0,0.0
5861,2020-06-25 02:45:00,2020-06-25 03:00:00,0.25,5942,5942,1,1,1485.5,Los Angeles,20.0,0.0,8.65625,22.0,0.0,1.625,87.0,57.0,70.375,0.0,0.0,0.0
5863,2020-06-25 17:30:00,2020-06-25 18:00:00,0.5,4473,4473,1,2,2151.25,Los Angeles,17.0,0.0,5.6041665,22.0,0.0,0.45833334,92.0,62.0,70.5625,0.0,0.0,0.0
5865,2020-06-25 19:45:00,2020-06-25 21:00:00,1.25,6446,6650,2,4,6211.5,Los Angeles,22.0,0.0,8.010417,27.0,0.0,1.9479166,95.0,66.0,75.93333,0.0,0.0,0.0
5867,2020-06-26 17:30:00,2020-06-26 17:45:00,0.25,6297,6297,1,1,1574.25,Los Angeles,10.0,0.0,4.625,0.0,0.0,0.0,92.0,64.0,73.3,0.0,0.0,0.0
5869,2020-06-27 19:30:00,2020-06-27 20:15:00,0.75,4162,4162,3,1,3060.75,Los Angeles,18.0,0.0,8.46875,21.0,0.0,0.953125,100.0,64.0,77.859375,0.0,0.0,0.0
5871,2020-06-29 21:15:00,2020-06-30 02:15:00,5.0,15129,17356,10,11,40383.75,Los Angeles,26.0,0.0,10.136905,31.0,0.0,4.419643,82.0,60.0,71.59405,0.0,0.0,0.0
5873,2020-06-30 17:30:00,2020-06-30 18:00:00,0.5,5223,5223,2,1,2582.0,Los Angeles,10.0,0.0,4.4583335,0.0,0.0,0.0,81.0,65.0,71.145836,0.0,0.0,0.0
5875,2020-06-30 21:00:00,2020-06-30 22:00:00,1.0,7988,8512,3,2,7160.0,Los Angeles,17.0,4.0,9.925,21.0,0.0,3.9125,91.0,63.0,75.9675,0.0,0.0,0.0
5877,2020-07-01 17:15:00,2020-07-01 17:30:00,0.25,8134,8134,1,1,2033.5,Los Angeles,14.0,0.0,5.03125,19.0,0.0,0.59375,84.0,62.0,67.9875,0.0,0.0,0.0
5879,2020-07-01 19:45:00,2020-07-01 20:00:00,0.25,7444,7444,1,1,1861.0,Los Angeles,19.0,0.0,7.75,26.0,0.0,3.5625,88.0,66.0,72.40625,0.0,0.0,0.0
5881,2020-07-05 01:45:00,2020-07-05 02:00:00,0.25,10630,10630,1,1,2657.5,Los Angeles,21.0,5.0,10.625,0.0,0.0,0.0,91.0,67.0,79.7,0.0,0.0,0.0
5883,2020-07-05 07:30:00,2020-07-05 08:00:00,0.5,4071,4071,2,1,1996.25,Los Angeles,12.0,0.0,4.125,22.0,0.0,1.125,82.4,64.0,70.42916,0.0,0.0,0.0
5885,2020-07-06 16:45:00,2020-07-06 18:30:00,1.75,5776,5872,5,3,9308.5,Los Angeles,15.0,0.0,5.5,0.0,0.0,0.0,93.0,70.0,81.17344,0.0,0.0,0.0
5887,2020-07-06 21:00:00,2020-07-06 23:00:00,2.0,5425,5475,4,5,9510.25,Los Angeles,21.0,2.0,10.631945,27.0,0.0,3.7222223,98.0,73.0,85.09028,0.0,0.0,0.0
5889,2020-07-06 23:15:00,2020-07-07 01:45:00,2.5,5061,5521,6,5,11128.25,Los Angeles,24.0,0.0,10.0,36.0,0.0,2.2102273,97.0,68.0,83.56705,0.0,0.0,0.0
5891,2020-07-07 03:45:00,2020-07-07 04:00:00,0.25,3804,3804,1,1,951.0,Los Angeles,17.0,0.0,7.875,0.0,0.0,0.0,91.4,64.0,76.862495,0.0,0.0,0.0
5893,2020-07-07 05:30:00,2020-07-07 08:00:00,2.5,5495,6071,4,7,13124.0,Los Angeles,20.0,0.0,6.3125,28.0,0.0,1.5454545,91.4,62.0,73.39432,0.0,0.0,0.0
5895,2020-07-07 09:00:00,2020-07-07 09:15:00,0.25,4465,4465,1,1,1116.25,Los Angeles,17.0,0.0,5.125,22.0,0.0,1.375,84.2,62.0,68.850006,0.0,0.0,0.0
5897,2020-07-07 17:30:00,2020-07-07 18:00:00,0.5,5624,5624,2,1,2809.75,Los Angeles,15.0,0.0,6.1458335,20.0,0.0,1.5,90.0,69.0,78.729164,0.0,0.0,0.0
5899,2020-07-07 19:00:00,2020-07-07 19:15:00,0.25,4640,4640,1,1,1160.0,Los Angeles,19.0,4.0,9.0,22.0,0.0,3.0625,92.0,72.0,80.774994,0.0,0.0,0.0
5901,2020-07-07 20:00:00,2020-07-07 20:30:00,0.5,4515,4515,1,2,2245.25,Los Angeles,19.0,3.0,9.291667,25.0,0.0,2.7291667,93.0,73.0,82.30417,0.0,0.0,0.0
5903,2020-07-08 09:00:00,2020-07-08 09:15:00,0.25,4304,4304,1,1,1076.0,Los Angeles,14.0,0.0,4.375,0.0,0.0,0.0,78.8,60.0,66.65625,0.0,0.0,0.0
5905,2020-07-10 01:00:00,2020-07-10 03:30:00,2.5,6098,6129,5,5,13239.5,Los Angeles,21.0,0.0,8.329545,23.0,0.0,0.60795456,92.0,62.0,76.88296,0.0,0.0,0.0
5907,2020-07-11 01:45:00,2020-07-11 03:15:00,1.5,4401,4417,4,3,6500.0,Los Angeles,18.0,0.0,8.294642,19.0,0.0,0.3392857,97.0,63.0,81.07678,0.0,0.0,0.0
5909,2020-07-12 03:30:00,2020-07-12 04:00:00,0.5,3970,3970,1,2,1954.25,Los Angeles,15.0,2.0,8.3125,0.0,0.0,0.0,96.8,65.0,80.895836,0.0,0.0,0.0
5911,2020-07-12 21:45:00,2020-07-12 22:45:00,1.0,4372,4421,2,3,4112.25,Los Angeles,20.0,0.0,10.05,24.0,0.0,1.675,106.0,71.0,89.7875,0.0,0.0,0.0
5913,2020-07-13 00:15:00,2020-07-13 01:00:00,0.75,3945,3945,3,1,2922.25,Los Angeles,22.0,3.0,10.84375,27.0,0.0,2.296875,104.0,69.0,86.40313,0.0,0.0,0.0
5915,2020-07-13 01:30:00,2020-07-13 02:45:00,1.25,5174,5174,3,3,6054.0,Los Angeles,19.0,4.0,9.333333,25.0,0.0,0.48958334,101.0,65.0,82.833336,0.0,0.0,0.0
5917,2020-07-13 04:15:00,2020-07-13 04:30:00,0.25,4420,4420,1,1,1105.0,Los Angeles,16.0,0.0,6.8125,0.0,0.0,0.0,93.2,64.0,79.04375,0.0,0.0,0.0
5919,2020-07-13 04:45:00,2020-07-13 05:30:00,0.75,4486,4486,1,3,3202.5,Los Angeles,15.0,0.0,6.625,0.0,0.0,0.0,93.2,64.0,78.27812,0.0,0.0,0.0
5921,2020-07-13 06:15:00,2020-07-13 06:45:00,0.5,3971,3971,1,2,1956.25,Los Angeles,13.0,0.0,5.5416665,0.0,0.0,0.0,93.2,63.0,77.49167,0.0,0.0,0.0
5923,2020-07-13 07:15:00,2020-07-13 08:00:00,0.75,4277,4277,1,2,3193.0,Los Angeles,10.0,0.0,4.3125,0.0,0.0,0.0,89.6,63.0,74.60625,0.0,0.0,0.0
5925,2020-07-13 12:15:00,2020-07-13 12:30:00,0.25,5554,5554,1,1,1388.5,Los Angeles,16.0,0.0,4.375,0.0,0.0,0.0,81.0,63.0,70.5,0.0,0.0,0.0
5927,2020-07-13 14:00:00,2020-07-13 14:30:00,0.5,5516,5516,2,1,2373.5,Los Angeles,17.0,0.0,5.0625,0.0,0.0,0.0,85.0,64.0,71.42084,0.0,0.0,0.0
5929,2020-07-13 15:30:00,2020-07-13 16:30:00,1.0,5889,5950,3,2,5424.75,Los Angeles,17.0,0.0,5.225,21.0,0.0,0.5,93.0,65.0,75.725,0.0,0.0,0.0
5931,2020-07-14 03:00:00,2020-07-14 05:45:00,2.75,17538,31095,5,7,27521.25,Los Angeles,22.0,0.0,9.125,25.0,0.0,3.5833333,87.8,60.0,71.63958,0.0,0.0,0.0
5933,2020-07-16 03:30:00,2020-07-16 04:15:00,0.75,7808,7808,2,2,5536.75,Los Angeles,17.0,0.0,7.78125,0.0,0.0,0.0,82.4,58.0,68.925,0.0,0.0,0.0
5935,2020-07-16 04:30:00,2020-07-16 07:30:00,3.0,4811,5589,7,3,13229.25,Los Angeles,17.0,0.0,6.1009617,0.0,0.0,0.0,82.4,57.0,67.53846,0.0,0.0,0.0
5937,2020-07-20 23:15:00,2020-07-20 23:30:00,0.25,7889,7889,1,1,1972.25,Los Angeles,26.0,0.0,10.96875,27.0,0.0,1.6875,100.0,65.0,79.70625,0.0,0.0,0.0
5939,2020-07-21 17:45:00,2020-07-21 18:00:00,0.25,4731,4731,1,1,1182.75,Los Angeles,8.0,2.0,5.65625,0.0,0.0,0.0,94.0,64.0,75.4625,0.0,0.0,0.0
5941,2020-07-21 20:00:00,2020-07-21 20:30:00,0.5,5623,5623,1,2,2811.25,Los Angeles,19.0,3.0,8.4375,15.0,0.0,0.3125,98.0,67.0,79.00417,0.0,0.0,0.0
5943,2020-07-21 21:00:00,2020-07-21 23:00:00,2.0,8189,8903,4,5,10517.5,Los Angeles,21.0,3.0,9.979167,26.0,0.0,2.25,99.0,67.0,80.19167,0.0,0.0,0.0
5945,2020-07-21 23:15:00,2020-07-21 23:30:00,0.25,4404,4404,1,1,1101.0,Los Angeles,22.0,3.0,11.375,24.0,0.0,4.25,98.0,66.0,79.41875,0.0,0.0,0.0
5947,2020-07-22 05:15:00,2020-07-22 05:30:00,0.25,4620,4620,1,1,1155.0,Los Angeles,14.0,0.0,7.3125,17.0,0.0,1.0625,86.0,59.0,68.16875,0.0,0.0,0.0
5949,2020-07-22 07:00:00,2020-07-22 14:00:00,7.0,6083,6137,15,10,37171.5,Los Angeles,15.0,0.0,4.846983,0.0,0.0,0.0,77.0,58.0,63.32069,0.0,0.0,0.0
5951,2020-07-22 20:30:00,2020-07-22 22:45:00,2.25,8293,10505,7,3,11603.0,Los Angeles,22.0,0.0,10.39375,28.0,0.0,4.35,93.0,63.0,75.916245,0.0,0.0,0.0
5953,2020-07-25 15:30:00,2020-07-25 16:00:00,0.5,17584,17584,2,1,6473.75,Los Angeles,5.0,0.0,1.8125,0.0,0.0,0.0,82.0,60.0,67.64166,0.0,0.0,0.0
5955,2020-07-25 20:15:00,2020-07-25 20:45:00,0.5,3841,3841,2,1,1920.0,Los Angeles,16.0,0.0,8.229167,18.0,0.0,0.75,96.0,69.0,79.80417,0.0,0.0,0.0
5957,2020-07-27 05:15:00,2020-07-27 05:45:00,0.5,5082,5082,2,1,2540.75,Los Angeles,15.0,0.0,6.8958335,0.0,0.0,0.0,86.0,61.0,70.879166,0.0,0.0,0.0
5959,2020-07-27 14:15:00,2020-07-27 14:45:00,0.5,20105,20105,2,1,9887.75,Los Angeles,10.0,0.0,3.2291667,0.0,0.0,0.0,81.0,60.8,65.76666,0.0,0.0,0.0
5961,2020-07-29 11:15:00,2020-07-29 12:30:00,1.25,4636,4636,2,3,5670.5,Los Angeles,14.0,0.0,3.5104167,0.0,0.0,0.0,87.0,58.0,64.3125,0.0,0.0,0.0
5963,2020-07-30 16:00:00,2020-07-30 16:15:00,0.25,3890,3890,1,1,972.5,Los Angeles,14.0,0.0,3.4375,0.0,0.0,0.0,87.0,60.0,69.662506,0.0,0.0,0.0
5965,2020-08-03 03:00:00,2020-08-03 03:15:00,0.25,22809,22809,1,1,5702.25,Los Angeles,19.0,0.0,8.25,21.0,0.0,1.3125,88.0,64.0,75.6625,0.0,0.0,0.0
5967,2020-08-05 02:00:00,2020-08-05 02:30:00,0.5,4864,4864,1,2,2412.75,Los Angeles,17.0,3.0,9.375,0.0,0.0,0.0,87.0,58.0,73.10834,0.0,0.0,0.0
5969,2020-08-06 16:30:00,2020-08-06 17:15:00,0.75,4440,4440,3,1,3234.5,Los Angeles,18.0,0.0,7.0,21.0,0.0,0.921875,87.0,62.0,69.99687,0.0,0.0,0.0
5971,2020-08-06 17:45:00,2020-08-06 18:00:00,0.25,6363,6363,1,1,1590.75,Los Angeles,17.0,0.0,7.09375,0.0,0.0,0.0,87.0,65.0,71.762505,0.0,0.0,0.0
5973,2020-08-07 08:30:00,2020-08-07 09:00:00,0.5,4105,4105,1,1,2052.5,Los Angeles,14.0,0.0,4.6666665,19.0,0.0,0.39583334,87.0,59.0,66.75833,0.0,0.0,0.0
5975,2020-08-09 16:00:00,2020-08-09 20:45:00,4.75,19072,21585,8,10,77522.25,Los Angeles,17.0,0.0,6.134375,18.0,0.0,0.103125,99.0,63.0,76.39188,0.0,0.0,0.0
5977,2020-08-10 17:00:00,2020-08-10 17:45:00,0.75,6146,6146,3,1,4439.5,Los Angeles,14.0,0.0,5.28125,0.0,0.0,0.0,94.0,64.0,74.58125,0.0,0.0,0.0
5979,2020-08-10 18:30:00,2020-08-10 18:45:00,0.25,6265,6265,1,1,1566.25,Los Angeles,14.0,0.0,6.65625,0.0,0.0,0.0,96.0,65.0,77.26875,0.0,0.0,0.0
5981,2020-08-10 19:00:00,2020-08-10 20:15:00,1.25,9335,9381,3,3,9472.5,Los Angeles,14.0,0.0,7.3645835,0.0,0.0,0.0,98.0,66.0,79.020836,0.0,0.0,0.0
5983,2020-08-12 05:15:00,2020-08-12 07:30:00,2.25,10474,10951,5,3,22096.25,Los Angeles,14.0,0.0,5.1,0.0,0.0,0.0,87.0,60.0,70.70625,0.0,0.0,0.0
5985,2020-08-12 16:00:00,2020-08-12 16:15:00,0.25,10218,10218,1,1,2554.5,Los Angeles,14.0,0.0,2.96875,0.0,0.0,0.0,87.0,65.0,73.5375,0.0,0.0,0.0
5987,2020-08-12 18:15:00,2020-08-12 18:30:00,0.25,4035,4035,1,1,1008.75,Los Angeles,14.0,0.0,5.0625,0.0,0.0,0.0,96.0,68.0,81.375,0.0,0.0,0.0
5989,2020-08-15 00:15:00,2020-08-15 12:15:00,12.0,29629,35974,18,31,94037.25,Los Angeles,20.0,0.0,6.210459,22.0,0.0,0.15306123,104.0,67.0,81.41811,0.0,0.0,0.0
5991,2020-08-15 15:15:00,2020-08-15 18:30:00,3.25,7666,8621,7,7,15819.75,Los Angeles,14.0,0.0,4.191964,0.0,0.0,0.0,106.0,68.0,86.05268,0.0,0.0,0.0
5993,2020-08-15 22:15:00,2020-08-17 08:15:00,34.0,20850,58236,59,78,258219.0,Los Angeles,21.0,0.0,6.3649635,24.0,0.0,0.19069344,111.0,66.0,82.5426,0.0004,1e-04,1.8248174e-07
5995,2020-08-18 02:00:00,2020-08-18 03:00:00,1.0,5215,5215,4,1,4782.75,Los Angeles,18.0,0.0,8.2,0.0,0.0,0.0,99.0,69.0,83.7025,0.0,0.0,0.0
5997,2020-08-18 03:15:00,2020-08-18 03:30:00,0.25,3936,3936,1,1,984.0,Los Angeles,16.0,0.0,7.625,0.0,0.0,0.0,95.0,69.0,82.43125,0.0,0.0,0.0
5999,2020-08-18 05:45:00,2020-08-18 08:00:00,2.25,5367,5778,5,4,11815.25,Los Angeles,16.0,0.0,6.4875,0.0,0.0,0.0,93.2,69.0,79.24876,0.0,0.0,0.0
6001,2020-08-18 14:30:00,2020-08-18 14:45:00,0.25,3888,3888,1,1,972.0,Los Angeles,14.0,0.0,3.125,0.0,0.0,0.0,87.0,70.0,76.28125,0.0,0.0,0.0
6003,2020-08-18 17:15:00,2020-08-18 17:30:00,0.25,4137,4137,1,1,1034.25,Los Angeles,14.0,0.0,4.5625,0.0,0.0,0.0,97.0,73.0,87.40625,0.0,0.0,0.0
6005,2020-08-18 18:45:00,2020-08-18 20:30:00,1.75,4807,4807,3,4,7476.0,Los Angeles,14.0,0.0,6.7109375,0.0,0.0,0.0,106.0,75.0,92.30469,0.0,0.0,0.0
6007,2020-08-18 21:45:00,2020-08-18 22:15:00,0.5,4963,4963,2,1,2422.0,Los Angeles,22.0,4.0,9.333333,39.0,0.0,0.8125,108.0,79.0,95.8125,0.0,0.0,0.0
6009,2020-08-18 23:00:00,2020-08-20 07:00:00,32.0,20509,65773,59,68,372615.5,Los Angeles,26.0,0.0,6.5426354,37.0,0.0,0.5334302,111.0,67.0,84.084885,0.2801,0.07,0.00013570736
6011,2020-08-20 17:45:00,2020-08-20 18:15:00,0.5,9134,9134,2,1,4566.0,Los Angeles,14.0,0.0,4.4166665,16.0,0.0,0.6666667,99.0,75.0,87.487495,0.0,0.0,0.0
6013,2020-08-20 22:45:00,2020-08-20 23:00:00,0.25,4867,4867,1,1,1216.75,Los Angeles,16.0,0.0,9.71875,20.0,0.0,1.21875,108.0,75.0,90.375,0.0,0.0,0.0
6015,2020-08-23 00:30:00,2020-08-23 07:15:00,6.75,9417,11734,12,15,49148.0,Los Angeles,22.0,0.0,8.087053,25.0,0.0,0.6004464,97.0,71.0,82.10223,0.0,0.0,0.0
6017,2020-08-23 22:00:00,2020-08-23 22:30:00,0.5,6078,6078,1,2,2658.75,Los Angeles,21.0,0.0,10.6875,14.0,0.0,0.29166666,97.0,78.0,86.666664,0.0,0.0,0.0
6019,2020-08-24 16:00:00,2020-08-24 17:30:00,1.5,7314,7500,4,3,9567.75,Los Angeles,14.0,0.0,4.294643,0.0,0.0,0.0,90.0,69.0,77.435715,0.0,0.0,0.0
6021,2020-08-24 18:30:00,2020-08-24 21:00:00,2.5,5696,5784,7,4,12820.25,Los Angeles,18.0,0.0,8.943182,19.0,0.0,0.4659091,100.0,71.0,82.84545,0.0,0.0,0.0
6023,2020-08-24 23:45:00,2020-08-25 01:00:00,1.25,8697,8698,3,3,8124.5,Los Angeles,22.0,4.0,11.46875,29.0,0.0,2.0520833,97.0,69.0,82.12292,0.0,0.0,0.0
6025,2020-08-26 17:00:00,2020-08-26 17:15:00,0.25,4640,4640,1,1,1160.0,Los Angeles,20.0,0.0,4.90625,27.0,0.0,1.6875,90.0,66.0,77.15,0.0,0.0,0.0
6027,2020-08-26 22:30:00,2020-08-26 23:00:00,0.5,4030,4030,1,2,1989.75,Los Angeles,20.0,5.0,11.8125,27.0,0.0,3.7083333,100.0,66.0,84.270836,0.0,0.0,0.0
6029,2020-08-27 04:00:00,2020-08-27 04:30:00,0.5,6029,6029,1,2,3014.25,Los Angeles,20.0,0.0,7.2083335,27.0,0.0,1.6875,91.4,65.0,76.35,0.0,0.0,0.0
6031,2020-08-28 20:15:00,2020-08-28 21:15:00,1.0,10974,10974,1,4,7814.75,Los Angeles,20.0,0.0,10.4625,27.0,0.0,2.45,98.0,66.0,82.0775,0.0,0.0,0.0
6033,2020-08-29 08:45:00,2020-08-29 09:00:00,0.25,5511,5511,1,1,1377.75,Los Angeles,20.0,0.0,5.34375,27.0,0.0,1.6875,76.0,57.0,64.7875,0.0,0.0,0.0
6035,2020-08-29 22:15:00,2020-08-29 22:30:00,0.25,4148,4148,1,1,1037.0,Los Angeles,20.0,3.0,10.8125,27.0,0.0,3.28125,97.0,66.0,79.76875,0.0,0.0,0.0
6037,2020-08-31 15:00:00,2020-08-31 15:15:00,0.25,3888,3888,1,1,972.0,Los Angeles,20.0,0.0,3.3125,27.0,0.0,1.6875,73.0,59.0,64.30625,0.0,0.0,0.0
6039,2020-08-31 16:15:00,2020-08-31 16:30:00,0.25,10770,10770,1,1,2692.5,Los Angeles,20.0,0.0,3.84375,27.0,0.0,1.6875,83.0,63.0,67.95625,0.0,0.0,0.0
6041,2020-08-31 19:00:00,2020-08-31 19:30:00,0.5,3851,3851,1,1,1925.5,Los Angeles,20.0,0.0,7.3958335,27.0,0.0,2.0,95.0,66.0,75.5375,0.0,0.0,0.0
6043,2020-08-31 21:00:00,2020-08-31 21:30:00,0.5,7358,7358,1,2,3215.75,Los Angeles,20.0,0.0,9.770833,27.0,0.0,3.5,98.0,66.0,78.02917,0.0,0.0,0.0
6045,2020-09-02 06:45:00,2020-09-02 08:15:00,1.5,5686,5686,1,2,8528.75,Los Angeles,20.0,0.0,6.830357,27.0,0.0,1.6875,78.8,59.0,67.501785,0.0,0.0,0.0
6047,2020-09-04 08:00:00,2020-09-04 08:15:00,0.25,4254,4254,1,1,1063.5,Los Angeles,20.0,0.0,4.25,27.0,0.0,1.6875,78.8,65.0,70.45,0.0,0.0,0.0
6049,2020-09-04 12:15:00,2020-09-04 13:30:00,1.25,4438,4440,2,2,5512.0,Los Angeles,20.0,0.0,2.0416667,27.0,0.0,1.6875,75.0,61.0,67.518745,0.0,0.0,0.0
6051,2020-09-04 13:45:00,2020-09-04 14:00:00,0.25,4206,4206,1,1,1051.5,Los Angeles,20.0,0.0,2.28125,27.0,0.0,1.6875,75.0,63.0,67.9875,0.0,0.0,0.0
6053,2020-09-04 17:00:00,2020-09-04 17:45:00,0.75,4092,4092,3,1,3039.75,Los Angeles,20.0,0.0,3.703125,27.0,0.0,1.6875,94.0,66.0,79.55625,0.0,0.0,0.0
6055,2020-09-04 20:45:00,2020-09-04 21:30:00,0.75,3850,3850,3,1,2879.75,Los Angeles,20.0,0.0,7.09375,27.0,0.0,1.6875,105.0,66.0,86.78437,0.0,0.0,0.0
6057,2020-09-04 22:00:00,2020-09-04 23:15:00,1.25,4738,4738,3,3,5289.25,Los Angeles,20.0,0.0,9.197917,27.0,0.0,1.6875,108.0,66.0,88.19584,0.0,0.0,0.0
6059,2020-09-05 00:30:00,2020-09-05 04:15:00,3.75,7896,11905,7,9,20115.25,Los Angeles,20.0,0.0,8.511719,27.0,0.0,1.8554688,106.0,65.0,80.43047,0.0,0.0,0.0
6061,2020-09-05 04:30:00,2020-09-05 04:45:00,0.25,5853,5853,1,1,1463.25,Los Angeles,20.0,0.0,5.84375,27.0,0.0,1.6875,91.4,65.0,77.0125,0.0,0.0,0.0
6063,2020-09-05 08:30:00,2020-09-05 09:30:00,1.0,4461,4461,1,3,4418.0,Los Angeles,20.0,0.0,3.9125,27.0,0.0,1.6875,88.0,66.0,73.955,0.0,0.0,0.0
6065,2020-09-05 09:45:00,2020-09-05 10:00:00,0.25,6340,6340,1,1,1585.0,Los Angeles,20.0,0.0,4.125,27.0,0.0,1.6875,88.0,66.0,73.575005,0.0,0.0,0.0
6067,2020-09-05 22:00:00,2020-09-09 04:15:00,78.25,65931,232482,137,175,1435277.75,Los Angeles,23.0,0.0,6.377588,32.0,0.0,2.0338376,118.0,63.0,82.90422,0.0,0.0,0.0
6069,2020-09-09 17:00:00,2020-09-09 18:15:00,1.25,6858,8752,3,3,6674.0,Los Angeles,20.0,0.0,7.2708335,27.0,0.0,3.6354167,84.0,66.0,75.03958,0.0,0.0,0.0
6071,2020-09-10 16:30:00,2020-09-10 16:45:00,0.25,3917,3917,1,1,979.25,Los Angeles,20.0,0.0,4.15625,27.0,0.0,1.6875,79.0,60.0,69.125,0.0,0.0,0.0
6073,2020-09-10 17:00:00,2020-09-10 17:15:00,0.25,5217,5217,1,1,1304.25,Los Angeles,20.0,0.0,4.0625,27.0,0.0,1.6875,79.0,65.0,70.025,0.0,0.0,0.0
6075,2020-09-10 19:15:00,2020-09-10 19:30:00,0.25,13229,13229,1,1,3307.25,Los Angeles,20.0,0.0,4.78125,27.0,0.0,1.6875,85.0,66.0,75.91875,0.0,0.0,0.0
6077,2020-09-10 20:00:00,2020-09-10 20:15:00,0.25,13776,13776,1,1,3444.0,Los Angeles,20.0,0.0,5.34375,27.0,0.0,1.6875,86.0,65.0,77.087494,0.0,0.0,0.0
6079,2020-09-10 21:00:00,2020-09-10 21:30:00,0.5,5017,5017,1,2,2323.25,Los Angeles,20.0,0.0,5.7291665,27.0,0.0,1.6875,86.0,65.0,77.979164,0.0,0.0,0.0
6081,2020-09-10 22:15:00,2020-09-11 01:00:00,2.75,9732,9924,4,7,17642.25,Los Angeles,20.0,0.0,6.2135415,27.0,0.0,1.6875,86.0,65.0,76.2875,0.0,0.0,0.0
6083,2020-09-11 03:45:00,2020-09-11 04:00:00,0.25,4020,4020,1,1,1005.0,Los Angeles,20.0,0.0,5.34375,27.0,0.0,1.6875,78.8,65.0,69.100006,0.0,0.0,0.0
6085,2020-09-13 06:00:00,2020-09-13 08:00:00,2.0,7026,8749,4,5,11399.0,Los Angeles,20.0,0.0,4.8333335,27.0,0.0,1.6875,80.6,57.0,68.17777,0.0,0.0,0.0
6087,2020-09-13 13:45:00,2020-09-13 14:30:00,0.75,8819,8819,2,2,5304.25,Los Angeles,20.0,0.0,2.71875,27.0,0.0,1.6875,73.0,52.0,61.887497,0.0,0.0,0.0
6089,2020-09-13 16:00:00,2020-09-13 16:15:00,0.25,4272,4272,1,1,1068.0,Los Angeles,20.0,0.0,2.5625,27.0,0.0,1.6875,75.0,63.0,67.2625,0.0,0.0,0.0
6091,2020-09-15 01:00:00,2020-09-15 01:30:00,0.5,3975,3975,1,2,1986.75,Los Angeles,20.0,0.0,8.3125,27.0,0.0,1.6875,93.0,66.0,80.4625,0.0,0.0,0.0
6093,2020-09-15 16:30:00,2020-09-15 21:45:00,5.25,15502,21968,10,12,38058.25,Los Angeles,20.0,0.0,5.338068,27.0,0.0,1.6875,96.0,66.0,79.811935,0.0,0.0,0.0
6095,2020-09-16 08:30:00,2020-09-16 09:00:00,0.5,4319,4319,1,2,2142.5,Los Angeles,20.0,0.0,3.1666667,27.0,0.0,1.6875,82.4,60.0,68.416664,0.0,0.0,0.0
6097,2020-09-16 18:00:00,2020-09-16 18:30:00,0.5,3994,3994,1,2,1996.5,Los Angeles,20.0,0.0,4.3125,27.0,0.0,1.6875,95.0,66.0,82.44584,0.0,0.0,0.0
6099,2020-09-16 20:15:00,2020-09-17 03:00:00,6.75,9357,13510,12,16,34148.25,Los Angeles,20.0,0.0,8.607142,27.0,0.0,2.9888394,101.0,66.0,84.82947,0.0,0.0,0.0
6101,2020-09-17 23:30:00,2020-09-18 00:15:00,0.75,4607,4607,1,3,3396.0,Los Angeles,20.0,0.0,8.5625,27.0,0.0,3.078125,97.0,66.0,85.71562,0.0,0.0,0.0
6103,2020-09-18 03:15:00,2020-09-18 05:00:00,1.75,8070,11851,3,5,9138.5,Los Angeles,20.0,0.0,6.515625,27.0,0.0,1.6875,93.2,65.0,74.693756,0.0,0.0,0.0
6105,2020-09-19 05:30:00,2020-09-19 06:00:00,0.5,8719,8719,2,1,3811.5,Los Angeles,20.0,0.0,6.5625,27.0,0.0,1.6875,91.4,66.0,76.924995,0.0,0.0,0.0
6107,2020-09-19 07:15:00,2020-09-19 14:15:00,7.0,5202,5892,9,18,29728.0,Los Angeles,20.0,0.0,4.581897,27.0,0.0,1.7564656,91.4,59.0,70.14698,0.0,0.0,0.0
6109,2020-09-19 20:45:00,2020-09-19 21:30:00,0.75,3960,3975,2,2,2943.25,Los Angeles,20.0,0.0,10.5625,27.0,0.0,4.09375,94.0,66.0,82.693756,0.0,0.0,0.0
6111,2020-09-19 22:00:00,2020-09-20 00:30:00,2.5,6039,6138,8,3,13955.25,Los Angeles,20.0,0.0,10.227273,27.0,0.0,2.6818182,95.0,66.0,81.51023,0.0,0.0,0.0
6113,2020-09-20 02:30:00,2020-09-20 03:45:00,1.25,5716,5788,3,3,7070.0,Los Angeles,20.0,0.0,7.8645835,27.0,0.0,1.6875,91.4,65.0,72.73334,0.0,0.0,0.0
6115,2020-09-20 08:15:00,2020-09-20 08:30:00,0.25,6562,6562,1,1,1640.5,Los Angeles,20.0,0.0,3.65625,27.0,0.0,1.6875,77.0,61.0,66.475,0.0,0.0,0.0
6117,2020-09-20 13:15:00,2020-09-20 13:30:00,0.25,3871,3871,1,1,967.75,Los Angeles,20.0,0.0,3.15625,27.0,0.0,1.6875,66.2,50.0,61.712498,0.0,0.0,0.0
6119,2020-09-20 15:15:00,2020-09-20 15:30:00,0.25,4456,4456,1,1,1114.0,Los Angeles,20.0,0.0,2.78125,27.0,0.0,1.6875,71.6,55.0,63.825,0.0,0.0,0.0
6121,2020-09-20 23:45:00,2020-09-21 00:00:00,0.25,4268,4268,1,1,1067.0,Los Angeles,20.0,3.0,9.65625,27.0,0.0,1.6875,91.0,65.0,78.025,0.0,0.0,0.0
6123,2020-09-21 21:00:00,2020-09-21 21:15:00,0.25,4213,4213,1,1,1053.25,Los Angeles,20.0,0.0,8.5625,27.0,0.0,2.34375,94.0,66.0,78.212494,0.0,0.0,0.0
6125,2020-09-22 23:00:00,2020-09-23 00:15:00,1.25,5563,5563,1,5,6787.75,Los Angeles,20.0,0.0,10.666667,27.0,0.0,2.96875,93.0,66.0,79.04791,0.0,0.0,0.0
6127,2020-09-24 02:45:00,2020-09-24 03:30:00,0.75,4954,4961,2,2,3709.75,Los Angeles,19.0,0.0,6.5,21.0,0.0,0.328125,86.0,64.0,73.78125,0.0,0.0,0.0
6129,2020-09-24 03:45:00,2020-09-24 04:15:00,0.5,4672,4672,1,2,2335.75,Los Angeles,14.0,0.0,5.6458335,0.0,0.0,0.0,86.0,64.0,72.9375,0.0,0.0,0.0
6131,2020-09-24 16:30:00,2020-09-24 20:15:00,3.75,4788,5000,10,6,16514.5,Los Angeles,19.0,0.0,4.9765625,0.0,0.0,0.0,94.0,66.0,79.40312,0.0,0.0,0.0
6133,2020-09-25 20:00:00,2020-09-25 20:15:00,0.25,5386,5386,1,1,1346.5,Los Angeles,11.0,3.0,6.59375,0.0,0.0,0.0,92.0,72.0,79.9625,0.0,0.0,0.0
6135,2020-09-26 21:00:00,2020-09-26 21:15:00,0.25,4425,4425,1,1,1106.25,Los Angeles,22.0,0.0,7.59375,28.0,0.0,1.75,91.0,71.0,79.5625,0.0,0.0,0.0
6137,2020-09-26 22:30:00,2020-09-26 22:45:00,0.25,4194,4194,1,1,1048.5,Los Angeles,24.0,0.0,9.21875,30.0,0.0,1.71875,92.0,70.0,78.96875,0.0,0.0,0.0
6139,2020-09-27 08:30:00,2020-09-27 23:15:00,14.75,53143,61430,23,25,94781.25,Los Angeles,23.0,0.0,4.821875,30.0,0.0,1.3625,97.0,55.0,71.152916,0.0,0.0,0.0
6141,2020-09-29 07:45:00,2020-09-29 08:30:00,0.75,4357,4357,2,2,3233.25,Los Angeles,14.0,0.0,4.265625,0.0,0.0,0.0,93.2,59.0,69.02812,0.0,0.0,0.0
6143,2020-09-29 18:15:00,2020-09-29 19:15:00,1.0,5556,5556,1,4,4827.0,Los Angeles,15.0,0.0,5.5375,22.0,0.0,1.325,95.0,70.0,84.2325,0.0,0.0,0.0
6145,2020-09-29 21:30:00,2020-09-29 22:00:00,0.5,6420,6420,1,2,2973.5,Los Angeles,14.0,0.0,8.395833,18.0,0.0,1.3125,105.0,73.0,90.07084,0.0,0.0,0.0
6147,2020-09-29 23:15:00,2020-09-30 08:45:00,9.5,15442,20216,13,24,74839.0,Los Angeles,15.0,0.0,5.5961537,19.0,0.0,0.23397435,105.0,59.0,79.31891,0.0,0.0,0.0
6149,2020-09-30 16:45:00,2020-09-30 17:00:00,0.25,11262,11262,1,1,2815.5,Los Angeles,9.0,0.0,3.90625,18.0,0.0,1.125,98.6,73.0,87.9625,0.0,0.0,0.0
6151,2020-09-30 17:30:00,2020-09-30 17:45:00,0.25,5198,5198,1,1,1299.5,Los Angeles,13.0,0.0,5.03125,18.0,0.0,0.5625,102.0,73.0,90.168755,0.0,0.0,0.0
6153,2020-09-30 21:30:00,2020-09-30 23:30:00,2.0,29488,34953,6,3,41483.25,Los Angeles,16.0,2.0,9.590278,20.0,0.0,1.3263888,107.0,77.0,93.556946,0.0,0.0,0.0
6155,2020-10-02 00:00:00,2020-10-02 04:45:00,4.75,16190,19330,11,9,38751.5,Los Angeles,12.0,0.0,5.153125,14.0,0.0,0.04375,102.0,70.0,85.166245,0.0,0.0,0.0
6157,2020-10-02 05:30:00,2020-10-02 06:00:00,0.5,4642,4642,1,2,2123.75,Los Angeles,11.0,0.0,4.3125,0.0,0.0,0.0,91.4,69.0,78.525,0.0,0.0,0.0
6159,2020-10-02 06:45:00,2020-10-02 07:30:00,0.75,4399,4399,1,3,3172.75,Los Angeles,12.0,0.0,3.875,0.0,0.0,0.0,91.4,62.0,76.97813,0.0,0.0,0.0
6161,2020-10-02 19:00:00,2020-10-02 19:15:00,0.25,3881,3881,1,1,970.25,Los Angeles,9.0,0.0,4.59375,0.0,0.0,0.0,98.0,80.0,91.6125,0.0,0.0,0.0
6163,2020-10-03 12:15:00,2020-10-03 12:30:00,0.25,12900,12900,1,1,3225.0,Los Angeles,7.0,0.0,1.875,0.0,0.0,0.0,82.0,59.0,68.35,0.0,0.0,0.0
6165,2020-10-05 19:45:00,2020-10-05 20:00:00,0.25,6562,6562,1,1,1640.5,Los Angeles,10.0,0.0,5.4375,0.0,0.0,0.0,95.0,73.0,85.712494,0.0,0.0,0.0
6167,2020-10-05 20:30:00,2020-10-05 20:45:00,0.25,4752,4752,1,1,1188.0,Los Angeles,11.0,0.0,5.96875,0.0,0.0,0.0,95.0,73.0,86.15625,0.0,0.0,0.0
6169,2020-10-05 21:45:00,2020-10-05 22:30:00,0.75,7604,11125,2,2,4763.75,Los Angeles,13.0,0.0,7.59375,15.0,0.0,0.9375,95.0,72.0,86.64375,0.0,0.0,0.0
6171,2020-10-06 14:45:00,2020-10-06 15:00:00,0.25,4414,4414,1,1,1103.5,Los Angeles,7.0,0.0,1.96875,0.0,0.0,0.0,76.0,52.0,65.600006,0.0,0.0,0.0
6173,2020-10-06 15:30:00,2020-10-06 15:45:00,0.25,3982,3982,1,1,995.5,Los Angeles,7.0,0.0,2.0625,0.0,0.0,0.0,83.0,52.0,69.09375,0.0,0.0,0.0
6175,2020-10-06 16:00:00,2020-10-06 18:15:00,2.25,6102,6780,6,4,11847.25,Los Angeles,7.0,0.0,2.0125,0.0,0.0,0.0,83.0,61.0,74.1075,0.0,0.0,0.0
6177,2020-10-06 18:30:00,2020-10-06 20:30:00,2.0,5487,5662,2,6,8963.0,Los Angeles,11.0,0.0,4.326389,0.0,0.0,0.0,93.0,69.0,82.64722,0.0,0.0,0.0
6179,2020-10-09 21:30:00,2020-10-09 23:30:00,2.0,4546,4567,5,4,8433.5,Los Angeles,21.0,3.0,8.965278,23.0,0.0,1.0347222,87.0,61.0,73.486115,0.0,0.0,0.0
6181,2020-10-10 17:30:00,2020-10-10 18:00:00,0.5,4001,4001,2,1,1982.75,Los Angeles,19.0,0.0,5.3333335,0.0,0.0,0.0,78.0,64.4,70.424995,0.0,0.0,0.0
6183,2020-10-11 02:30:00,2020-10-11 02:45:00,0.25,12261,12261,1,1,3065.25,Los Angeles,17.0,0.0,8.4375,0.0,0.0,0.0,71.6,60.0,67.58125,0.0,0.0,0.0
6185,2020-10-13 19:00:00,2020-10-13 19:30:00,0.5,12676,12676,2,1,6336.75,Los Angeles,11.0,0.0,4.8958335,0.0,0.0,0.0,98.0,78.8,88.42917,0.0,0.0,0.0
6187,2020-10-14 19:15:00,2020-10-14 19:30:00,0.25,4023,4023,1,1,1005.75,Los Angeles,9.0,0.0,4.5625,0.0,0.0,0.0,98.0,78.0,86.825,0.0,0.0,0.0
6189,2020-10-15 16:45:00,2020-10-15 17:00:00,0.25,3816,3816,1,1,954.0,Los Angeles,9.0,0.0,2.84375,0.0,0.0,0.0,90.0,69.0,79.418755,0.0,0.0,0.0
6191,2020-10-15 23:45:00,2020-10-16 01:30:00,1.75,11645,11707,2,6,19497.5,Los Angeles,13.0,0.0,6.7734375,0.0,0.0,0.0,97.0,67.0,83.53125,0.0,0.0,0.0
6193,2020-10-17 09:00:00,2020-10-17 09:30:00,0.5,5041,5041,2,1,2518.0,Los Angeles,8.0,0.0,3.4166667,0.0,0.0,0.0,82.0,54.0,68.120834,0.0,0.0,0.0
6195,2020-10-17 14:15:00,2020-10-17 16:00:00,1.75,10801,12179,4,3,15848.25,Los Angeles,7.0,0.0,2.140625,0.0,0.0,0.0,84.0,45.0,67.90625,0.0,0.0,0.0
6197,2020-10-18 16:00:00,2020-10-18 16:30:00,0.5,4018,4018,1,2,1961.5,Los Angeles,10.0,0.0,2.875,0.0,0.0,0.0,78.8,62.6,69.15417,0.0,0.0,0.0
6199,2020-10-18 17:30:00,2020-10-19 00:45:00,7.25,8564,11099,9,19,45311.0,Los Angeles,25.0,0.0,8.429167,31.0,0.0,2.44375,93.2,66.2,78.27541,0.0,0.0,0.0
6203,2020-10-21 21:45:00,2020-10-21 23:00:00,1.25,6772,6778,2,3,6178.5,Los Angeles,11.0,0.0,6.4479165,0.0,0.0,0.0,89.0,62.0,74.45417,0.0,0.0,0.0
6205,2020-10-21 23:15:00,2020-10-21 23:30:00,0.25,5136,5136,1,1,1284.0,Los Angeles,14.0,4.0,7.5,0.0,0.0,0.0,89.0,64.0,74.19375,0.0,0.0,0.0
6207,2020-10-22 15:00:00,2020-10-22 15:15:00,0.25,4179,4179,1,1,1044.75,Los Angeles,9.0,0.0,2.90625,0.0,0.0,0.0,68.0,56.0,63.975,0.0,0.0,0.0
6209,2020-10-23 22:30:00,2020-10-23 23:15:00,0.75,4078,4104,2,2,3006.5,Los Angeles,16.0,3.0,8.296875,20.0,0.0,0.3125,80.0,60.0,68.91562,0.0,0.0,0.0
6211,2020-10-24 19:00:00,2020-10-24 19:15:00,0.25,4441,4441,1,1,1110.25,Los Angeles,14.0,0.0,6.09375,20.0,0.0,1.25,73.0,58.0,67.162506,0.0,0.0,0.0
6213,2020-10-26 14:45:00,2020-10-27 10:30:00,19.75,24291,50158,32,46,247878.25,Los Angeles,24.0,0.0,8.228907,36.0,0.0,4.7078123,76.0,32.0,61.279686,0.0,0.0,0.0
6215,2020-10-28 22:30:00,2020-10-28 22:45:00,0.25,4015,4015,1,1,1003.75,Los Angeles,12.0,4.0,8.34375,20.0,0.0,1.21875,79.0,67.0,73.3,0.0,0.0,0.0
6217,2020-10-31 01:15:00,2020-10-31 05:45:00,4.5,7764,10104,10,7,23495.75,Los Angeles,14.0,0.0,4.1710525,0.0,0.0,0.0,81.0,51.0,66.475655,1e-04,1e-04,3.2894735e-07
6219,2020-10-31 07:00:00,2020-10-31 07:30:00,0.5,4231,4231,2,1,2115.25,Los Angeles,14.0,0.0,3.1458333,0.0,0.0,0.0,75.2,46.0,62.05,0.0,0.0,0.0
6221,2020-11-03 07:30:00,2020-11-03 07:45:00,0.25,3810,3810,1,1,952.5,Los Angeles,12.0,0.0,4.3125,0.0,0.0,0.0,75.2,52.0,63.2125,0.0,0.0,0.0
6223,2020-11-03 09:30:00,2020-11-03 09:45:00,0.25,6090,6090,1,1,1522.5,Los Angeles,7.0,0.0,2.90625,0.0,0.0,0.0,68.0,49.0,60.58125,0.0,0.0,0.0
6225,2020-11-03 10:00:00,2020-11-03 10:15:00,0.25,4912,4912,1,1,1228.0,Los Angeles,7.0,0.0,2.90625,0.0,0.0,0.0,68.0,49.0,59.56875,0.0,0.0,0.0
6227,2020-11-03 13:00:00,2020-11-03 13:15:00,0.25,5106,5106,1,1,1276.5,Los Angeles,7.0,0.0,2.59375,0.0,0.0,0.0,66.0,42.0,57.762497,0.0,0.0,0.0
6229,2020-11-06 02:00:00,2020-11-06 02:15:00,0.25,4211,4211,1,1,1052.75,Los Angeles,9.0,0.0,3.375,0.0,0.0,0.0,86.0,65.0,75.412506,0.0,0.0,0.0
6231,2020-11-06 16:15:00,2020-11-06 16:30:00,0.25,18311,18311,1,1,4577.75,Los Angeles,10.0,0.0,4.34375,0.0,0.0,0.0,76.0,52.0,65.149994,0.0,0.0,0.0
6233,2020-11-06 23:00:00,2020-11-06 23:15:00,0.25,5247,5247,1,1,1311.75,Los Angeles,18.0,0.0,10.28125,24.0,0.0,3.0625,75.0,60.0,68.46875,0.0,0.0,0.0
6235,2020-11-07 05:45:00,2020-11-07 08:30:00,2.75,12755,14970,7,4,31036.5,Los Angeles,27.0,0.0,10.911458,37.0,0.0,7.5104165,66.2,39.0,56.626038,0.0019999999,1e-04,1.0416666e-05
6237,2020-11-07 17:30:00,2020-11-07 21:00:00,3.5,10230,14812,7,8,31951.75,Los Angeles,25.0,0.0,11.995833,29.0,0.0,10.8,62.0,37.0,55.495834,0.17520002,0.06,0.0007300001
6239,2020-11-08 18:15:00,2020-11-09 23:45:00,29.5,35063,76812,53,64,389511.75,Los Angeles,34.0,0.0,9.056197,41.0,0.0,8.621324,77.0,28.9,51.5468,1.0164999,0.06,0.000533876
6241,2020-11-10 05:15:00,2020-11-10 19:30:00,14.25,7552,9540,23,27,88668.5,Los Angeles,10.0,0.0,2.567888,20.0,0.0,0.21982759,66.2,24.1,48.421986,0.0004,1e-04,4.3103447e-07
6243,2020-11-11 23:15:00,2020-11-12 00:45:00,1.5,4090,4090,4,2,6002.5,Los Angeles,10.0,0.0,5.151786,0.0,0.0,0.0,70.0,51.0,62.862507,0.0002,1e-04,1.7857143e-06
6245,2020-11-12 16:15:00,2020-11-12 16:45:00,0.5,3902,3902,2,1,1929.25,Los Angeles,6.0,0.0,0.8958333,0.0,0.0,0.0,61.0,36.0,53.037495,1e-04,1e-04,2.0833334e-06
6247,2020-11-12 18:00:00,2020-11-12 18:45:00,0.75,6013,6013,1,3,4401.75,Los Angeles,8.0,0.0,2.0625,0.0,0.0,0.0,67.0,52.0,60.984375,0.0,0.0,0.0
6249,2020-11-14 15:15:00,2020-11-14 17:45:00,2.5,7472,7602,7,4,13980.75,Los Angeles,22.0,0.0,6.7954545,25.0,0.0,1.7954545,65.0,43.0,56.343185,0.0,0.0,0.0
6251,2020-11-14 18:00:00,2020-11-14 19:15:00,1.25,5067,5128,2,3,6244.25,Los Angeles,20.0,0.0,4.3541665,24.0,0.0,1.25,69.0,51.0,62.670834,0.0,0.0,0.0
6253,2020-11-16 08:45:00,2020-11-16 09:15:00,0.5,4540,4540,1,2,2267.5,Los Angeles,14.0,0.0,2.9791667,0.0,0.0,0.0,76.0,39.0,62.00833,0.0,0.0,0.0
6255,2020-11-16 11:15:00,2020-11-16 12:45:00,1.5,6099,6128,3,3,7642.25,Los Angeles,18.0,0.0,4.205357,26.0,0.0,1.2142857,76.0,32.0,60.103573,0.0,0.0,0.0
6257,2020-11-16 17:45:00,2020-11-16 18:15:00,0.5,4288,4288,1,1,2144.0,Los Angeles,18.0,0.0,5.4375,24.0,0.0,1.5,83.0,57.0,74.950005,0.0,0.0,0.0
6259,2020-11-17 00:15:00,2020-11-17 02:00:00,1.75,16604,24463,4,4,15969.0,Los Angeles,15.0,0.0,5.515625,23.0,0.0,0.6875,91.4,56.0,74.11093,0.0,0.0,0.0
6261,2020-11-18 06:15:00,2020-11-18 06:30:00,0.25,3830,3830,1,1,957.5,Los Angeles,13.0,0.0,4.46875,0.0,0.0,0.0,68.0,55.0,59.2125,0.0,0.0,0.0
6263,2020-11-18 18:15:00,2020-11-18 19:00:00,0.75,4171,4171,2,2,3037.75,Los Angeles,20.0,0.0,5.8125,25.0,0.0,0.78125,69.0,50.0,61.34375,0.0,0.0,0.0
6265,2020-11-19 18:00:00,2020-11-19 18:45:00,0.75,5442,5442,3,1,4040.0,Los Angeles,20.0,0.0,5.46875,0.0,0.0,0.0,70.0,46.0,61.6,0.0004,1e-04,6.25e-06
6267,2020-11-19 21:45:00,2020-11-19 22:15:00,0.5,3823,3823,1,2,1911.0,Los Angeles,14.0,0.0,6.875,16.0,0.0,0.33333334,75.2,55.0,66.700005,0.0,0.0,0.0
6269,2020-11-20 07:30:00,2020-11-20 07:45:00,0.25,14244,14244,1,1,3561.0,Los Angeles,11.0,0.0,2.59375,0.0,0.0,0.0,64.4,39.0,54.106247,0.0,0.0,0.0
6271,2020-11-20 08:15:00,2020-11-20 08:45:00,0.5,11195,11195,2,1,5470.5,Los Angeles,10.0,0.0,2.6666667,0.0,0.0,0.0,64.4,39.0,53.80417,0.0,0.0,0.0
6273,2020-11-20 16:00:00,2020-11-20 16:45:00,0.75,6173,6173,3,1,4520.0,Los Angeles,10.0,0.0,1.375,16.0,0.0,0.25,66.2,45.0,57.509377,0.0,0.0,0.0
6275,2020-11-21 18:45:00,2020-11-21 22:00:00,3.25,6368,7864,6,7,16342.5,Los Angeles,15.0,0.0,5.133929,23.0,0.0,1.9464285,82.4,61.0,71.53214,0.0,0.0,0.0
6277,2020-11-22 21:15:00,2020-11-22 22:30:00,1.25,4611,4612,3,3,5623.5,Los Angeles,10.0,0.0,5.6979165,0.0,0.0,0.0,78.0,62.0,69.354164,0.0,0.0,0.0
6279,2020-11-23 12:45:00,2020-11-23 14:45:00,2.0,6830,6837,2,6,11077.75,Los Angeles,24.0,0.0,4.9375,32.0,0.0,2.7430556,60.0,42.0,51.219444,0.0,0.0,0.0
6281,2020-11-23 16:45:00,2020-11-23 17:45:00,1.0,6046,6046,4,1,5567.75,Los Angeles,23.0,0.0,5.5875,33.0,0.0,1.8625,61.0,43.0,54.635,0.0,0.0,0.0
6283,2020-11-24 15:45:00,2020-11-24 16:00:00,0.25,5826,5826,1,1,1456.5,Los Angeles,14.0,0.0,2.8125,0.0,0.0,0.0,62.0,39.0,53.15,0.0,0.0,0.0
6285,2020-11-24 17:30:00,2020-11-24 17:45:00,0.25,4065,4065,1,1,1016.25,Los Angeles,15.0,0.0,3.15625,21.0,0.0,0.65625,64.0,47.0,58.625,0.0,0.0,0.0
6287,2020-11-24 20:45:00,2020-11-24 21:00:00,0.25,6556,6556,1,1,1639.0,Los Angeles,15.0,0.0,6.59375,20.0,0.0,1.6875,69.0,55.0,64.3625,0.0,0.0,0.0
6289,2020-11-27 07:30:00,2020-11-27 07:45:00,0.25,4704,4704,1,1,1176.0,Los Angeles,20.0,0.0,7.53125,26.0,0.0,3.6875,64.4,37.0,54.275,0.0,0.0,0.0
6291,2020-11-30 22:30:00,2020-11-30 22:45:00,0.25,17816,17816,1,1,4454.0,Los Angeles,12.0,0.0,6.5,20.0,0.0,1.25,80.6,61.0,71.26875,0.0,0.0,0.0
6293,2020-12-01 05:30:00,2020-12-01 06:15:00,0.75,4127,4127,3,1,3077.5,Los Angeles,15.0,0.0,3.890625,0.0,0.0,0.0,68.0,35.0,55.409378,0.0,0.0,0.0
6295,2020-12-01 07:30:00,2020-12-01 08:15:00,0.75,4040,4040,1,1,3030.0,Los Angeles,11.0,0.0,3.1875,19.0,0.0,1.15625,66.2,33.0,54.393753,0.0,0.0,0.0
6297,2020-12-01 17:45:00,2020-12-01 18:00:00,0.25,6789,6789,1,1,1697.25,Los Angeles,11.0,0.0,2.4375,0.0,0.0,0.0,72.0,49.0,63.65625,0.0,0.0,0.0
6299,2020-12-01 18:30:00,2020-12-01 18:45:00,0.25,4988,4988,1,1,1247.0,Los Angeles,15.0,0.0,2.71875,23.0,0.0,0.71875,76.0,49.0,66.50625,1e-04,1e-04,3.125e-06
6301,2020-12-03 01:00:00,2020-12-03 01:15:00,0.25,3855,3855,1,1,963.75,Los Angeles,21.0,0.0,6.375,28.0,0.0,1.75,77.0,51.0,64.25,0.0,0.0,0.0
6303,2020-12-03 17:30:00,2020-12-03 18:15:00,0.75,5131,5131,3,1,3385.0,Los Angeles,23.0,0.0,7.75,29.0,0.0,3.46875,68.0,41.0,60.99375,0.0,0.0,0.0
6305,2020-12-03 18:30:00,2020-12-03 19:00:00,0.5,3903,3903,2,1,1939.5,Los Angeles,22.0,0.0,8.479167,28.0,0.0,5.4583335,70.0,44.0,63.99167,0.0,0.0,0.0
6307,2020-12-04 00:45:00,2020-12-04 01:00:00,0.25,5263,5263,1,1,1315.75,Los Angeles,14.0,0.0,4.6875,0.0,0.0,0.0,69.0,46.0,62.375,0.0,0.0,0.0
6309,2020-12-04 17:45:00,2020-12-04 19:00:00,1.25,5435,5515,3,3,5523.5,Los Angeles,15.0,0.0,2.8229167,22.0,0.0,1.3125,71.6,41.0,62.258335,0.0,0.0,0.0
6311,2020-12-07 00:45:00,2020-12-07 01:45:00,1.0,4011,4011,3,1,3975.25,Los Angeles,9.0,0.0,4.0,0.0,0.0,0.0,69.0,44.0,60.275,0.0,0.0,0.0
6313,2020-12-07 17:00:00,2020-12-07 17:15:00,0.25,12340,12340,1,1,3085.0,Los Angeles,27.0,0.0,3.6875,38.0,0.0,2.375,60.8,41.0,52.5,0.0,0.0,0.0
6315,2020-12-07 23:00:00,2020-12-08 00:30:00,1.5,5410,5543,3,4,6627.75,Los Angeles,28.0,0.0,6.464286,38.0,0.0,3.5267856,75.2,55.0,68.7375,0.0,0.0,0.0
6317,2020-12-08 17:15:00,2020-12-08 17:30:00,0.25,10801,10801,1,1,2700.25,Los Angeles,13.0,0.0,3.40625,18.0,0.0,1.125,77.0,46.0,64.275,0.0,0.0,0.0
6319,2020-12-08 17:45:00,2020-12-08 18:15:00,0.5,4576,4576,1,2,2200.75,Los Angeles,17.0,0.0,3.5,24.0,0.0,1.8125,77.0,50.0,67.0375,0.0,0.0,0.0
6321,2020-12-08 19:00:00,2020-12-08 19:15:00,0.25,5794,5794,1,1,1448.5,Los Angeles,28.0,0.0,6.53125,36.0,0.0,3.21875,80.0,53.0,70.96875,0.0,0.0,0.0
6323,2020-12-08 21:00:00,2020-12-08 21:15:00,0.25,4166,4166,1,1,1041.5,Los Angeles,26.0,2.0,9.59375,35.0,0.0,2.90625,83.0,59.0,75.675,0.0,0.0,0.0
6325,2020-12-09 17:30:00,2020-12-09 17:45:00,0.25,5345,5345,1,1,1336.25,Los Angeles,13.0,0.0,2.125,0.0,0.0,0.0,69.8,39.0,61.03125,0.0,0.0,0.0
6327,2020-12-10 08:45:00,2020-12-10 13:15:00,4.5,7078,7151,4,8,30085.0,Los Angeles,13.0,0.0,3.430921,0.0,0.0,0.0,62.6,25.0,48.897038,0.0,0.0,0.0
6329,2020-12-10 20:45:00,2020-12-10 21:15:00,0.5,21590,21590,1,2,10587.0,Los Angeles,20.0,3.0,9.395833,25.0,0.0,2.2291667,69.0,53.0,62.65417,0.0,0.0,0.0
6331,2020-12-13 02:00:00,2020-12-13 02:15:00,0.25,26960,26960,1,1,6740.0,Los Angeles,17.0,3.0,9.6875,24.0,0.0,3.78125,66.0,43.0,58.725,0.0002,1e-04,6.25e-06
6333,2020-12-13 15:15:00,2020-12-13 16:15:00,1.0,133885,133885,4,1,87775.25,Los Angeles,19.0,0.0,4.775,0.0,0.0,0.0,66.2,28.0,50.5325,0.0,0.0,0.0
6335,2020-12-13 17:30:00,2020-12-13 17:45:00,0.25,6744,6744,1,1,1686.0,Los Angeles,15.0,0.0,4.5,21.0,0.0,0.65625,66.2,41.0,57.731247,0.0,0.0,0.0
6337,2020-12-14 22:30:00,2020-12-15 00:15:00,1.75,6373,6379,6,2,9829.75,Los Angeles,33.0,4.0,12.5546875,43.0,0.0,11.2265625,68.0,37.0,58.885937,0.0,0.0,0.0
6339,2020-12-15 00:30:00,2020-12-15 01:30:00,1.0,5952,5952,3,2,5358.75,Los Angeles,21.0,0.0,10.3,28.0,0.0,5.2125,64.4,35.0,55.829998,0.0,0.0,0.0
6341,2020-12-16 18:30:00,2020-12-16 21:00:00,2.5,17191,18825,5,6,20230.25,Los Angeles,11.0,0.0,3.0454545,0.0,0.0,0.0,73.4,43.0,64.31364,1e-04,1e-04,5.681818e-07
6343,2020-12-16 22:15:00,2020-12-16 22:30:00,0.25,5456,5456,1,1,1364.0,Los Angeles,11.0,0.0,6.0625,18.0,0.0,1.125,74.0,56.0,66.375,0.0,0.0,0.0
6345,2020-12-21 04:45:00,2020-12-21 05:15:00,0.5,7019,7019,2,1,3369.25,Los Angeles,10.0,0.0,2.125,0.0,0.0,0.0,71.0,36.0,55.9375,0.0,0.0,0.0
6347,2020-12-21 17:30:00,2020-12-21 17:45:00,0.25,16133,16133,1,1,4033.25,Los Angeles,17.0,0.0,2.625,0.0,0.0,0.0,74.0,38.0,65.01875,0.0,0.0,0.0
6349,2020-12-23 16:00:00,2020-12-23 17:30:00,1.5,5300,5300,5,1,6888.25,Los Angeles,26.0,0.0,3.5892856,32.0,0.0,1.9285715,65.0,19.0,49.592857,0.0,0.0,0.0
6351,2020-12-23 18:45:00,2020-12-23 19:45:00,1.0,13692,13809,2,3,9918.5,Los Angeles,30.0,0.0,6.4375,38.0,0.0,2.6875,66.0,49.0,60.472496,0.0,0.0,0.0
6353,2020-12-23 21:15:00,2020-12-23 21:45:00,0.5,3809,3809,1,2,1904.25,Los Angeles,30.0,0.0,7.5208335,42.0,0.0,4.5208335,74.0,51.0,64.22083,0.0,0.0,0.0
6355,2020-12-23 22:30:00,2020-12-23 22:45:00,0.25,3974,3974,1,1,993.5,Los Angeles,31.0,0.0,6.65625,43.0,0.0,3.15625,72.0,50.0,65.3,0.0,0.0,0.0
6357,2020-12-25 13:30:00,2020-12-25 14:00:00,0.5,3815,3815,1,2,1907.25,Los Angeles,11.0,0.0,3.5208333,0.0,0.0,0.0,63.0,23.0,47.904163,0.0,0.0,0.0
6359,2020-12-25 16:00:00,2020-12-25 17:00:00,1.0,4382,4382,1,3,4353.0,Los Angeles,10.0,0.0,3.1125,0.0,0.0,0.0,63.0,24.1,52.121254,0.0,0.0,0.0
6362,2020-12-28 09:00:00,2020-12-29 06:45:00,21.75,43921,80445,41,47,425563.25,Los Angeles,26.0,0.0,6.9822445,36.0,0.0,2.768466,60.0,33.0,46.896023,37.2806,0.33,0.0264777
6364,2020-12-29 18:30:00,2020-12-29 20:15:00,1.75,4083,4140,5,3,7025.75,Los Angeles,21.0,0.0,6.7578125,30.0,0.0,3.8828125,63.0,36.0,53.871876,0.0009,1e-04,7.03125e-06
6366,2020-12-29 21:30:00,2020-12-29 23:45:00,2.25,6589,6643,6,4,14521.5,Los Angeles,24.0,0.0,9.63125,34.0,0.0,8.64375,65.0,37.0,58.69875,1e-04,1e-04,6.25e-07
6368,2020-12-30 02:00:00,2020-12-30 03:45:00,1.75,12032,12077,4,4,14642.75,Los Angeles,15.0,0.0,3.3515625,0.0,0.0,0.0,60.0,35.0,52.078125,0.0004,1e-04,3.125e-06
6370,2020-12-30 21:15:00,2020-12-30 22:00:00,0.75,3982,3982,3,1,2955.25,Los Angeles,15.0,0.0,5.4375,0.0,0.0,0.0,71.0,50.0,63.159374,0.0,0.0,0.0
6373,2021-01-04 09:45:00,2021-01-04 11:00:00,1.25,4378,4378,2,2,5446.0,Los Angeles,7.0,0.0,1.6770834,0.0,0.0,0.0,58.0,34.0,47.835415,0.0,0.0,0.0
6375,2021-01-05 22:00:00,2021-01-05 22:15:00,0.25,5254,5254,1,1,1313.5,Los Angeles,16.0,0.0,6.90625,22.0,0.0,1.28125,75.0,55.0,61.375,0.0,0.0,0.0
6377,2021-01-06 23:45:00,2021-01-07 00:00:00,0.25,30821,30821,1,1,7705.25,Los Angeles,11.0,0.0,5.96875,20.0,0.0,1.25,72.0,54.0,64.375,0.0,0.0,0.0
6379,2021-01-08 03:00:00,2021-01-08 04:00:00,1.0,5448,5448,2,2,4874.0,Los Angeles,9.0,0.0,2.625,0.0,0.0,0.0,64.4,38.0,54.48,1e-04,1e-04,1.25e-06
6381,2021-01-08 19:30:00,2021-01-08 20:30:00,1.0,5462,5462,2,3,5269.5,Los Angeles,14.0,0.0,4.875,18.0,0.0,1.2875,77.0,51.0,63.625,0.0,0.0,0.0
6383,2021-01-09 04:00:00,2021-01-09 06:00:00,2.0,7352,7355,3,4,14238.75,Los Angeles,27.0,0.0,9.541667,39.0,0.0,7.486111,68.0,46.0,58.38611,0.0,0.0,0.0
6385,2021-01-11 21:15:00,2021-01-11 21:30:00,0.25,4745,4745,1,1,1186.25,Los Angeles,16.0,0.0,6.0625,21.0,0.0,1.90625,74.0,54.0,67.8,0.0,0.0,0.0
6387,2021-01-12 02:30:00,2021-01-12 03:30:00,1.0,7016,7023,2,2,6946.75,Los Angeles,14.0,0.0,3.5125,0.0,0.0,0.0,64.0,42.0,56.5325,0.0,0.0,0.0
6389,2021-01-12 04:00:00,2021-01-12 04:15:00,0.25,4211,4211,1,1,1052.75,Los Angeles,13.0,0.0,3.8125,0.0,0.0,0.0,63.0,40.0,54.91875,0.0,0.0,0.0
6391,2021-01-13 05:30:00,2021-01-13 06:45:00,1.25,9881,9881,2,4,12318.75,Los Angeles,17.0,0.0,2.6875,26.0,0.0,1.0625,58.0,35.0,51.925,0.0,0.0,0.0
6393,2021-01-14 19:00:00,2021-01-14 19:15:00,0.25,7564,7564,1,1,1891.0,Los Angeles,20.0,0.0,4.40625,24.0,0.0,1.9375,84.0,56.0,72.462494,0.0,0.0,0.0
6395,2021-01-19 17:15:00,2021-01-20 15:45:00,22.5,38428,96748,38,49,380008.25,Los Angeles,47.0,0.0,12.363324,68.0,0.0,13.002061,71.0,40.0,58.89011,0.45239997,0.06,0.00031071427
6397,2021-01-20 16:45:00,2021-01-20 18:45:00,2.0,5533,5761,5,4,9062.5,Los Angeles,26.0,0.0,8.895833,35.0,0.0,6.0902777,73.4,45.0,63.41945,0.0,0.0,0.0
6399,2021-01-20 19:15:00,2021-01-20 20:45:00,1.5,5612,6507,2,5,6903.5,Los Angeles,24.0,0.0,9.419642,34.0,0.0,7.732143,76.0,50.0,67.98572,0.0,0.0,0.0
6401,2021-01-20 21:15:00,2021-01-20 21:45:00,0.5,6243,6243,1,2,2540.5,Los Angeles,27.0,0.0,9.895833,35.0,0.0,8.666667,77.0,53.0,69.958336,0.0,0.0,0.0
6403,2021-01-21 02:45:00,2021-01-21 09:00:00,6.25,8629,11961,8,17,39899.75,Los Angeles,21.0,0.0,4.0721154,28.0,0.0,0.26923078,69.0,35.0,58.664425,0.0,0.0,0.0
6405,2021-01-21 18:45:00,2021-01-21 22:30:00,3.75,5709,6303,9,7,17856.5,Los Angeles,12.0,0.0,5.1953125,18.0,0.0,0.53125,72.0,56.0,66.48047,0.0004,1e-04,1.5625e-06
6407,2021-01-21 23:30:00,2021-01-22 00:45:00,1.25,3919,3919,1,5,4828.75,Los Angeles,17.0,0.0,7.78125,22.0,0.0,0.39583334,70.0,53.0,64.87292,0.0,0.0,0.0
6409,2021-01-22 02:00:00,2021-01-22 02:30:00,0.5,4678,4678,1,2,2312.0,Los Angeles,12.0,0.0,4.6875,0.0,0.0,0.0,66.0,51.0,59.433334,0.0,0.0,0.0
6411,2021-01-22 03:15:00,2021-01-22 03:30:00,0.25,5377,5377,1,1,1344.25,Los Angeles,11.0,0.0,3.71875,0.0,0.0,0.0,62.6,51.0,57.881252,0.0,0.0,0.0
6413,2021-01-22 03:45:00,2021-01-22 06:00:00,2.25,6586,6819,3,7,13700.75,Los Angeles,11.0,0.0,3.11875,0.0,0.0,0.0,60.8,48.0,56.325,0.0,0.0,0.0
6415,2021-01-23 09:15:00,2021-01-23 11:30:00,2.25,5887,5887,2,4,13076.0,Los Angeles,16.0,0.0,5.06875,21.0,0.0,0.45625,54.0,34.0,47.646248,0.062599994,0.01,0.00039124995
6417,2021-01-23 20:00:00,2021-01-23 20:45:00,0.75,3941,3941,3,1,2936.25,Los Angeles,8.0,0.0,4.515625,0.0,0.0,0.0,54.0,39.0,49.734375,0.40029997,0.06,0.006254687
6419,2021-01-24 04:30:00,2021-01-24 05:00:00,0.5,4094,4094,1,2,2046.75,Los Angeles,19.0,0.0,3.9166667,21.0,0.0,0.4375,51.0,34.0,45.425,0.110599995,0.02,0.0023041666
6421,2021-01-24 06:00:00,2021-01-24 07:15:00,1.25,5274,5274,1,4,6587.75,Los Angeles,19.0,0.0,3.78125,27.0,0.0,0.84375,51.0,34.0,44.766663,0.0905,0.02,0.0009427083
6423,2021-01-25 10:45:00,2021-01-25 11:00:00,0.25,14830,14830,1,1,3707.5,Los Angeles,27.0,0.0,9.78125,32.0,0.0,4.5625,52.0,34.0,45.600002,2.0102,0.27,0.06281875
6425,2021-01-25 14:00:00,2021-01-25 20:15:00,6.25,19425,25555,15,10,55125.0,Los Angeles,34.0,0.0,15.122596,43.0,0.0,13.072115,56.0,27.0,46.260334,0.3334,0.05,0.0008014423
6427,2021-01-25 21:00:00,2021-01-25 21:15:00,0.25,8505,8505,1,1,2126.25,Los Angeles,32.0,6.0,19.21875,40.0,0.0,22.4375,55.0,30.9,49.81875,0.02,0.01,0.000625
6429,2021-01-25 22:00:00,2021-01-25 22:15:00,0.25,4064,4064,1,1,1016.0,Los Angeles,33.0,9.0,21.03125,47.0,0.0,29.40625,55.4,30.0,49.0875,0.0105,0.01,0.000328125
6431,2021-01-26 00:30:00,2021-01-26 05:15:00,4.75,8175,13382,9,10,27001.0,Los Angeles,32.0,0.0,13.446875,44.0,0.0,14.459375,54.0,28.0,45.23281,0.093200006,0.01,0.00029125
6433,2021-01-26 05:30:00,2021-01-26 08:15:00,2.75,10552,12548,7,5,19188.25,Los Angeles,29.0,0.0,9.552083,40.0,0.0,9.973958,50.0,28.0,42.34271,0.00049999997,1e-04,2.6041664e-06
6435,2021-01-26 17:00:00,2021-01-26 18:00:00,1.0,8068,8068,2,3,6511.25,Los Angeles,30.0,0.0,9.3375,38.0,0.0,4.3625,54.0,28.0,46.44,0.0004,1e-04,5e-06
6437,2021-01-26 18:15:00,2021-01-26 20:00:00,1.75,5152,5299,3,5,8066.5,Los Angeles,20.0,0.0,7.265625,29.0,0.0,2.0546875,56.0,28.9,49.721878,0.0002,1e-04,1.5625e-06
6439,2021-01-26 20:30:00,2021-01-26 22:30:00,2.0,7481,7679,4,5,12783.75,Los Angeles,19.0,0.0,7.3333335,18.0,0.0,0.5555556,58.0,36.0,52.495834,0.00029999999,1e-04,2.0833331e-06
6441,2021-01-27 19:00:00,2021-01-27 19:15:00,0.25,4553,4553,1,1,1138.25,Los Angeles,19.0,2.0,11.0,27.0,0.0,5.03125,57.0,35.0,51.55,0.06,0.03,0.001875
6443,2021-01-28 02:45:00,2021-01-28 04:45:00,2.0,4108,4369,6,3,8023.0,Los Angeles,24.0,0.0,4.9791665,34.0,0.0,1.6388888,56.0,36.0,50.512497,0.0603,0.01,0.00041875
6445,2021-01-28 20:15:00,2021-01-28 21:45:00,1.5,11714,11793,3,4,17058.75,Los Angeles,26.0,0.0,9.330358,33.0,0.0,3.5089285,64.4,39.0,59.06071,0.00059999997,1e-04,5.3571425e-06
6447,2021-01-28 22:30:00,2021-01-28 23:30:00,1.0,4590,4617,3,2,4545.0,Los Angeles,26.0,0.0,11.2125,33.0,0.0,5.3875,64.4,42.0,58.457497,0.0,0.0,0.0
6449,2021-01-29 05:45:00,2021-01-29 06:00:00,0.25,3957,3957,1,1,989.25,Los Angeles,18.0,0.0,7.3125,23.0,0.0,3.8125,57.2,35.0,48.6,1.8399999,0.16,0.057499997
6451,2021-01-29 06:30:00,2021-01-29 09:45:00,3.25,5995,7226,8,6,15910.0,Los Angeles,16.0,0.0,8.026786,22.0,0.0,2.4910715,57.2,34.0,48.47232,10.9914,0.2,0.04906875
6453,2021-01-29 10:00:00,2021-01-29 11:00:00,1.0,7212,7212,2,2,5981.0,Los Angeles,16.0,0.0,6.0,22.0,0.0,1.525,53.0,35.0,47.932503,2.4909,0.23,0.03113625
6455,2021-01-29 15:15:00,2021-01-29 15:45:00,0.5,4305,4305,2,1,2076.0,Los Angeles,17.0,0.0,5.1041665,22.0,0.0,0.9166667,54.0,33.0,47.520832,0.27999997,0.03,0.005833333
6457,2021-01-29 16:15:00,2021-01-29 17:15:00,1.0,5510,5510,1,3,5146.25,Los Angeles,19.0,0.0,5.625,16.0,0.0,0.2,55.0,33.0,48.6625,0.40039998,0.11,0.0050049997
6459,2021-01-29 17:30:00,2021-01-29 17:45:00,0.25,6679,6679,1,1,1669.75,Los Angeles,18.0,0.0,5.6875,19.0,0.0,1.1875,56.0,35.0,50.2375,0.00029999999,1e-04,9.3749995e-06
6461,2021-01-29 18:30:00,2021-01-30 02:15:00,7.75,8246,13372,15,17,49965.0,Los Angeles,19.0,0.0,5.8066406,22.0,0.0,0.48046875,56.0,35.0,49.151173,5.7841997,0.27,0.011297265
6463,2021-01-30 02:45:00,2021-01-30 07:00:00,4.25,5826,6774,9,9,19540.25,Los Angeles,18.0,0.0,3.0902777,17.0,0.0,0.11805555,53.0,35.0,46.50486,0.0,0.0,0.0
6465,2021-02-01 15:30:00,2021-02-01 15:45:00,0.25,3855,3855,1,1,963.75,Los Angeles,15.0,0.0,3.78125,0.0,0.0,0.0,63.0,45.0,56.1375,1e-04,1e-04,3.125e-06
6467,2021-02-01 18:00:00,2021-02-01 19:00:00,1.0,7021,7021,3,2,6205.75,Los Angeles,10.0,0.0,3.0,0.0,0.0,0.0,65.0,49.0,59.6575,0.0011,1e-04,1.375e-05
6469,2021-02-01 19:15:00,2021-02-01 20:30:00,1.25,3859,3891,3,3,4813.75,Los Angeles,10.0,0.0,3.3229167,14.0,0.0,0.5833333,70.0,53.0,61.70625,0.0401,0.01,0.00041770833
6471,2021-02-01 21:15:00,2021-02-01 21:45:00,0.5,9410,9410,1,2,4703.0,Los Angeles,8.0,0.0,2.625,0.0,0.0,0.0,71.6,56.0,64.950005,0.0002,1e-04,4.1666667e-06
6473,2021-02-02 20:00:00,2021-02-02 20:15:00,0.25,5144,5144,1,1,1286.0,Los Angeles,14.0,0.0,5.625,19.0,0.0,1.1875,73.0,56.0,65.6125,0.0,0.0,0.0
6475,2021-02-03 08:15:00,2021-02-03 08:30:00,0.25,4060,4060,1,1,1015.0,Los Angeles,13.0,0.0,4.125,0.0,0.0,0.0,60.8,45.0,53.13125,0.0,0.0,0.0
6477,2021-02-03 16:45:00,2021-02-03 17:15:00,0.5,3862,3862,1,2,1926.5,Los Angeles,22.0,0.0,5.25,30.0,0.0,2.1666667,60.0,42.0,54.11667,1e-04,1e-04,2.0833334e-06
6479,2021-02-04 16:45:00,2021-02-04 17:00:00,0.25,6035,6035,1,1,1508.75,Los Angeles,18.0,0.0,3.4375,23.0,0.0,1.4375,57.0,41.0,51.6625,0.0,0.0,0.0
6481,2021-02-05 21:00:00,2021-02-05 21:15:00,0.25,4053,4053,1,1,1013.25,Los Angeles,9.0,0.0,6.0625,0.0,0.0,0.0,74.0,59.0,65.3375,0.0,0.0,0.0
6483,2021-02-07 11:30:00,2021-02-07 11:45:00,0.25,5582,5582,1,1,1395.5,Los Angeles,14.0,0.0,2.53125,0.0,0.0,0.0,61.0,28.9,48.13125,0.0,0.0,0.0
6485,2021-02-07 12:00:00,2021-02-07 12:45:00,0.75,4025,4025,2,1,3018.5,Los Angeles,14.0,0.0,2.90625,0.0,0.0,0.0,61.0,28.9,47.757812,0.0,0.0,0.0
6487,2021-02-08 19:00:00,2021-02-08 19:15:00,0.25,3903,3903,1,1,975.75,Los Angeles,11.0,0.0,4.34375,0.0,0.0,0.0,69.0,51.8,57.85,0.0,0.0,0.0
6489,2021-02-08 19:30:00,2021-02-08 20:45:00,1.25,4266,4282,3,3,5303.25,Los Angeles,17.0,0.0,6.0729165,18.0,0.0,0.75,71.0,54.0,60.358334,0.0,0.0,0.0
6491,2021-02-08 21:15:00,2021-02-08 21:30:00,0.25,5267,5267,1,1,1316.75,Los Angeles,19.0,0.0,7.40625,22.0,0.0,0.6875,71.0,54.0,61.7875,0.0,0.0,0.0
6493,2021-02-08 22:45:00,2021-02-08 23:15:00,0.5,4580,4580,2,1,2243.0,Los Angeles,20.0,0.0,8.5,23.0,0.0,1.3958334,70.0,54.0,61.675,0.0,0.0,0.0
6495,2021-02-09 04:00:00,2021-02-09 04:30:00,0.5,4074,4074,1,1,2037.0,Los Angeles,18.0,0.0,4.4375,0.0,0.0,0.0,57.0,48.0,52.80417,1e-04,1e-04,2.0833334e-06
6497,2021-02-10 16:00:00,2021-02-10 16:30:00,0.5,28457,28457,1,1,14228.5,Los Angeles,15.0,0.0,3.1458333,14.0,0.0,0.875,58.0,45.0,52.0125,0.0,0.0,0.0
6499,2021-02-10 18:00:00,2021-02-10 18:30:00,0.5,37938,37938,2,1,18909.0,Los Angeles,22.0,0.0,5.3333335,31.0,0.0,1.9375,60.0,47.0,55.87917,0.0,0.0,0.0
6501,2021-02-11 16:15:00,2021-02-11 16:30:00,0.25,4393,4393,1,1,1098.25,Los Angeles,12.0,0.0,2.21875,23.0,0.0,1.4375,57.0,41.0,50.43125,0.0,0.0,0.0
6503,2021-02-11 17:15:00,2021-02-11 17:45:00,0.5,4661,4661,2,1,2143.75,Los Angeles,6.0,0.0,2.0208333,0.0,0.0,0.0,61.0,49.0,55.395832,0.0,0.0,0.0
6505,2021-02-12 06:00:00,2021-02-12 06:15:00,0.25,11977,11977,1,1,2994.25,Los Angeles,23.0,0.0,7.46875,0.0,0.0,0.0,57.0,46.0,54.0,0.0,0.0,0.0
6507,2021-02-12 17:00:00,2021-02-12 17:15:00,0.25,4319,4319,1,1,1079.75,Los Angeles,42.0,0.0,14.5625,59.0,0.0,11.6875,60.8,37.0,53.69375,0.020499999,0.02,0.00064062496
6509,2021-02-12 21:15:00,2021-02-12 23:30:00,2.25,114577,114577,3,7,180189.0,Los Angeles,27.0,4.0,15.05,36.0,0.0,11.4125,69.8,40.0,61.573753,0.0,0.0,0.0
6511,2021-02-14 02:00:00,2021-02-14 03:15:00,1.25,5224,5237,4,2,6325.25,Los Angeles,35.0,0.0,13.364583,51.0,0.0,11.552083,64.0,41.0,55.777084,0.0,0.0,0.0
6513,2021-02-14 22:45:00,2021-02-14 23:00:00,0.25,7516,7516,1,1,1879.0,Los Angeles,27.0,0.0,15.125,42.0,0.0,12.71875,71.0,44.0,61.25,0.0,0.0,0.0
6515,2021-02-14 23:30:00,2021-02-15 00:15:00,0.75,41863,41863,1,3,22591.25,Los Angeles,27.0,7.0,15.4375,42.0,0.0,12.265625,69.8,42.0,60.5375,0.0,0.0,0.0
6517,2021-02-16 06:30:00,2021-02-16 07:30:00,1.0,4390,4390,2,3,4385.5,Los Angeles,40.0,0.0,9.2375,61.0,0.0,7.5375,62.6,45.0,54.5225,0.00029999999,1e-04,3.75e-06
6519,2021-02-17 01:15:00,2021-02-17 02:30:00,1.25,7809,7809,3,3,8147.5,Los Angeles,48.0,0.0,13.229167,52.0,0.0,9.135417,69.8,40.0,57.170834,0.0,0.0,0.0
6521,2021-02-17 02:45:00,2021-02-17 03:45:00,1.0,10167,10167,4,1,7166.5,Los Angeles,25.0,0.0,12.225,36.0,0.0,9.275,64.4,39.0,56.2875,0.0,0.0,0.0
6523,2021-02-17 04:00:00,2021-02-17 06:00:00,2.0,5859,6082,4,5,10532.25,Los Angeles,23.0,0.0,11.395833,33.0,0.0,8.625,63.0,38.0,55.49861,0.0,0.0,0.0
6525,2021-02-17 16:15:00,2021-02-17 16:30:00,0.25,4099,4099,1,1,1024.75,Los Angeles,19.0,0.0,6.65625,23.0,0.0,0.71875,61.0,36.0,51.38125,0.0,0.0,0.0
6527,2021-02-17 17:00:00,2021-02-17 17:30:00,0.5,3976,3976,2,1,1958.5,Los Angeles,23.0,0.0,8.416667,29.0,0.0,4.8958335,64.0,36.0,54.170834,0.0,0.0,0.0
6529,2021-02-17 17:45:00,2021-02-17 18:00:00,0.25,4123,4123,1,1,1030.75,Los Angeles,22.0,0.0,8.3125,26.0,0.0,3.84375,64.0,37.0,56.6375,0.0,0.0,0.0
6531,2021-02-17 18:45:00,2021-02-17 20:00:00,1.25,4223,4224,3,3,5019.5,Los Angeles,20.0,0.0,9.09375,24.0,0.0,3.0104167,69.0,38.0,59.662502,0.0,0.0,0.0
6533,2021-02-18 08:15:00,2021-02-18 11:00:00,2.75,3968,3978,3,8,10705.75,Los Angeles,19.0,0.0,5.765625,24.0,0.0,0.6875,64.0,27.0,50.19583,0.0,0.0,0.0
6535,2021-02-18 11:15:00,2021-02-18 11:30:00,0.25,3841,3841,1,1,960.25,Los Angeles,17.0,0.0,5.1875,24.0,0.0,2.09375,64.0,28.0,48.75625,0.0,0.0,0.0
6537,2021-02-19 00:15:00,2021-02-19 02:15:00,2.0,4581,4710,3,6,8461.0,Los Angeles,13.0,0.0,7.0833335,12.0,0.0,0.16666667,70.0,45.0,59.600002,0.0,0.0,0.0
6539,2021-02-19 05:00:00,2021-02-19 05:45:00,0.75,3937,3937,1,2,2945.25,Los Angeles,11.0,0.0,3.984375,20.0,0.0,0.3125,60.8,33.0,52.340626,0.0,0.0,0.0
6541,2021-02-19 18:45:00,2021-02-19 19:00:00,0.25,5835,5835,1,1,1458.75,Los Angeles,16.0,0.0,3.71875,0.0,0.0,0.0,67.0,55.0,62.7625,0.0,0.0,0.0
6543,2021-02-20 18:15:00,2021-02-20 18:30:00,0.25,4155,4155,1,1,1038.75,Los Angeles,30.0,0.0,15.15625,50.0,0.0,15.65625,67.0,34.0,56.793747,0.0,0.0,0.0
6545,2021-02-20 18:45:00,2021-02-20 19:15:00,0.5,5247,5247,2,1,2392.0,Los Angeles,29.0,0.0,14.583333,45.0,0.0,18.333334,67.0,34.0,58.454163,0.0,0.0,0.0
6547,2021-02-20 20:00:00,2021-02-21 05:15:00,9.25,8231,12871,20,17,46946.25,Los Angeles,33.0,0.0,13.710526,42.0,0.0,11.580592,71.0,36.0,58.308876,0.0,0.0,0.0
6549,2021-02-21 19:45:00,2021-02-21 20:30:00,0.75,4427,4429,2,2,3152.75,Los Angeles,19.0,0.0,8.40625,25.0,0.0,3.078125,73.0,49.0,66.56563,0.0,0.0,0.0
6551,2021-02-21 22:00:00,2021-02-22 01:00:00,3.0,9777,10363,5,8,26719.75,Los Angeles,19.0,0.0,9.615385,23.0,0.0,3.0817308,76.0,51.0,66.89904,0.0,0.0,0.0
6553,2021-02-22 02:30:00,2021-02-22 03:15:00,0.75,5063,5072,2,2,3751.5,Los Angeles,19.0,0.0,5.984375,25.0,0.0,1.171875,66.2,44.0,57.921875,0.0,0.0,0.0
6555,2021-02-22 10:00:00,2021-02-22 10:30:00,0.5,4987,4987,1,1,2493.5,Los Angeles,22.0,0.0,3.8125,0.0,0.0,0.0,70.0,28.0,49.925,0.0,0.0,0.0
6557,2021-02-23 03:45:00,2021-02-23 04:00:00,0.25,4941,4941,1,1,1235.25,Los Angeles,12.0,0.0,4.5625,0.0,0.0,0.0,68.0,43.0,60.0625,0.0,0.0,0.0
6559,2021-02-23 11:15:00,2021-02-23 12:45:00,1.5,8866,8866,1,5,12954.75,Los Angeles,13.0,0.0,2.3482144,0.0,0.0,0.0,68.0,28.0,52.482143,0.0,0.0,0.0
6561,2021-02-23 18:15:00,2021-02-23 18:45:00,0.5,5073,5073,1,1,2536.5,Los Angeles,9.0,0.0,3.0625,16.0,0.0,0.33333334,79.0,54.0,67.9375,0.0,0.0,0.0
6563,2021-02-24 01:00:00,2021-02-24 03:15:00,2.25,11381,12402,4,5,17202.0,Los Angeles,15.0,0.0,5.81875,0.0,0.0,0.0,78.0,52.0,64.75875,0.0,0.0,0.0
6565,2021-02-24 04:30:00,2021-02-24 04:45:00,0.25,3856,3856,1,1,964.0,Los Angeles,15.0,0.0,5.40625,18.0,0.0,0.5625,75.2,52.0,61.475,0.0,0.0,0.0
6567,2021-02-24 05:15:00,2021-02-24 05:30:00,0.25,3822,3822,1,1,955.5,Los Angeles,15.0,0.0,4.6875,0.0,0.0,0.0,75.2,52.0,60.975,0.0,0.0,0.0
6569,2021-02-24 21:30:00,2021-02-24 22:45:00,1.25,7271,7271,4,2,7311.5,Los Angeles,24.0,0.0,8.78125,26.0,0.0,1.6875,77.0,55.0,68.55,0.0,0.0,0.0
6571,2021-02-25 11:00:00,2021-02-25 11:45:00,0.75,6072,6072,2,1,4108.0,Los Angeles,32.0,0.0,7.734375,43.0,0.0,4.25,69.0,36.0,50.825,0.0,0.0,0.0
6573,2021-02-25 18:00:00,2021-02-25 20:15:00,2.25,4964,5100,6,4,9759.75,Los Angeles,28.0,0.0,9.46875,41.0,0.0,5.5875,72.0,40.0,61.888752,0.0,0.0,0.0
6575,2021-02-25 22:15:00,2021-02-26 00:00:00,1.75,6151,6277,4,4,8483.25,Los Angeles,25.0,0.0,8.6640625,28.0,0.0,1.734375,75.0,50.0,67.02344,0.0,0.0,0.0
6577,2021-02-26 03:30:00,2021-02-26 04:00:00,0.5,11237,11237,2,1,3954.0,Los Angeles,17.0,0.0,5.8333335,0.0,0.0,0.0,65.0,38.0,56.520832,0.0,0.0,0.0
6579,2021-02-26 22:45:00,2021-02-27 02:15:00,3.5,9484,10561,11,4,18757.0,Los Angeles,35.0,0.0,9.6375,42.0,0.0,3.55,76.0,47.0,64.3975,0.0,0.0,0.0
6581,2021-02-28 00:30:00,2021-02-28 01:45:00,1.25,4338,4373,3,3,5280.25,Los Angeles,27.0,3.0,14.270833,48.0,0.0,8.4375,72.0,40.0,61.80417,0.0,0.0,0.0
6583,2021-03-01 10:15:00,2021-03-01 10:30:00,0.25,7226,7226,1,1,1806.5,Los Angeles,17.0,0.0,5.03125,0.0,0.0,0.0,71.0,24.1,48.2875,0.0,0.0,0.0
6585,2021-03-01 18:00:00,2021-03-01 18:15:00,0.25,7582,7582,1,1,1895.5,Los Angeles,18.0,0.0,7.53125,26.0,0.0,1.625,69.8,48.0,61.9625,0.0,0.0,0.0
6587,2021-03-02 17:30:00,2021-03-02 18:45:00,1.25,5060,5859,4,2,5360.25,Los Angeles,22.0,0.0,6.0625,31.0,0.0,1.9791666,73.0,47.0,63.41458,0.0,0.0,0.0
6589,2021-03-02 19:00:00,2021-03-02 19:15:00,0.25,4813,4813,1,1,1203.25,Los Angeles,20.0,0.0,6.6875,28.0,0.0,1.75,73.0,52.0,66.58125,0.0,0.0,0.0
6591,2021-03-02 19:45:00,2021-03-02 20:00:00,0.25,4232,4232,1,1,1058.0,Los Angeles,17.0,3.0,8.4375,24.0,0.0,3.96875,75.2,55.0,69.0625,0.0,0.0,0.0
6593,2021-03-02 20:15:00,2021-03-02 21:00:00,0.75,3864,3878,2,2,2878.0,Los Angeles,17.0,3.0,8.34375,24.0,0.0,3.890625,77.0,55.0,68.912506,0.0,0.0,0.0
6595,2021-03-03 09:00:00,2021-03-03 09:30:00,0.5,4273,4273,1,1,2136.5,Los Angeles,11.0,0.0,3.2291667,0.0,0.0,0.0,60.8,32.0,48.779163,0.0,0.0,0.0
6597,2021-03-03 19:15:00,2021-03-04 02:15:00,7.0,42900,57908,15,14,97528.0,Los Angeles,22.0,0.0,10.159483,31.0,0.0,4.487069,68.0,35.0,51.94138,3.4015,0.18,0.007330819
6599,2021-03-04 17:30:00,2021-03-04 21:00:00,3.5,12826,20431,7,8,25108.75,Los Angeles,13.0,0.0,4.7791667,21.0,0.0,0.575,68.0,48.0,59.64417,0.00029999999,1e-04,1.25e-06
6601,2021-03-05 22:00:00,2021-03-05 22:15:00,0.25,12861,12861,1,1,3215.25,Los Angeles,18.0,0.0,7.59375,19.0,0.0,1.65625,80.6,61.0,70.637505,0.0,0.0,0.0
6603,2021-03-07 16:00:00,2021-03-07 16:45:00,0.75,7604,7604,3,1,4945.75,Los Angeles,10.0,0.0,3.15625,0.0,0.0,0.0,59.0,43.0,53.25,0.0,0.0,0.0
6605,2021-03-08 02:45:00,2021-03-08 07:45:00,5.0,5823,6106,7,9,27309.5,Los Angeles,26.0,0.0,5.794643,26.0,0.0,1.6607143,59.0,42.0,54.163097,0.0,0.0,0.0
6607,2021-03-08 16:00:00,2021-03-08 16:45:00,0.75,14856,14856,1,2,9543.75,Los Angeles,17.0,0.0,4.5,21.0,0.0,0.625,62.0,43.0,54.978127,0.03,0.01,0.00046875
6609,2021-03-08 18:00:00,2021-03-08 18:15:00,0.25,5700,5700,1,1,1425.0,Los Angeles,20.0,0.0,7.4375,23.0,0.0,2.09375,62.0,50.0,57.8875,0.00029999999,1e-04,9.3749995e-06
6611,2021-03-08 18:30:00,2021-03-08 19:00:00,0.5,10458,10458,1,2,4129.25,Los Angeles,22.0,0.0,8.395833,29.0,0.0,4.2291665,64.0,50.0,59.524998,0.0002,1e-04,4.1666667e-06
6613,2021-03-08 20:45:00,2021-03-08 21:30:00,0.75,4280,4282,2,2,3206.5,Los Angeles,21.0,4.0,10.578125,26.0,0.0,3.234375,66.0,52.0,61.446873,0.0,0.0,0.0
6615,2021-03-09 20:00:00,2021-03-09 20:30:00,0.5,6330,6330,2,1,3163.25,Los Angeles,23.0,3.0,13.604167,29.0,0.0,7.9791665,62.6,42.0,57.57083,0.0,0.0,0.0
6617,2021-03-10 22:00:00,2021-03-10 22:15:00,0.25,4033,4033,1,1,1008.25,Los Angeles,23.0,0.0,11.9375,29.0,0.0,8.4375,57.0,34.0,50.981247,0.35049996,0.17,0.010953124
6619,2021-03-11 00:00:00,2021-03-11 03:00:00,3.0,5227,6533,4,9,14797.0,Los Angeles,19.0,0.0,9.004807,28.0,0.0,2.8701923,57.0,33.0,49.998074,0.1111,0.1,0.0005341346
6621,2021-03-11 03:15:00,2021-03-11 03:45:00,0.5,4625,4625,2,1,2107.0,Los Angeles,21.0,0.0,7.5416665,26.0,0.0,2.6041667,54.0,33.0,48.2375,0.0,0.0,0.0
6623,2021-03-11 04:15:00,2021-03-11 05:15:00,1.0,6462,6462,1,3,4922.5,Los Angeles,21.0,0.0,6.5,24.0,0.0,1.275,53.0,32.0,47.6375,0.39069998,0.07,0.00488375
6625,2021-03-11 06:00:00,2021-03-11 06:15:00,0.25,3918,3918,1,1,979.5,Los Angeles,16.0,0.0,7.15625,24.0,0.0,2.59375,51.8,32.0,45.9125,0.3102,0.07,0.00969375
6627,2021-03-11 18:15:00,2021-03-11 18:30:00,0.25,7740,7740,1,1,1935.0,Los Angeles,11.0,0.0,4.03125,15.0,0.0,0.46875,56.0,35.0,49.69375,0.0,0.0,0.0
6629,2021-03-11 19:45:00,2021-03-11 20:00:00,0.25,4074,4074,1,1,1018.5,Los Angeles,14.0,0.0,6.71875,20.0,0.0,1.8125,60.0,38.0,51.45,0.0002,1e-04,6.25e-06
6631,2021-03-12 16:30:00,2021-03-12 16:45:00,0.25,11736,11736,1,1,2934.0,Los Angeles,12.0,0.0,2.5,0.0,0.0,0.0,55.0,33.0,47.63125,0.0101,0.01,0.000315625
6633,2021-03-12 18:00:00,2021-03-12 18:15:00,0.25,4002,4002,1,1,1000.5,Los Angeles,9.0,0.0,3.9375,0.0,0.0,0.0,58.0,38.0,51.4625,0.0,0.0,0.0
6635,2021-03-13 09:15:00,2021-03-13 13:45:00,4.5,4538,4540,3,9,19001.5,Los Angeles,22.0,0.0,5.243421,31.0,0.0,0.75,58.0,37.0,46.026974,0.0,0.0,0.0
6637,2021-03-13 20:15:00,2021-03-13 20:30:00,0.25,4310,4310,1,1,1077.5,Los Angeles,24.0,0.0,11.375,30.0,0.0,5.40625,65.0,51.0,58.45,0.0,0.0,0.0
6639,2021-03-14 15:45:00,2021-03-14 16:15:00,0.5,4085,4085,2,1,2038.75,Los Angeles,13.0,0.0,4.75,0.0,0.0,0.0,58.0,45.0,52.75,0.0,0.0,0.0
6641,2021-03-15 20:15:00,2021-03-15 21:15:00,1.0,4477,4477,4,1,4349.5,Los Angeles,31.0,5.0,18.375,39.0,0.0,20.7625,59.0,35.0,51.347496,0.0007,1e-04,8.749999e-06
6643,2021-03-16 00:00:00,2021-03-16 03:00:00,3.0,10322,10339,3,10,22308.75,Los Angeles,31.0,0.0,14.822115,39.0,0.0,13.927885,57.0,30.9,49.184135,0.1513,0.02,0.00072740385
6645,2021-03-16 21:00:00,2021-03-16 21:45:00,0.75,9887,9887,2,1,7414.25,Los Angeles,18.0,0.0,8.078125,22.0,0.0,1.4375,61.0,44.6,55.987503,0.0,0.0,0.0
6647,2021-03-17 00:30:00,2021-03-17 02:30:00,2.0,7743,7954,5,4,11837.75,Los Angeles,18.0,0.0,8.576389,22.0,0.0,1.3125,66.2,43.0,54.199997,0.0,0.0,0.0
6649,2021-03-17 04:15:00,2021-03-17 05:00:00,0.75,5993,6286,2,2,4355.5,Los Angeles,16.0,0.0,4.796875,0.0,0.0,0.0,66.2,37.0,50.434372,0.0,0.0,0.0
6651,2021-03-17 06:00:00,2021-03-17 06:45:00,0.75,5717,5717,1,3,4279.25,Los Angeles,13.0,0.0,3.578125,0.0,0.0,0.0,66.2,37.0,49.262497,0.0,0.0,0.0
6653,2021-03-17 08:30:00,2021-03-17 09:15:00,0.75,5244,5245,2,2,3924.75,Los Angeles,17.0,0.0,3.578125,0.0,0.0,0.0,66.2,37.0,47.190624,0.0,0.0,0.0
6655,2021-03-17 17:15:00,2021-03-17 17:30:00,0.25,11034,11034,1,1,2758.5,Los Angeles,6.0,0.0,2.40625,0.0,0.0,0.0,66.2,45.0,53.39375,0.0,0.0,0.0
6657,2021-03-17 18:00:00,2021-03-17 18:30:00,0.5,3849,3849,2,1,1914.0,Los Angeles,8.0,0.0,3.625,0.0,0.0,0.0,66.2,48.0,55.525005,0.0,0.0,0.0
6659,2021-03-17 19:00:00,2021-03-17 20:30:00,1.5,4823,4826,4,3,6036.75,Los Angeles,10.0,0.0,5.232143,0.0,0.0,0.0,67.0,50.0,59.00357,0.0,0.0,0.0
6661,2021-03-18 21:45:00,2021-03-18 22:00:00,0.25,17190,17190,1,1,4297.5,Los Angeles,13.0,0.0,8.65625,19.0,0.0,1.71875,73.0,55.0,64.6875,0.0,0.0,0.0
6663,2021-03-19 02:00:00,2021-03-19 02:30:00,0.5,16236,16236,1,2,8117.75,Los Angeles,16.0,0.0,8.270833,18.0,0.0,1.125,66.2,50.0,58.654163,0.0,0.0,0.0
6665,2021-03-19 09:15:00,2021-03-19 09:45:00,0.5,5882,5882,1,1,2941.0,Los Angeles,14.0,0.0,3.0208333,0.0,0.0,0.0,55.4,48.0,51.599995,0.0,0.0,0.0
6667,2021-03-19 15:30:00,2021-03-19 15:45:00,0.25,26016,26016,1,1,6504.0,Los Angeles,10.0,0.0,2.125,0.0,0.0,0.0,59.0,47.0,54.4375,0.0,0.0,0.0
6670,2021-03-23 07:30:00,2021-03-23 07:45:00,0.25,4610,4610,1,1,1152.5,Los Angeles,31.0,0.0,8.4375,36.0,0.0,5.125,60.8,42.0,52.625,0.0,0.0,0.0
6672,2021-03-23 13:00:00,2021-03-23 13:15:00,0.25,13143,13143,1,1,3285.75,Los Angeles,21.0,0.0,6.15625,27.0,0.0,1.6875,55.4,39.0,49.7875,0.0,0.0,0.0
6674,2021-03-23 18:45:00,2021-03-24 00:45:00,6.0,11752,14486,11,14,53409.75,Los Angeles,28.0,3.0,15.6725,35.0,0.0,13.9275,71.0,38.0,61.8375,0.0,0.0,0.0
6676,2021-03-24 18:15:00,2021-03-24 18:30:00,0.25,5042,5042,1,1,1260.5,Los Angeles,15.0,0.0,8.40625,23.0,0.0,6.15625,71.0,52.0,64.7875,0.0,0.0,0.0
6678,2021-03-24 23:45:00,2021-03-25 01:00:00,1.25,4749,4832,3,3,5821.5,Los Angeles,28.0,2.0,14.96875,34.0,0.0,13.729167,71.6,52.0,65.152084,0.0,0.0,0.0
6680,2021-03-28 16:30:00,2021-03-28 16:45:00,0.25,5453,5453,1,1,1363.25,Los Angeles,14.0,0.0,4.3125,0.0,0.0,0.0,80.6,51.0,67.975006,0.0,0.0,0.0
6682,2021-03-29 00:00:00,2021-03-29 02:15:00,2.25,9229,10404,7,3,13988.5,Los Angeles,20.0,0.0,9.15625,24.0,0.0,2.30625,87.0,56.0,74.48625,0.0,0.0,0.0
6684,2021-03-29 13:15:00,2021-03-29 13:30:00,0.25,15093,15093,1,1,3773.25,Los Angeles,17.0,0.0,3.1875,24.0,0.0,1.5,67.0,44.0,54.70625,0.0,0.0,0.0
6686,2021-04-01 16:30:00,2021-04-01 17:15:00,0.75,6574,6577,2,2,4922.25,Los Angeles,19.0,0.0,4.96875,25.0,0.0,1.46875,82.4,55.0,73.725,0.0,0.0,0.0
6688,2021-04-02 01:30:00,2021-04-02 03:15:00,1.75,5098,5098,6,1,7093.0,Los Angeles,17.0,0.0,6.15625,22.0,0.0,0.8203125,84.0,43.0,69.612495,0.0,0.0,0.0
6690,2021-04-04 02:15:00,2021-04-04 02:45:00,0.5,4017,4017,2,1,1991.5,Los Angeles,18.0,0.0,7.875,0.0,0.0,0.0,74.0,54.0,62.791668,0.0,0.0,0.0
6697,2021-04-08 21:00:00,2021-04-08 21:30:00,0.5,4198,4198,1,2,2071.75,Los Angeles,27.0,0.0,12.333333,37.0,0.0,6.6666665,84.0,61.0,70.729164,0.0,0.0,0.0
6699,2021-04-09 01:15:00,2021-04-09 02:00:00,0.75,4459,4459,1,3,3337.25,Los Angeles,40.0,0.0,10.9375,48.0,0.0,6.28125,77.0,54.0,65.5625,0.0,0.0,0.0
6701,2021-04-09 07:45:00,2021-04-09 08:45:00,1.0,4465,4465,3,1,4374.0,Los Angeles,27.0,0.0,6.1625,43.0,0.0,3.3625,80.6,51.8,59.445,0.0,0.0,0.0
6703,2021-04-09 17:30:00,2021-04-09 18:15:00,0.75,7621,8469,2,2,4314.25,Los Angeles,23.0,0.0,5.828125,0.0,0.0,0.0,74.0,60.0,66.11875,0.0,0.0,0.0
6705,2021-04-09 20:00:00,2021-04-09 20:30:00,0.5,7183,7183,1,2,3581.75,Los Angeles,12.0,0.0,6.3333335,16.0,0.0,1.0,81.0,64.0,71.11667,0.0,0.0,0.0
6707,2021-04-09 21:45:00,2021-04-10 03:45:00,6.0,17488,20251,6,19,31149.75,Los Angeles,25.0,0.0,8.945,30.0,0.0,1.9725,84.0,55.0,69.336,0.0,0.0,0.0
6709,2021-04-10 04:00:00,2021-04-10 08:45:00,4.75,7854,9105,9,8,28369.75,Los Angeles,27.0,0.0,7.76875,39.0,0.0,2.875,69.0,50.0,60.97,0.0,0.0,0.0
6711,2021-04-10 10:15:00,2021-04-10 12:45:00,2.5,4798,4814,3,2,11911.5,Los Angeles,38.0,0.0,5.2045455,48.0,0.0,2.375,60.0,48.0,55.10455,0.0,0.0,0.0
6713,2021-04-11 08:15:00,2021-04-11 10:00:00,1.75,3813,3813,4,1,6668.5,Los Angeles,28.0,0.0,4.7421875,45.0,0.0,0.703125,71.6,50.0,57.21875,0.0,0.0,0.0
6715,2021-04-11 18:45:00,2021-04-11 19:15:00,0.5,4941,4941,2,1,2406.75,Los Angeles,9.0,0.0,4.9791665,16.0,0.0,1.0,75.0,59.0,65.94583,0.0,0.0,0.0
6717,2021-04-12 17:00:00,2021-04-12 17:15:00,0.25,4144,4144,1,1,1036.0,Los Angeles,13.0,0.0,4.78125,17.0,0.0,1.0625,72.0,55.0,61.5,0.0,0.0,0.0
6719,2021-04-12 21:45:00,2021-04-12 22:30:00,0.75,17290,17290,2,2,12276.5,Los Angeles,19.0,0.0,10.015625,23.0,0.0,3.34375,83.0,55.0,67.80313,0.0,0.0,0.0
6721,2021-04-12 23:00:00,2021-04-13 00:45:00,1.75,6060,6572,4,4,9331.5,Los Angeles,24.0,0.0,10.328125,27.0,0.0,2.8125,81.0,53.0,65.306244,0.0,0.0,0.0
6723,2021-04-13 18:00:00,2021-04-13 18:15:00,0.25,14546,14546,1,1,3636.5,Los Angeles,26.0,3.0,8.40625,34.0,0.0,1.96875,70.0,51.0,59.30625,0.0002,1e-04,6.25e-06
6725,2021-04-13 20:15:00,2021-04-13 20:30:00,0.25,14121,14121,1,1,3530.25,Los Angeles,27.0,0.0,8.90625,33.0,0.0,4.6875,66.0,51.0,59.90625,0.0,0.0,0.0
6728,2021-04-15 01:30:00,2021-04-15 03:00:00,1.5,5504,5509,4,3,8168.0,Los Angeles,22.0,2.0,9.616072,28.0,0.0,2.392857,60.0,44.0,55.07143,0.0,0.0,0.0
6730,2021-04-15 14:15:00,2021-04-15 15:00:00,0.75,3856,3856,2,2,2890.75,Los Angeles,14.0,0.0,3.78125,0.0,0.0,0.0,57.2,43.0,51.3625,0.0,0.0,0.0
6732,2021-04-15 17:00:00,2021-04-15 17:30:00,0.5,4043,4043,1,2,2021.25,Los Angeles,16.0,0.0,5.4791665,24.0,0.0,1.4166666,66.0,52.0,58.50833,0.0,0.0,0.0
6734,2021-04-15 21:45:00,2021-04-15 22:00:00,0.25,11263,11263,1,1,2815.75,Los Angeles,16.0,0.0,10.0,26.0,0.0,4.6875,74.0,54.0,64.681244,0.0,0.0,0.0
6737,2021-04-18 07:15:00,2021-04-18 07:45:00,0.5,4549,4549,2,1,2274.25,Los Angeles,12.0,0.0,3.9166667,0.0,0.0,0.0,71.6,50.0,59.245834,0.0,0.0,0.0
6739,2021-04-19 01:15:00,2021-04-19 02:30:00,1.25,7990,9573,4,2,8248.25,Los Angeles,26.0,0.0,11.53125,30.0,0.0,7.65625,87.0,61.0,74.379166,0.0,0.0,0.0
6741,2021-04-19 14:45:00,2021-04-19 15:00:00,0.25,4866,4866,1,1,1216.5,Los Angeles,15.0,0.0,3.1875,0.0,0.0,0.0,75.0,51.8,63.4,0.0,0.0,0.0
6743,2021-04-20 23:15:00,2021-04-21 03:00:00,3.75,7249,7804,5,10,22814.75,Los Angeles,26.0,0.0,9.0,31.0,0.0,4.5078125,78.0,52.0,63.73828,0.0,0.0,0.0
6745,2021-04-21 17:00:00,2021-04-21 18:00:00,1.0,4377,4386,3,2,4306.5,Los Angeles,24.0,0.0,9.275,30.0,0.0,4.9125,66.2,47.0,59.215004,0.0,0.0,0.0
6747,2021-04-21 18:15:00,2021-04-21 19:30:00,1.25,5061,5229,3,3,5782.75,Los Angeles,27.0,0.0,10.59375,33.0,0.0,4.2916665,65.0,49.0,59.877087,0.0,0.0,0.0
6749,2021-04-22 05:30:00,2021-04-22 06:00:00,0.5,9876,9876,2,1,4814.75,Los Angeles,19.0,0.0,6.8541665,20.0,0.0,1.25,59.0,43.0,55.458332,0.0,0.0,0.0
6751,2021-04-22 09:45:00,2021-04-22 10:15:00,0.5,9070,9070,2,1,3278.0,Los Angeles,17.0,0.0,4.9583335,21.0,0.0,0.8541667,59.0,44.0,54.083332,0.0,0.0,0.0
6753,2021-04-22 22:15:00,2021-04-22 22:30:00,0.25,4304,4304,1,1,1076.0,Los Angeles,24.0,0.0,10.84375,30.0,0.0,5.0625,75.0,52.0,62.91875,0.0,0.0,0.0
6755,2021-04-25 15:15:00,2021-04-25 15:30:00,0.25,8017,8017,1,1,2004.25,Los Angeles,21.0,0.0,6.0625,26.0,0.0,0.8125,62.6,42.0,54.825,0.0,0.0,0.0
6757,2021-04-27 11:45:00,2021-04-27 12:00:00,0.25,5602,5602,1,1,1400.5,Los Angeles,18.0,0.0,4.71875,25.0,0.0,0.78125,57.0,38.0,51.425003,0.0,0.0,0.0
6759,2021-04-29 17:30:00,2021-04-29 18:00:00,0.5,4327,4327,2,1,2035.5,Los Angeles,15.0,0.0,4.9583335,23.0,0.0,1.4166666,88.0,69.0,78.51666,0.0,0.0,0.0
6761,2021-04-30 01:30:00,2021-04-30 01:45:00,0.25,5107,5107,1,1,1276.75,Los Angeles,15.0,0.0,7.71875,23.0,0.0,2.03125,90.0,63.0,78.15625,0.0,0.0,0.0
6763,2021-05-01 03:45:00,2021-05-01 04:45:00,1.0,7545,7545,3,2,6990.75,Los Angeles,21.0,0.0,6.7,0.0,0.0,0.0,79.0,58.0,69.6875,0.0,0.0,0.0
6765,2021-05-01 05:15:00,2021-05-01 07:30:00,2.25,6461,6519,3,7,11032.75,Los Angeles,17.0,0.0,5.8875,21.0,0.0,0.525,78.8,55.0,67.8125,0.0,0.0,0.0
6767,2021-05-03 19:15:00,2021-05-03 20:45:00,1.5,8564,8590,3,4,12720.75,Los Angeles,18.0,3.0,9.919642,24.0,0.0,3.1785715,83.0,63.0,71.78214,0.0,0.0,0.0
6769,2021-05-04 03:15:00,2021-05-04 03:30:00,0.25,6501,6501,1,1,1625.25,Los Angeles,17.0,0.0,7.0,0.0,0.0,0.0,72.0,56.0,65.6375,0.0,0.0,0.0
6771,2021-05-04 16:00:00,2021-05-04 16:45:00,0.75,5429,5429,3,1,3763.25,Los Angeles,8.0,0.0,3.546875,0.0,0.0,0.0,78.8,55.4,66.225006,0.0,0.0,0.0
6773,2021-05-04 17:00:00,2021-05-04 17:15:00,0.25,5209,5209,1,1,1302.25,Los Angeles,8.0,0.0,4.09375,0.0,0.0,0.0,78.8,60.0,69.075,0.0,0.0,0.0
6775,2021-05-04 17:45:00,2021-05-04 18:00:00,0.25,6756,6756,1,1,1689.0,Los Angeles,9.0,0.0,4.625,0.0,0.0,0.0,79.0,62.0,72.1625,0.0,0.0,0.0
6777,2021-05-04 18:15:00,2021-05-04 18:30:00,0.25,3810,3810,1,1,952.5,Los Angeles,9.0,0.0,5.0,0.0,0.0,0.0,83.0,64.0,72.9375,0.0,0.0,0.0
6779,2021-05-05 17:15:00,2021-05-05 17:30:00,0.25,6606,6606,1,1,1651.5,Los Angeles,10.0,0.0,4.9375,0.0,0.0,0.0,82.0,60.0,72.4875,0.0,0.0,0.0
6781,2021-05-05 18:45:00,2021-05-05 19:15:00,0.5,5057,5057,2,1,2266.25,Los Angeles,10.0,0.0,5.9166665,0.0,0.0,0.0,87.0,63.0,76.0625,0.0,0.0,0.0
6783,2021-05-06 18:00:00,2021-05-06 18:15:00,0.25,4921,4921,1,1,1230.25,Los Angeles,11.0,0.0,5.59375,0.0,0.0,0.0,85.0,60.0,68.7125,0.0,0.0,0.0
6785,2021-05-06 18:45:00,2021-05-06 19:00:00,0.25,5471,5471,1,1,1367.75,Los Angeles,12.0,0.0,6.6875,19.0,0.0,1.1875,88.0,62.0,70.962494,0.0,0.0,0.0
6787,2021-05-06 19:45:00,2021-05-06 20:30:00,0.75,5929,5929,3,1,3992.75,Los Angeles,19.0,4.0,8.890625,20.0,0.0,3.09375,89.0,63.0,72.825,0.0,0.0,0.0
6789,2021-05-09 22:00:00,2021-05-09 23:15:00,1.25,4161,4161,2,2,5187.0,Los Angeles,22.0,3.0,10.729167,30.0,0.0,4.2916665,85.0,61.0,70.88125,0.0,0.0,0.0
6791,2021-05-10 18:15:00,2021-05-10 18:45:00,0.5,4153,4153,2,1,2076.25,Los Angeles,14.0,0.0,7.7916665,21.0,0.0,2.125,83.0,58.0,66.433334,0.0,0.0,0.0
6793,2021-05-10 20:00:00,2021-05-10 20:15:00,0.25,14041,14041,1,1,3510.25,Los Angeles,13.0,0.0,8.1875,21.0,0.0,2.875,84.0,62.0,67.6875,0.0,0.0,0.0
6795,2021-05-11 15:15:00,2021-05-11 16:00:00,0.75,3992,3992,2,2,2993.0,Los Angeles,8.0,0.0,3.265625,0.0,0.0,0.0,74.0,57.0,62.800003,0.0,0.0,0.0
6797,2021-05-11 19:15:00,2021-05-11 19:30:00,0.25,3900,3900,1,1,975.0,Los Angeles,10.0,0.0,5.96875,19.0,0.0,1.1875,83.0,60.0,69.375,0.0,0.0,0.0
6799,2021-05-12 16:00:00,2021-05-12 16:15:00,0.25,5215,5215,1,1,1303.75,Los Angeles,7.0,0.0,3.28125,0.0,0.0,0.0,78.0,55.0,64.2,0.0,0.0,0.0
6801,2021-05-12 17:15:00,2021-05-12 17:30:00,0.25,4413,4413,1,1,1103.25,Los Angeles,7.0,0.0,4.15625,0.0,0.0,0.0,82.0,58.0,67.04375,0.0,0.0,0.0
6803,2021-05-12 20:30:00,2021-05-12 21:15:00,0.75,16480,16480,3,1,12358.25,Los Angeles,16.0,0.0,9.125,24.0,0.0,3.0,92.0,63.0,74.13125,0.0,0.0,0.0
6805,2021-05-14 18:15:00,2021-05-14 18:45:00,0.5,5689,5689,1,2,2561.5,Los Angeles,14.0,0.0,6.5625,21.0,0.0,2.125,88.0,59.0,68.85,0.0,0.0,0.0
6807,2021-05-14 20:00:00,2021-05-14 20:15:00,0.25,4249,4249,1,1,1062.25,Los Angeles,19.0,0.0,9.15625,21.0,0.0,4.5625,87.0,59.0,70.575,0.0,0.0,0.0
6809,2021-05-15 01:15:00,2021-05-15 02:15:00,1.0,5355,5421,2,3,5240.0,Los Angeles,23.0,6.0,10.9625,28.0,0.0,1.8375,80.0,53.0,64.7875,0.0,0.0,0.0
6811,2021-05-17 16:30:00,2021-05-17 16:45:00,0.25,11784,11784,1,1,2946.0,Los Angeles,15.0,0.0,6.90625,22.0,0.0,1.25,74.0,52.0,61.94375,0.0,0.0,0.0
6813,2021-05-18 17:30:00,2021-05-18 21:45:00,4.25,9084,11902,7,11,27047.5,Los Angeles,34.0,0.0,10.225695,45.0,0.0,4.263889,86.0,59.0,70.05069,0.0,0.0,0.0
6815,2021-05-19 06:30:00,2021-05-19 07:45:00,1.25,7674,7674,3,2,6611.75,Los Angeles,33.0,0.0,6.3958335,44.0,0.0,2.9791667,70.0,55.0,62.579166,0.0,0.0,0.0
6817,2021-05-19 08:15:00,2021-05-19 08:45:00,0.5,4284,4284,2,1,2137.0,Los Angeles,37.0,0.0,6.6458335,49.0,0.0,2.8541667,68.0,55.0,61.829166,0.0,0.0,0.0
6819,2021-05-19 17:30:00,2021-05-19 18:00:00,0.5,8577,8577,2,1,4287.0,Los Angeles,30.0,0.0,7.7083335,33.0,0.0,2.6666667,82.0,60.8,66.84167,0.0,0.0,0.0
6821,2021-05-19 18:30:00,2021-05-19 19:00:00,0.5,3945,3945,2,1,1971.75,Los Angeles,26.0,0.0,7.9166665,31.0,0.0,1.25,83.0,62.6,69.45417,0.0,0.0,0.0
6823,2021-05-19 19:30:00,2021-05-19 19:45:00,0.25,3950,3950,1,1,987.5,Los Angeles,28.0,0.0,9.28125,31.0,0.0,2.65625,86.0,63.0,70.96875,0.0,0.0,0.0
6825,2021-05-20 15:45:00,2021-05-20 16:00:00,0.25,6011,6011,1,1,1502.75,Los Angeles,34.0,0.0,9.90625,41.0,0.0,7.53125,69.8,45.0,60.6875,0.0,0.0,0.0
6827,2021-05-20 17:15:00,2021-05-20 17:45:00,0.5,3949,3949,2,1,1972.25,Los Angeles,32.0,0.0,10.416667,38.0,0.0,5.9166665,70.0,48.0,62.87083,0.0,0.0,0.0
6829,2021-05-21 16:00:00,2021-05-21 16:30:00,0.5,5426,5426,1,2,2692.0,Los Angeles,27.0,0.0,12.3125,33.0,0.0,6.6458335,68.0,47.0,59.416668,0.0,0.0,0.0
6831,2021-05-21 17:30:00,2021-05-21 18:00:00,0.5,13188,13188,1,2,6589.5,Los Angeles,27.0,4.0,14.354167,35.0,0.0,11.1875,68.0,47.0,62.422913,0.0,0.0,0.0
6833,2021-05-21 18:30:00,2021-05-21 18:45:00,0.25,3902,3902,1,1,975.5,Los Angeles,24.0,5.0,14.375,31.0,0.0,15.125,69.0,48.0,63.696873,0.0,0.0,0.0
6835,2021-05-21 22:15:00,2021-05-21 22:45:00,0.5,4267,4267,2,1,2105.25,Los Angeles,28.0,4.0,16.354166,33.0,0.0,14.125,73.4,56.0,67.487495,0.0,0.0,0.0
6837,2021-05-21 23:00:00,2021-05-21 23:15:00,0.25,4341,4341,1,1,1085.25,Los Angeles,24.0,4.0,17.21875,31.0,0.0,13.65625,73.4,56.0,67.675,0.0,0.0,0.0
6839,2021-05-22 00:15:00,2021-05-22 01:00:00,0.75,4010,4027,2,2,2995.25,Los Angeles,24.0,4.0,15.75,29.0,0.0,15.0625,74.0,52.0,64.95937,1e-04,1e-04,1.5625e-06
6841,2021-05-22 01:15:00,2021-05-22 02:00:00,0.75,13490,13492,2,2,6538.0,Los Angeles,24.0,4.0,14.671875,28.0,0.0,9.375,71.6,51.0,62.9,0.0,0.0,0.0
6843,2021-05-23 16:00:00,2021-05-24 00:15:00,8.25,4438,4533,16,11,34821.75,Los Angeles,22.0,0.0,9.457721,28.0,0.0,3.6838236,79.0,57.0,67.675,0.0,0.0,0.0
6845,2021-05-24 22:00:00,2021-05-24 22:15:00,0.25,3869,3869,1,1,967.25,Los Angeles,20.0,0.0,10.46875,15.0,0.0,1.875,93.0,68.0,81.1875,0.0,0.0,0.0
6847,2021-05-25 22:45:00,2021-05-25 23:15:00,0.5,3934,3934,1,2,1966.5,Los Angeles,22.0,3.0,10.8125,25.0,0.0,3.0,90.0,66.0,78.9,0.0,0.0,0.0
6849,2021-05-26 17:30:00,2021-05-26 17:45:00,0.25,4988,4988,1,1,1247.0,Los Angeles,13.0,0.0,7.5625,17.0,0.0,0.53125,82.0,59.0,72.475,0.0,0.0,0.0
6851,2021-05-26 18:00:00,2021-05-26 18:15:00,0.25,4097,4097,1,1,1024.25,Los Angeles,13.0,0.0,8.125,17.0,0.0,1.53125,82.0,60.0,72.975,0.0,0.0,0.0
6853,2021-05-26 22:30:00,2021-05-26 23:15:00,0.75,10570,10570,1,3,6306.75,Los Angeles,22.0,0.0,11.109375,28.0,0.0,4.09375,87.0,60.0,73.91875,0.0,0.0,0.0
6855,2021-05-27 14:45:00,2021-05-27 15:15:00,0.5,7549,7549,1,2,3743.0,Los Angeles,16.0,0.0,5.7083335,26.0,0.0,1.625,73.0,57.0,62.175003,1e-04,1e-04,2.0833334e-06
6857,2021-06-01 09:30:00,2021-06-01 10:00:00,0.5,5064,5064,1,2,2512.75,Los Angeles,10.0,0.0,3.25,0.0,0.0,0.0,77.0,55.0,62.462505,0.0,0.0,0.0
6859,2021-06-01 10:15:00,2021-06-01 11:00:00,0.75,4878,4879,2,2,3633.25,Los Angeles,11.0,0.0,3.59375,0.0,0.0,0.0,76.0,55.0,62.30625,0.0,0.0,0.0
6861,2021-06-01 11:15:00,2021-06-01 11:45:00,0.5,4799,4799,1,1,2399.5,Los Angeles,13.0,0.0,3.375,0.0,0.0,0.0,75.0,55.0,62.170837,0.0,0.0,0.0
6863,2021-06-01 14:00:00,2021-06-01 14:30:00,0.5,6346,6346,1,1,3173.0,Los Angeles,13.0,0.0,2.8958333,0.0,0.0,0.0,76.0,55.0,62.708332,0.0,0.0,0.0
6865,2021-06-02 16:00:00,2021-06-02 17:00:00,1.0,14962,14985,3,2,14333.75,Los Angeles,18.0,0.0,5.075,27.0,0.0,1.9625,95.0,58.0,68.942505,0.0,0.0,0.0
6867,2021-06-02 17:15:00,2021-06-03 10:00:00,16.75,29800,52758,25,39,200124.75,Los Angeles,21.0,0.0,7.6553307,31.0,0.0,1.6084559,103.0,53.0,70.90827,0.0,0.0,0.0
6869,2021-06-03 14:30:00,2021-06-03 14:45:00,0.25,4306,4306,1,1,1076.5,Los Angeles,10.0,0.0,2.78125,0.0,0.0,0.0,87.0,53.0,64.96875,0.0,0.0,0.0
6871,2021-06-03 18:00:00,2021-06-03 19:00:00,1.0,5548,5548,1,2,4959.5,Los Angeles,13.0,0.0,7.3125,16.0,0.0,0.2,100.0,61.0,75.6425,0.0,0.0,0.0
6873,2021-06-04 14:45:00,2021-06-04 16:00:00,1.25,6384,7514,3,2,6249.0,Los Angeles,11.0,0.0,2.90625,0.0,0.0,0.0,88.0,55.0,67.85208,0.0,0.0,0.0
6875,2021-06-04 18:30:00,2021-06-04 20:00:00,1.5,12061,12061,3,4,12987.5,Los Angeles,21.0,0.0,9.267858,27.0,0.0,2.955357,98.0,58.0,75.20714,0.0,0.0,0.0
6877,2021-06-05 02:00:00,2021-06-05 04:00:00,2.0,9123,12070,3,6,12409.75,Los Angeles,21.0,0.0,8.027778,24.0,0.0,1.0277778,87.0,55.0,67.87222,0.0,0.0,0.0
6879,2021-06-06 19:45:00,2021-06-06 20:30:00,0.75,6007,6007,1,2,4266.0,Los Angeles,28.0,3.0,10.078125,33.0,0.0,5.359375,87.0,56.0,71.03438,0.0,0.0,0.0
6881,2021-06-06 23:30:00,2021-06-07 00:45:00,1.25,4149,4238,2,3,5120.75,Los Angeles,29.0,0.0,10.9375,36.0,0.0,4.6666665,84.0,55.0,69.08542,0.0,0.0,0.0
6883,2021-06-07 17:30:00,2021-06-07 19:00:00,1.5,8173,8175,3,4,8081.25,Los Angeles,30.0,0.0,8.178572,35.0,0.0,2.4375,69.0,53.0,60.851788,0.040900003,0.02,0.0003651786
6885,2021-06-07 22:15:00,2021-06-07 22:30:00,0.25,3953,3953,1,1,988.25,Los Angeles,24.0,0.0,9.6875,30.0,0.0,3.96875,76.0,57.0,66.287506,0.0,0.0,0.0
6887,2021-06-08 04:00:00,2021-06-08 17:15:00,13.25,8199,11039,23,20,60753.0,Los Angeles,26.0,0.0,5.9375,31.0,0.0,1.4282408,70.0,47.0,59.353474,1e-04,1e-04,1.1574074e-07
6889,2021-06-08 21:30:00,2021-06-08 21:45:00,0.25,24667,24667,1,1,6166.75,Los Angeles,19.0,6.0,11.25,24.0,0.0,6.875,78.0,62.0,71.29375,0.0,0.0,0.0
6891,2021-06-09 15:45:00,2021-06-09 16:30:00,0.75,17275,17275,2,2,12573.0,Los Angeles,16.0,0.0,5.890625,20.0,0.0,1.53125,71.0,59.0,64.59688,0.0,0.0,0.0
6893,2021-06-09 16:45:00,2021-06-09 17:15:00,0.5,18024,18024,2,1,5817.5,Los Angeles,17.0,0.0,7.0,21.0,0.0,1.3125,71.0,60.0,67.075005,0.0,0.0,0.0
6895,2021-06-09 17:30:00,2021-06-09 23:00:00,5.5,8982,10814,10,13,41338.75,Los Angeles,22.0,0.0,12.078804,32.0,0.0,7.472826,81.0,60.0,71.17283,0.0,0.0,0.0
6897,2021-06-10 14:45:00,2021-06-10 15:30:00,0.75,3867,3867,1,2,2867.25,Los Angeles,20.0,0.0,7.1875,27.0,0.0,2.1875,71.0,45.0,60.765625,0.0,0.0,0.0
6899,2021-06-10 17:15:00,2021-06-10 17:30:00,0.25,4597,4597,1,1,1149.25,Los Angeles,15.0,0.0,7.90625,21.0,0.0,1.65625,75.2,52.0,67.06875,0.0,0.0,0.0
6901,2021-06-11 08:45:00,2021-06-11 10:45:00,2.0,6387,6813,4,4,10451.75,Los Angeles,28.0,0.0,3.4513888,35.0,0.0,1.9652778,71.6,51.0,59.55139,0.0,0.0,0.0
6903,2021-06-11 11:00:00,2021-06-11 11:45:00,0.75,4489,4489,2,2,3155.0,Los Angeles,28.0,0.0,3.515625,35.0,0.0,2.0625,64.4,51.0,58.721874,0.0,0.0,0.0
6905,2021-06-11 14:30:00,2021-06-11 15:15:00,0.75,6467,6467,3,1,4521.0,Los Angeles,21.0,0.0,3.484375,0.0,0.0,0.0,67.0,54.0,63.034378,0.0,0.0,0.0
6907,2021-06-12 07:15:00,2021-06-12 10:15:00,3.0,4894,5176,5,5,13086.5,Los Angeles,30.0,0.0,4.8028846,40.0,0.0,1.8846154,75.2,53.0,63.941345,0.0,0.0,0.0
6909,2021-06-13 02:00:00,2021-06-13 02:30:00,0.5,3927,3927,1,2,1962.75,Los Angeles,19.0,3.0,9.395833,0.0,0.0,0.0,90.0,60.0,76.333336,0.0,0.0,0.0
6911,2021-06-13 16:15:00,2021-06-13 18:15:00,2.0,4744,4756,5,3,9287.5,Los Angeles,16.0,0.0,4.8541665,19.0,0.0,0.3611111,90.0,57.0,73.422226,0.0,0.0,0.0
6913,2021-06-13 18:30:00,2021-06-14 01:00:00,6.5,5485,6566,14,12,28908.75,Los Angeles,20.0,0.0,8.979167,26.0,0.0,2.4814816,95.0,60.0,80.431946,0.0,0.0,0.0
6915,2021-06-14 03:15:00,2021-06-14 03:45:00,0.5,4220,4220,2,1,2105.5,Los Angeles,13.0,0.0,6.8958335,0.0,0.0,0.0,84.2,58.0,72.620834,0.0,0.0,0.0
6917,2021-06-14 16:15:00,2021-06-14 16:45:00,0.5,4176,4176,2,1,2012.75,Los Angeles,10.0,0.0,4.8125,0.0,0.0,0.0,86.0,59.0,75.65833,0.0,0.0,0.0
6919,2021-06-14 17:30:00,2021-06-14 18:45:00,1.25,10428,15014,3,3,9719.25,Los Angeles,13.0,0.0,5.8854165,16.0,0.0,0.9791667,95.0,61.0,80.32708,0.0,0.0,0.0
6921,2021-06-14 20:30:00,2021-06-14 21:00:00,0.5,3975,3975,1,2,1960.75,Los Angeles,20.0,0.0,10.520833,20.0,0.0,2.6875,99.0,64.0,85.3,0.0,0.0,0.0
6923,2021-06-14 23:45:00,2021-06-15 08:00:00,8.25,8542,9182,16,18,52384.5,Los Angeles,20.0,0.0,8.163603,25.0,0.0,1.3014706,98.0,59.0,77.40221,0.0,0.0,0.0
6925,2021-06-15 08:15:00,2021-06-15 09:15:00,1.0,6572,6572,4,1,5575.5,Los Angeles,19.0,0.0,5.475,15.0,0.0,0.1875,91.4,59.0,70.81999,0.0,0.0,0.0
6927,2021-06-15 15:15:00,2021-06-15 17:30:00,2.25,13717,15587,7,3,15128.5,Los Angeles,15.0,0.0,3.96875,0.0,0.0,0.0,95.0,60.0,78.48125,0.0,0.0,0.0
6929,2021-06-15 21:30:00,2021-06-15 22:00:00,0.5,4371,4371,1,2,2077.5,Los Angeles,14.0,5.0,8.395833,15.0,0.0,1.1875,107.0,65.0,89.7125,0.0,0.0,0.0
6931,2021-06-15 22:15:00,2021-06-16 00:45:00,2.5,4859,4932,6,5,10269.0,Los Angeles,18.0,0.0,8.619318,19.0,0.0,0.4659091,107.0,64.0,87.362495,0.0,0.0,0.0
6933,2021-06-16 01:15:00,2021-06-16 04:30:00,3.25,7453,8304,8,6,16813.25,Los Angeles,19.0,0.0,6.464286,17.0,0.0,0.29017857,102.0,61.0,82.72858,0.0,0.0,0.0
6935,2021-06-16 08:15:00,2021-06-16 10:00:00,1.75,4929,5060,5,3,7676.0,Los Angeles,14.0,0.0,5.296875,19.0,0.0,0.5546875,95.0,62.0,71.54063,0.0,0.0,0.0
6937,2021-06-17 02:00:00,2021-06-17 02:30:00,0.5,8241,8241,1,1,4120.5,Los Angeles,15.0,0.0,8.041667,14.0,0.0,0.29166666,104.0,64.0,79.51667,0.0,0.0,0.0
6939,2021-06-17 06:15:00,2021-06-17 06:30:00,0.25,6811,6811,1,1,1702.75,Los Angeles,15.0,0.0,5.78125,0.0,0.0,0.0,92.0,61.0,73.2375,0.0,0.0,0.0
6941,2021-06-17 17:30:00,2021-06-17 18:15:00,0.75,6201,6201,1,2,4513.75,Los Angeles,14.0,0.0,6.8125,23.0,0.0,1.078125,100.0,64.0,79.1,0.080400005,0.02,0.0012562501
6943,2021-06-18 03:45:00,2021-06-18 04:00:00,0.25,4806,4806,1,1,1201.5,Los Angeles,13.0,0.0,5.90625,0.0,0.0,0.0,91.0,61.0,72.925,0.0,0.0,0.0
6945,2021-06-18 13:30:00,2021-06-18 18:00:00,4.5,64486,114925,6,13,157135.5,Los Angeles,13.0,0.0,4.1546054,15.0,0.0,0.098684214,103.0,59.0,71.836845,0.0,0.0,0.0
6947,2021-06-18 18:30:00,2021-06-18 19:45:00,1.25,4217,4218,3,3,5107.5,Los Angeles,12.0,0.0,6.125,15.0,0.0,0.15625,107.0,63.0,80.21042,0.0,0.0,0.0
6949,2021-06-18 20:00:00,2021-06-18 20:15:00,0.25,3871,3871,1,1,967.75,Los Angeles,12.0,0.0,7.09375,0.0,0.0,0.0,107.0,66.0,81.8125,0.0,0.0,0.0
6951,2021-06-18 23:30:00,2021-06-19 00:45:00,1.25,8097,8259,3,3,6343.25,Los Angeles,16.0,0.0,9.229167,18.0,0.0,1.2604166,107.0,62.0,80.15625,0.0,0.0,0.0
6953,2021-06-19 17:00:00,2021-06-19 18:00:00,1.0,4430,4432,2,3,4323.25,Los Angeles,9.0,0.0,5.55,0.0,0.0,0.0,105.0,61.0,76.4325,0.0,0.0,0.0
6955,2021-06-21 15:15:00,2021-06-21 20:00:00,4.75,13908,22267,8,12,33014.5,Los Angeles,25.0,0.0,7.153125,30.0,0.0,1.703125,95.0,56.0,73.68437,0.0,0.0,0.0
6957,2021-06-21 22:00:00,2021-06-21 22:15:00,0.25,4371,4371,1,1,1092.75,Los Angeles,22.0,0.0,11.6875,34.0,0.0,7.65625,97.0,67.0,79.6625,0.0,0.0,0.0
6959,2021-06-22 16:45:00,2021-06-22 17:15:00,0.5,5231,5231,1,2,2495.75,Los Angeles,15.0,0.0,6.4166665,18.0,0.0,1.7916666,90.0,60.8,71.625,0.0,0.0,0.0
6961,2021-06-22 17:30:00,2021-06-22 18:30:00,1.0,4903,4910,3,2,4173.5,Los Angeles,16.0,0.0,8.6375,21.0,0.0,3.3375,92.0,62.0,74.155,0.0,0.0,0.0
6963,2021-06-23 17:45:00,2021-06-23 19:00:00,1.25,5302,5308,2,4,6484.5,Los Angeles,17.0,0.0,7.4479165,21.0,0.0,1.375,91.0,64.0,77.00208,0.0,0.0,0.0
6965,2021-06-24 06:00:00,2021-06-24 06:45:00,0.75,9735,9735,2,2,7223.75,Los Angeles,12.0,0.0,6.625,27.0,0.0,1.265625,73.4,57.0,65.92813,0.0,0.0,0.0
6967,2021-06-24 20:15:00,2021-06-25 00:00:00,3.75,5344,6043,9,7,16771.25,Los Angeles,23.0,0.0,12.371094,30.0,0.0,6.859375,92.0,62.0,76.00234,0.0,0.0,0.0
6969,2021-06-25 02:15:00,2021-06-25 02:45:00,0.5,5875,5875,2,1,2932.25,Los Angeles,22.0,4.0,11.645833,27.0,0.0,1.75,83.0,57.2,69.416664,0.0,0.0,0.0
6971,2021-06-25 16:00:00,2021-06-25 16:15:00,0.25,5760,5760,1,1,1440.0,Los Angeles,20.0,0.0,4.65625,27.0,0.0,1.6875,83.0,63.0,71.125,0.0,0.0,0.0
6973,2021-06-25 21:00:00,2021-06-25 21:15:00,0.25,6442,6442,1,1,1610.5,Los Angeles,18.0,0.0,10.28125,22.0,0.0,5.84375,96.0,66.0,78.05,0.0,0.0,0.0
6975,2021-06-26 17:45:00,2021-06-26 18:15:00,0.5,17176,17176,2,1,8587.0,Los Angeles,12.0,0.0,5.8125,16.0,0.0,1.0,94.0,63.0,77.424995,0.0,0.0,0.0
6977,2021-06-28 01:30:00,2021-06-28 02:15:00,0.75,4110,4110,1,3,3079.25,Los Angeles,18.0,0.0,7.40625,0.0,0.0,0.0,108.0,62.0,77.6625,0.0,0.0,0.0
6979,2021-06-28 17:45:00,2021-06-28 18:00:00,0.25,4023,4023,1,1,1005.75,Los Angeles,13.0,0.0,6.125,0.0,0.0,0.0,100.0,66.0,81.3,0.0,0.0,0.0
6981,2021-06-30 18:00:00,2021-06-30 20:15:00,2.25,8605,8850,7,3,17920.5,Los Angeles,19.0,0.0,6.79375,24.0,0.0,1.55625,101.0,64.0,78.715004,0.0,0.0,0.0
6983,2021-07-04 01:00:00,2021-07-04 02:15:00,1.25,4186,4187,2,4,5162.25,Los Angeles,19.0,5.0,10.854167,22.0,0.0,1.90625,98.0,61.0,78.67291,0.0,0.0,0.0
6985,2021-07-05 03:15:00,2021-07-05 03:45:00,0.5,18210,18210,1,1,9105.0,Los Angeles,17.0,0.0,8.5625,0.0,0.0,0.0,85.0,58.0,71.0375,0.0,0.0,0.0
6987,2021-07-06 15:45:00,2021-07-06 16:30:00,0.75,4899,4899,3,1,3419.5,Los Angeles,12.0,0.0,4.609375,0.0,0.0,0.0,87.0,58.0,70.056244,0.0004,1e-04,6.25e-06
6989,2021-07-07 16:00:00,2021-07-07 16:30:00,0.5,4288,4288,2,1,2103.25,Los Angeles,11.0,0.0,3.5833333,0.0,0.0,0.0,91.0,64.0,73.583336,0.0,0.0,0.0
6991,2021-07-07 17:00:00,2021-07-07 20:15:00,3.25,5680,6696,10,4,14857.5,Los Angeles,15.0,0.0,6.388393,21.0,0.0,0.54910713,104.0,65.0,79.80446,0.0,0.0,0.0
6993,2021-07-07 21:00:00,2021-07-07 21:30:00,0.5,4080,4080,1,2,2030.5,Los Angeles,18.0,0.0,9.541667,22.0,0.0,2.3958333,106.0,67.0,82.85834,0.0,0.0,0.0
6995,2021-07-07 22:30:00,2021-07-07 22:45:00,0.25,4038,4038,1,1,1009.5,Los Angeles,18.0,5.0,10.1875,22.0,0.0,5.25,105.0,67.0,82.924995,0.0,0.0,0.0
6997,2021-07-08 03:45:00,2021-07-08 04:00:00,0.25,5032,5032,1,1,1258.0,Los Angeles,15.0,0.0,6.6875,0.0,0.0,0.0,91.0,62.0,73.649994,0.0,0.0,0.0
6999,2021-07-08 04:15:00,2021-07-08 06:30:00,2.25,4930,4937,5,4,10539.5,Los Angeles,13.0,0.0,5.0125,0.0,0.0,0.0,91.0,62.0,72.8875,0.0,0.0,0.0
7001,2021-07-08 17:00:00,2021-07-08 17:15:00,0.25,4282,4282,1,1,1070.5,Los Angeles,11.0,0.0,5.1875,0.0,0.0,0.0,99.0,65.0,80.5375,0.0,0.0,0.0
7003,2021-07-08 21:15:00,2021-07-08 21:30:00,0.25,4193,4193,1,1,1048.25,Los Angeles,18.0,0.0,10.0,22.0,0.0,2.5625,103.0,66.0,84.41875,0.0,0.0,0.0
7005,2021-07-10 15:15:00,2021-07-10 15:30:00,0.25,3975,3975,1,1,993.75,Los Angeles,17.0,0.0,3.84375,21.0,0.0,1.3125,94.0,68.0,75.89375,0.0,0.0,0.0
7007,2021-07-11 01:15:00,2021-07-11 03:00:00,1.75,4670,4815,4,3,7358.5,Los Angeles,27.0,2.0,9.625,27.0,0.0,1.2578125,105.0,63.0,78.6625,0.0,0.0,0.0
7009,2021-07-11 14:30:00,2021-07-11 15:45:00,1.25,4245,4252,3,3,5238.25,Los Angeles,21.0,0.0,5.0416665,30.0,0.0,1.8541666,101.0,62.0,74.19167,0.0,0.0,0.0
7011,2021-07-11 18:30:00,2021-07-11 19:15:00,0.75,3948,3949,2,2,2903.75,Los Angeles,18.0,3.0,8.109375,27.0,0.0,2.875,110.0,67.0,84.32187,0.0,0.0,0.0
7013,2021-07-12 18:30:00,2021-07-12 23:00:00,4.5,14142,16414,7,11,49609.0,Los Angeles,22.0,0.0,9.263158,27.0,0.0,1.9276316,107.0,69.0,82.969086,0.0,0.0,0.0
7015,2021-07-13 00:15:00,2021-07-13 00:45:00,0.5,5041,5041,1,2,2369.5,Los Angeles,22.0,6.0,10.520833,24.0,0.0,4.0416665,104.0,67.0,79.924995,0.0,0.0,0.0
7017,2021-07-13 01:00:00,2021-07-13 03:15:00,2.25,5521,5548,5,5,11936.25,Los Angeles,27.0,0.0,9.5625,30.0,0.0,2.41875,104.0,63.0,77.0125,0.0,0.0,0.0
7019,2021-07-13 05:15:00,2021-07-13 06:45:00,1.5,3830,3837,4,3,5728.5,Los Angeles,19.0,0.0,6.669643,29.0,0.0,1.7232143,90.0,61.0,73.08214,0.0,0.0,0.0
7021,2021-07-13 20:00:00,2021-07-13 22:30:00,2.5,6608,6876,4,7,14790.5,Los Angeles,22.0,0.0,9.426136,27.0,0.0,2.2670455,103.0,67.0,82.11023,0.0,0.0,0.0
7023,2021-07-14 04:15:00,2021-07-14 04:45:00,0.5,4563,4563,2,1,2280.75,Los Angeles,23.0,2.0,7.0625,0.0,0.0,0.0,86.0,63.0,72.63333,0.0,0.0,0.0
7025,2021-07-14 05:00:00,2021-07-14 05:30:00,0.5,4569,4569,2,1,2249.5,Los Angeles,19.0,0.0,6.7291665,0.0,0.0,0.0,86.0,62.0,72.362495,0.0,0.0,0.0
7027,2021-07-14 06:45:00,2021-07-14 07:45:00,1.0,12611,12625,3,2,12593.75,Los Angeles,20.0,0.0,6.425,23.0,0.0,0.2875,81.0,62.0,71.225,0.0,0.0,0.0
7029,2021-07-14 16:00:00,2021-07-14 19:15:00,3.25,8141,10955,11,3,20460.5,Los Angeles,20.0,0.0,7.392857,29.0,0.0,2.049107,95.0,65.0,77.83571,0.0,0.0,0.0
7031,2021-07-14 22:00:00,2021-07-14 22:45:00,0.75,4103,4103,1,3,3033.75,Los Angeles,25.0,3.0,11.578125,33.0,0.0,7.28125,97.0,71.0,83.29375,0.0,0.0,0.0
7033,2021-07-15 14:45:00,2021-07-15 15:15:00,0.5,5129,5129,2,1,2555.75,Los Angeles,14.0,0.0,3.9583333,0.0,0.0,0.0,82.0,62.0,70.49167,0.0,0.0,0.0
7035,2021-07-15 21:00:00,2021-07-15 22:00:00,1.0,4335,4335,4,1,4269.25,Los Angeles,22.0,0.0,10.7,28.0,0.0,5.775,96.0,70.0,83.3825,0.0,0.0,0.0
7037,2021-07-16 18:30:00,2021-07-16 18:45:00,0.25,4105,4105,1,1,1026.25,Los Angeles,17.0,0.0,7.78125,21.0,0.0,1.28125,93.0,67.0,79.0625,0.0,0.0,0.0
7039,2021-07-16 20:15:00,2021-07-16 20:30:00,0.25,3828,3828,1,1,957.0,Los Angeles,19.0,3.0,10.15625,21.0,0.0,1.75,95.0,67.0,81.399994,0.0,0.0,0.0
7041,2021-07-19 18:00:00,2021-07-19 20:30:00,2.5,6241,6618,5,4,11576.25,Los Angeles,17.0,0.0,7.9261365,21.0,0.0,1.1931819,98.0,69.0,84.57841,0.0,0.0,0.0
7043,2021-07-20 05:45:00,2021-07-20 08:00:00,2.25,4019,4020,3,2,9039.5,Los Angeles,16.0,0.0,5.8625,23.0,0.0,0.575,86.0,64.0,74.81875,0.0,0.0,0.0
7045,2021-07-20 21:00:00,2021-07-21 00:00:00,3.0,7172,8664,4,5,17260.0,Los Angeles,22.0,2.0,9.841346,24.0,0.0,1.4663461,103.0,69.0,85.59327,0.0,0.0,0.0
7047,2021-07-21 00:30:00,2021-07-21 01:15:00,0.75,4945,4945,2,2,3467.25,Los Angeles,19.0,2.0,10.71875,25.0,0.0,2.640625,101.0,67.0,83.10625,0.0,0.0,0.0
7049,2021-07-22 16:00:00,2021-07-22 16:30:00,0.5,4927,4927,1,1,2463.5,Los Angeles,9.0,0.0,4.875,0.0,0.0,0.0,90.0,65.0,76.46667,0.0,0.0,0.0
7051,2021-07-22 19:15:00,2021-07-22 19:30:00,0.25,4523,4523,1,1,1130.75,Los Angeles,14.0,0.0,7.84375,21.0,0.0,3.4375,98.0,69.0,82.70625,0.0,0.0,0.0
7053,2021-07-23 16:15:00,2021-07-23 16:45:00,0.5,7643,7643,1,1,3821.5,Los Angeles,14.0,0.0,5.2291665,17.0,0.0,0.35416666,92.0,65.0,75.424995,0.0,0.0,0.0
7055,2021-07-23 17:15:00,2021-07-23 17:30:00,0.25,8254,8254,1,1,2063.5,Los Angeles,15.0,0.0,5.90625,0.0,0.0,0.0,92.0,65.0,77.399994,0.0,0.0,0.0
7057,2021-07-23 17:45:00,2021-07-23 18:30:00,0.75,5932,5932,2,1,4443.5,Los Angeles,16.0,0.0,6.640625,18.0,0.0,1.125,93.0,68.0,79.24687,0.0,0.0,0.0
7059,2021-07-24 13:15:00,2021-07-24 14:30:00,1.25,4986,4986,4,1,5950.75,Los Angeles,11.0,0.0,3.2083333,0.0,0.0,0.0,77.0,63.0,68.25,0.0,0.0,0.0
7061,2021-07-25 00:30:00,2021-07-25 01:30:00,1.0,4135,4145,2,2,4091.0,Los Angeles,24.0,0.0,10.559375,30.0,0.0,2.925,93.0,65.0,76.88,0.0,0.0,0.0
7063,2021-07-26 12:30:00,2021-07-26 16:45:00,4.25,16110,20689,8,9,28581.0,Los Angeles,13.0,0.0,3.9201388,0.0,0.0,0.0,86.0,65.0,70.47361,0.7828999,0.05,0.0027184025
7065,2021-07-26 17:30:00,2021-07-26 21:30:00,4.0,11690,16810,8,8,34612.5,Los Angeles,14.0,0.0,6.8014708,14.0,0.0,0.3602941,86.0,65.0,75.123535,0.022099998,0.01,8.124999e-05
7067,2021-07-27 10:45:00,2021-07-27 11:00:00,0.25,5061,5061,1,1,1265.25,Los Angeles,8.0,0.0,4.09375,0.0,0.0,0.0,86.0,64.0,68.100006,0.0,0.0,0.0
7069,2021-07-27 11:45:00,2021-07-27 12:15:00,0.5,4981,4981,2,1,2468.5,Los Angeles,10.0,0.0,4.5208335,0.0,0.0,0.0,86.0,64.0,67.9125,0.0,0.0,0.0
7071,2021-07-27 17:30:00,2021-07-27 18:00:00,0.5,4137,4137,1,1,2068.5,Los Angeles,13.0,0.0,6.2708335,0.0,0.0,0.0,89.0,66.0,76.55417,0.0,0.0,0.0
7073,2021-07-27 20:30:00,2021-07-27 21:00:00,0.5,4487,4487,1,1,2243.5,Los Angeles,16.0,0.0,8.395833,23.0,0.0,2.0416667,96.0,68.0,81.754166,0.0,0.0,0.0
7075,2021-07-27 22:15:00,2021-07-27 22:30:00,0.25,5473,5473,1,1,1368.25,Los Angeles,21.0,4.0,10.5625,18.0,0.0,2.0625,98.0,69.0,82.64375,0.0,0.0,0.0
7077,2021-07-28 16:15:00,2021-07-28 17:00:00,0.75,6548,6548,2,2,4559.5,Los Angeles,10.0,0.0,4.421875,0.0,0.0,0.0,92.0,68.0,77.984375,0.0,0.0,0.0
7079,2021-07-28 19:00:00,2021-07-28 20:15:00,1.25,12742,12750,4,2,8491.5,Los Angeles,17.0,0.0,8.375,21.0,0.0,0.8020833,100.0,69.0,83.28333,0.0,0.0,0.0
7081,2021-07-28 21:00:00,2021-07-28 23:30:00,2.5,9431,12698,4,7,16734.5,Los Angeles,21.0,0.0,11.0,25.0,0.0,4.4488635,100.0,70.0,84.07386,0.0,0.0,0.0
7083,2021-07-28 23:45:00,2021-07-29 00:45:00,1.0,4355,4355,1,4,4078.75,Los Angeles,22.0,0.0,10.5125,24.0,0.0,1.3375,98.0,69.0,83.277504,0.0,0.0,0.0
7085,2021-07-29 19:15:00,2021-07-29 19:30:00,0.25,3864,3864,1,1,966.0,Los Angeles,20.0,0.0,7.6875,15.0,0.0,0.9375,97.0,68.0,82.55625,0.0,0.0,0.0
7087,2021-07-30 17:45:00,2021-07-30 18:00:00,0.25,9554,9554,1,1,2388.5,Los Angeles,11.0,0.0,5.625,0.0,0.0,0.0,96.0,67.0,79.1625,0.0,0.0,0.0
7089,2021-07-30 22:00:00,2021-07-30 23:15:00,1.25,4551,4551,3,2,5486.75,Los Angeles,24.0,0.0,11.708333,24.0,0.0,3.1979167,102.0,69.0,84.37292,0.0,0.0,0.0
7091,2021-07-30 23:30:00,2021-07-31 00:15:00,0.75,4775,4775,3,1,3249.25,Los Angeles,22.0,0.0,11.984375,24.0,0.0,3.34375,102.0,67.0,83.0625,0.0,0.0,0.0
7093,2021-08-01 13:30:00,2021-08-01 13:45:00,0.25,4840,4840,1,1,1210.0,Los Angeles,10.0,0.0,2.65625,0.0,0.0,0.0,82.0,60.8,67.59375,0.0,0.0,0.0
7095,2021-08-01 21:15:00,2021-08-01 22:15:00,1.0,7123,7123,3,2,6209.5,Los Angeles,19.0,3.0,10.9,27.0,0.0,3.1375,102.0,72.0,86.402504,0.0,0.0,0.0
7097,2021-08-02 22:00:00,2021-08-02 22:30:00,0.5,5338,5338,1,2,2546.75,Los Angeles,16.0,4.0,10.229167,19.0,0.0,4.2291665,104.0,73.0,88.791664,0.0,0.0,0.0
7099,2021-08-03 16:00:00,2021-08-03 16:30:00,0.5,4221,4221,2,1,2042.75,Los Angeles,12.0,0.0,3.1041667,0.0,0.0,0.0,85.0,64.0,76.575005,0.0,0.0,0.0
7101,2021-08-03 17:30:00,2021-08-03 17:45:00,0.25,4273,4273,1,1,1068.25,Los Angeles,12.0,0.0,4.59375,0.0,0.0,0.0,96.0,67.0,82.025,0.0,0.0,0.0
7103,2021-08-04 17:00:00,2021-08-04 17:15:00,0.25,4472,4472,1,1,1118.0,Los Angeles,11.0,0.0,4.8125,0.0,0.0,0.0,94.0,66.0,79.5125,0.0,0.0,0.0
7105,2021-08-04 18:45:00,2021-08-04 19:00:00,0.25,4184,4184,1,1,1046.0,Los Angeles,13.0,0.0,6.71875,19.0,0.0,1.1875,105.0,68.0,85.3125,0.0,0.0,0.0
7107,2021-08-04 19:30:00,2021-08-04 19:45:00,0.25,10280,10280,1,1,2570.0,Los Angeles,14.0,0.0,7.4375,20.0,0.0,1.21875,106.0,67.0,86.03125,0.0,0.0,0.0
7109,2021-08-04 23:30:00,2021-08-05 00:15:00,0.75,3864,3864,1,2,2886.5,Los Angeles,22.0,5.0,11.78125,27.0,0.0,3.859375,108.0,68.0,85.20625,0.0,0.0,0.0
7111,2021-08-05 16:45:00,2021-08-05 17:00:00,0.25,4090,4090,1,1,1022.5,Los Angeles,16.0,0.0,5.125,17.0,0.0,0.53125,98.0,68.0,79.962494,0.0,0.0,0.0
7113,2021-08-05 17:15:00,2021-08-05 20:30:00,3.25,9447,11781,7,6,17691.5,Los Angeles,21.0,0.0,7.991071,26.0,0.0,1.6339285,105.0,68.0,83.682144,0.0,0.0,0.0
7115,2021-08-05 20:45:00,2021-08-05 21:45:00,1.0,5017,5017,1,4,4470.25,Los Angeles,20.0,0.0,11.0875,23.0,0.0,2.825,105.0,69.0,84.4225,0.0,0.0,0.0
7117,2021-08-05 22:30:00,2021-08-05 23:00:00,0.5,3974,3974,1,1,1987.0,Los Angeles,21.0,0.0,9.625,23.0,0.0,0.8333333,105.0,69.0,84.36667,0.0,0.0,0.0
7119,2021-08-05 23:15:00,2021-08-05 23:45:00,0.5,4991,4991,1,2,2480.5,Los Angeles,20.0,0.0,9.479167,22.0,0.0,0.45833334,105.0,69.0,84.17084,0.0,0.0,0.0
7121,2021-08-06 04:30:00,2021-08-06 05:15:00,0.75,4235,4245,2,2,2967.75,Los Angeles,18.0,0.0,6.515625,24.0,0.0,1.125,84.0,63.0,74.087494,0.0,0.0,0.0
7123,2021-08-06 17:00:00,2021-08-06 18:45:00,1.75,7980,8065,5,3,12217.0,Los Angeles,17.0,0.0,6.734375,23.0,0.0,1.5859375,96.0,64.0,76.495316,0.0,0.0,0.0
7125,2021-08-06 22:00:00,2021-08-06 22:15:00,0.25,8130,8130,1,1,2032.5,Los Angeles,16.0,0.0,8.90625,21.0,0.0,0.65625,101.0,69.0,81.387505,0.0,0.0,0.0
7127,2021-08-07 03:45:00,2021-08-07 04:45:00,1.0,4288,4288,1,4,4129.5,Los Angeles,19.0,0.0,7.0875,22.0,0.0,1.15,83.0,60.0,71.3725,0.0,0.0,0.0
7129,2021-08-07 08:00:00,2021-08-07 08:15:00,0.25,4757,4757,1,1,1189.25,Los Angeles,14.0,0.0,5.90625,23.0,0.0,2.3125,78.8,59.0,68.64375,0.0,0.0,0.0
7131,2021-08-08 04:30:00,2021-08-08 05:00:00,0.5,9639,9639,1,2,4015.0,Los Angeles,15.0,0.0,6.625,0.0,0.0,0.0,83.0,60.0,70.791664,0.0,0.0,0.0
7133,2021-08-08 12:00:00,2021-08-08 13:15:00,1.25,3819,3820,3,2,4772.5,Los Angeles,11.0,0.0,2.9895833,0.0,0.0,0.0,75.0,57.0,65.68333,0.0,0.0,0.0
7135,2021-08-09 14:30:00,2021-08-09 14:45:00,0.25,3965,3965,1,1,991.25,Los Angeles,9.0,0.0,1.875,0.0,0.0,0.0,81.0,60.0,67.9,0.0,0.0,0.0
7137,2021-08-10 21:15:00,2021-08-10 21:45:00,0.5,4720,4720,1,1,2360.0,Los Angeles,17.0,0.0,9.3125,24.0,0.0,2.0208333,102.0,68.0,85.833336,0.0,0.0,0.0
7139,2021-08-11 01:15:00,2021-08-11 01:45:00,0.5,6065,6065,1,2,3031.5,Los Angeles,20.0,4.0,9.708333,21.0,0.0,0.4375,97.0,66.0,81.875,0.0,0.0,0.0
7141,2021-08-11 04:45:00,2021-08-11 05:00:00,0.25,3950,3950,1,1,987.5,Los Angeles,14.0,0.0,7.09375,19.0,0.0,1.1875,86.0,64.0,74.7,0.0,0.0,0.0
7143,2021-08-11 09:30:00,2021-08-11 10:15:00,0.75,6651,6651,2,2,4849.75,Los Angeles,13.0,0.0,3.796875,0.0,0.0,0.0,84.0,63.0,71.05937,1e-04,1e-04,1.5625e-06
7145,2021-08-11 16:30:00,2021-08-11 17:30:00,1.0,4509,4511,3,2,4203.75,Los Angeles,14.0,0.0,5.425,0.0,0.0,0.0,91.0,69.0,82.165,0.0,0.0,0.0
7147,2021-08-12 16:30:00,2021-08-12 17:15:00,0.75,6283,6283,2,1,4676.75,Los Angeles,15.0,0.0,5.1875,22.0,0.0,0.625,92.0,69.0,80.671875,0.0,0.0,0.0
7149,2021-08-13 02:00:00,2021-08-13 02:15:00,0.25,5137,5137,1,1,1284.25,Los Angeles,19.0,4.0,8.8125,23.0,0.0,2.3125,93.2,68.0,82.7125,0.0,0.0,0.0
7151,2021-08-13 10:15:00,2021-08-13 11:00:00,0.75,16876,16876,1,3,12581.75,Los Angeles,17.0,0.0,2.859375,21.0,0.0,0.328125,82.4,62.0,71.1375,0.0,0.0,0.0
7153,2021-08-16 15:15:00,2021-08-16 15:45:00,0.5,17100,17100,2,1,8548.5,Los Angeles,16.0,0.0,4.6458335,0.0,0.0,0.0,91.0,65.0,75.4,0.0,0.0,0.0
7155,2021-08-16 21:15:00,2021-08-16 21:45:00,0.5,4210,4210,1,2,2102.25,Los Angeles,21.0,0.0,10.729167,26.0,0.0,5.7083335,102.0,73.0,87.09167,0.0,0.0,0.0
7157,2021-08-17 08:15:00,2021-08-17 08:30:00,0.25,6163,6163,1,1,1540.75,Los Angeles,18.0,0.0,5.875,18.0,0.0,0.5625,83.0,63.0,72.3625,0.0,0.0,0.0
7159,2021-08-17 15:45:00,2021-08-17 16:15:00,0.5,12385,12385,1,2,6192.25,Los Angeles,22.0,0.0,6.5625,24.0,0.0,0.5,85.0,68.0,73.65417,0.0,0.0,0.0
7161,2021-08-18 06:15:00,2021-08-18 09:30:00,3.25,8538,8844,5,7,21352.5,Los Angeles,20.0,0.0,7.200893,25.0,0.0,2.65625,75.2,64.0,70.00625,0.0,0.0,0.0
7163,2021-08-18 17:45:00,2021-08-18 18:00:00,0.25,8785,8785,1,1,2196.25,Los Angeles,23.0,0.0,9.5,31.0,0.0,4.71875,77.0,61.0,70.81875,0.0002,1e-04,6.25e-06
7165,2021-08-18 18:30:00,2021-08-18 18:45:00,0.25,8794,8794,1,1,2198.5,Los Angeles,25.0,0.0,9.0,35.0,0.0,5.40625,78.8,61.0,71.443756,0.0,0.0,0.0
7167,2021-08-18 19:00:00,2021-08-18 19:15:00,0.25,4815,4815,1,1,1203.75,Los Angeles,24.0,0.0,9.3125,31.0,0.0,5.1875,78.8,62.0,71.70625,0.0,0.0,0.0
7169,2021-08-19 01:15:00,2021-08-19 02:30:00,1.25,3987,3987,2,4,4918.5,Los Angeles,22.0,0.0,8.583333,30.0,0.0,3.4375,77.0,62.0,70.60833,0.0,0.0,0.0
7171,2021-08-19 11:15:00,2021-08-19 11:30:00,0.25,4123,4123,1,1,1030.75,Los Angeles,11.0,0.0,3.9375,0.0,0.0,0.0,69.8,57.0,65.18125,0.0,0.0,0.0
7173,2021-08-19 19:30:00,2021-08-19 20:00:00,0.5,4033,4033,1,2,1996.25,Los Angeles,11.0,0.0,6.1875,0.0,0.0,0.0,85.0,68.0,76.725,0.0,0.0,0.0
7175,2021-08-20 19:30:00,2021-08-20 22:15:00,2.75,7335,7364,5,7,17534.5,Los Angeles,16.0,0.0,8.25,25.0,0.0,1.5729166,91.0,63.0,77.120834,0.0,0.0,0.0
7177,2021-08-21 05:15:00,2021-08-21 06:15:00,1.0,4650,4672,2,3,4481.0,Los Angeles,16.0,0.0,5.8125,21.0,0.0,0.2625,76.0,61.0,68.835,0.0,0.0,0.0
7179,2021-08-21 22:30:00,2021-08-21 22:45:00,0.25,4820,4820,1,1,1205.0,Los Angeles,20.0,0.0,8.9375,22.0,0.0,2.6875,86.0,66.0,74.99375,0.0,0.0,0.0
7182,2021-08-22 17:30:00,2021-08-22 17:45:00,0.25,3944,3944,1,1,986.0,Los Angeles,9.0,0.0,4.78125,0.0,0.0,0.0,83.0,62.0,70.54375,0.0,0.0,0.0
7184,2021-08-23 16:30:00,2021-08-23 16:45:00,0.25,4509,4509,1,1,1127.25,Los Angeles,11.0,0.0,3.03125,17.0,0.0,0.53125,79.0,62.0,69.30625,0.0,0.0,0.0
7186,2021-08-23 18:00:00,2021-08-23 19:30:00,1.5,5896,7133,3,4,6938.25,Los Angeles,15.0,0.0,5.839286,18.0,0.0,0.16071428,87.0,61.0,73.46429,0.0,0.0,0.0
7188,2021-08-23 22:00:00,2021-08-24 05:30:00,7.5,6491,7278,16,14,46108.0,Los Angeles,22.0,0.0,9.167338,26.0,0.0,1.6895162,92.0,60.0,73.10202,0.0,0.0,0.0
7190,2021-08-24 05:45:00,2021-08-24 09:45:00,4.0,5480,5530,4,9,21798.5,Los Angeles,18.0,0.0,5.2352943,0.0,0.0,0.0,80.6,59.0,66.694115,0.0,0.0,0.0
7194,2021-08-25 20:30:00,2021-08-25 21:30:00,1.0,4514,4514,2,3,4172.0,Los Angeles,19.0,0.0,10.4125,25.0,0.0,2.875,99.0,71.0,84.0175,0.0,0.0,0.0
7196,2021-08-27 03:15:00,2021-08-27 05:15:00,2.0,6655,8016,4,5,10135.5,Los Angeles,18.0,0.0,6.5277777,21.0,0.0,0.8611111,89.0,64.0,75.32223,0.0,0.0,0.0
7198,2021-08-28 14:15:00,2021-08-29 02:00:00,11.75,9402,11301,23,23,72527.5,Los Angeles,22.0,0.0,6.8125,26.0,0.0,1.2942709,104.0,59.0,79.738014,0.0,0.0,0.0
7200,2021-08-29 03:45:00,2021-08-29 04:45:00,1.0,4092,4098,2,3,4026.75,Los Angeles,16.0,0.0,6.225,0.0,0.0,0.0,86.0,62.6,71.89,0.0,0.0,0.0
7202,2021-08-29 06:15:00,2021-08-29 07:00:00,0.75,4414,4414,3,1,3274.0,Los Angeles,11.0,0.0,4.828125,0.0,0.0,0.0,81.0,63.0,71.265625,0.0,0.0,0.0
7204,2021-08-29 14:30:00,2021-08-29 15:45:00,1.25,5921,5970,3,2,6216.5,Los Angeles,11.0,0.0,3.59375,0.0,0.0,0.0,85.0,61.0,68.73542,0.0,0.0,0.0
7206,2021-08-29 17:30:00,2021-08-29 22:00:00,4.5,7170,8209,10,9,26418.5,Los Angeles,17.0,0.0,7.8651314,25.0,0.0,1.4736842,105.0,65.0,83.375656,0.0,0.0,0.0
7208,2021-08-30 14:45:00,2021-08-30 15:15:00,0.5,10462,10462,2,1,5230.25,Los Angeles,13.0,0.0,2.4375,0.0,0.0,0.0,82.0,63.0,69.46667,0.0,0.0,0.0
7210,2021-08-30 16:45:00,2021-08-30 17:15:00,0.5,7085,7085,1,2,2803.75,Los Angeles,10.0,0.0,4.2916665,0.0,0.0,0.0,94.0,67.0,76.3125,0.0,0.0,0.0
7212,2021-08-30 19:15:00,2021-08-30 20:30:00,1.25,8575,8575,3,3,7674.5,Los Angeles,15.0,4.0,8.677083,20.0,0.0,1.5833334,104.0,67.0,81.10834,0.0,0.0,0.0
7214,2021-08-30 23:15:00,2021-08-31 00:45:00,1.5,4897,5288,4,3,7106.75,Los Angeles,22.0,4.0,10.142858,27.0,0.0,1.6964285,100.0,66.0,78.685715,0.0,0.0,0.0
7216,2021-08-31 01:00:00,2021-08-31 02:00:00,1.0,4470,4470,2,3,4386.0,Los Angeles,21.0,4.0,9.4125,22.0,0.0,1.4875,94.0,65.0,76.265,0.0,0.0,0.0
7218,2021-09-02 08:15:00,2021-09-02 08:30:00,0.25,7024,7024,1,1,1756.0,Los Angeles,20.0,0.0,4.78125,0.0,0.0,0.0,71.6,61.0,65.850006,0.0,0.0,0.0
7220,2021-09-02 18:15:00,2021-09-02 18:30:00,0.25,6495,6495,1,1,1623.75,Los Angeles,13.0,0.0,4.9375,0.0,0.0,0.0,87.0,66.0,72.49375,0.0,0.0,0.0
7222,2021-09-02 18:45:00,2021-09-02 19:45:00,1.0,5625,5625,3,1,4957.25,Los Angeles,13.0,0.0,6.625,17.0,0.0,0.9625,92.0,66.0,74.5,0.0,0.0,0.0
7224,2021-09-03 19:00:00,2021-09-03 21:00:00,2.0,5794,5977,6,3,10046.25,Los Angeles,16.0,0.0,8.548611,19.0,0.0,1.8194444,94.0,67.0,78.73889,0.0,0.0,0.0
7226,2021-09-04 00:15:00,2021-09-04 01:45:00,1.5,5263,5265,3,4,7744.0,Los Angeles,19.0,0.0,9.857142,23.0,0.0,1.7946428,92.0,65.0,77.48393,0.0,0.0,0.0
7228,2021-09-05 05:30:00,2021-09-05 07:30:00,2.0,4479,4482,4,4,8819.5,Los Angeles,12.0,0.0,3.8402777,0.0,0.0,0.0,86.0,63.0,73.237495,0.0,0.0,0.0
7230,2021-09-06 22:00:00,2021-09-07 00:15:00,2.25,5382,5876,4,6,10813.75,Los Angeles,13.0,2.0,8.5,14.0,0.0,0.35,106.0,70.0,84.85875,0.0,0.0,0.0
7232,2021-09-07 16:45:00,2021-09-07 17:00:00,0.25,4352,4352,1,1,1088.0,Los Angeles,7.0,0.0,3.75,0.0,0.0,0.0,92.0,69.0,77.30625,0.0,0.0,0.0
7234,2021-09-07 17:30:00,2021-09-07 18:30:00,1.0,6543,6543,4,1,5369.75,Los Angeles,10.0,0.0,4.7625,0.0,0.0,0.0,97.0,69.0,80.0625,0.0,0.0,0.0
7236,2021-09-08 16:45:00,2021-09-08 17:15:00,0.5,4078,4078,2,1,2007.25,Los Angeles,9.0,0.0,3.3541667,0.0,0.0,0.0,91.0,65.0,74.74583,0.0,0.0,0.0
7238,2021-09-08 17:30:00,2021-09-08 18:00:00,0.5,4131,4131,2,1,2039.0,Los Angeles,8.0,0.0,3.9791667,0.0,0.0,0.0,97.0,66.0,77.183334,0.0,0.0,0.0
7240,2021-09-08 19:45:00,2021-09-08 20:00:00,0.25,4738,4738,1,1,1184.5,Los Angeles,11.0,0.0,6.0,0.0,0.0,0.0,104.0,71.0,83.2,0.0,0.0,0.0
7242,2021-09-09 02:00:00,2021-09-09 05:15:00,3.25,13851,14381,6,8,41595.5,Los Angeles,18.0,0.0,8.040178,20.0,0.0,0.41964287,95.0,62.0,75.16339,1e-04,1e-04,4.4642857e-07
7244,2021-09-09 09:30:00,2021-09-09 09:45:00,0.25,4065,4065,1,1,1016.25,Los Angeles,9.0,0.0,3.0,0.0,0.0,0.0,82.0,63.0,70.10625,0.0,0.0,0.0
7246,2021-09-09 13:15:00,2021-09-09 13:30:00,0.25,8826,8826,1,1,2206.5,Los Angeles,8.0,0.0,3.28125,0.0,0.0,0.0,81.0,64.0,70.40625,0.0,0.0,0.0
7248,2021-09-09 14:15:00,2021-09-09 14:45:00,0.5,4629,4629,2,1,2314.0,Los Angeles,10.0,0.0,3.4375,0.0,0.0,0.0,83.0,64.0,71.525,0.0,0.0,0.0
7250,2021-09-09 15:45:00,2021-09-09 16:15:00,0.5,4022,4022,1,2,2010.75,Los Angeles,11.0,0.0,4.7083335,0.0,0.0,0.0,87.0,65.0,74.762505,0.0,0.0,0.0
7252,2021-09-09 19:15:00,2021-09-09 19:45:00,0.5,4211,4211,2,1,2102.5,Los Angeles,19.0,0.0,6.9583335,22.0,0.0,1.3541666,99.0,70.0,83.98333,0.0,0.0,0.0
7254,2021-09-09 23:00:00,2021-09-09 23:15:00,0.25,10520,10520,1,1,2630.0,Los Angeles,20.0,0.0,9.875,25.0,0.0,4.75,103.0,70.0,87.9375,0.0,0.0,0.0
7256,2021-09-10 08:45:00,2021-09-10 09:15:00,0.5,4025,4025,1,2,2012.25,Los Angeles,12.0,0.0,5.4583335,0.0,0.0,0.0,82.4,64.4,71.291664,0.020699998,0.01,0.00043124997
7258,2021-09-10 10:15:00,2021-09-10 11:00:00,0.75,21887,21887,2,2,7567.25,Los Angeles,12.0,0.0,3.359375,0.0,0.0,0.0,80.0,64.0,70.556244,0.0,0.0,0.0
7260,2021-09-11 04:30:00,2021-09-11 05:15:00,0.75,4170,4170,1,3,3121.5,Los Angeles,11.0,0.0,5.5625,0.0,0.0,0.0,82.4,64.0,74.331245,0.0,0.0,0.0
7262,2021-09-11 08:30:00,2021-09-11 10:45:00,2.25,7068,7068,3,3,12422.0,Los Angeles,13.0,0.0,3.25,0.0,0.0,0.0,82.4,62.6,70.386246,0.0,0.0,0.0
7264,2021-09-12 05:45:00,2021-09-12 06:15:00,0.5,4206,4206,1,1,2103.0,Los Angeles,14.0,0.0,5.4583335,19.0,0.0,1.1875,89.6,63.0,74.65,0.0,0.0,0.0
7266,2021-09-12 07:45:00,2021-09-12 08:00:00,0.25,3899,3899,1,1,974.75,Los Angeles,14.0,0.0,5.25,19.0,0.0,1.1875,89.6,62.0,72.162506,0.0,0.0,0.0
7268,2021-09-12 15:00:00,2021-09-12 18:30:00,3.5,4451,4479,7,6,15147.5,Los Angeles,13.0,0.0,4.0875,19.0,0.0,0.4375,92.0,60.0,76.346664,0.0,0.0,0.0
7270,2021-09-13 07:30:00,2021-09-13 08:30:00,1.0,3933,3940,2,2,3928.75,Los Angeles,12.0,0.0,5.5375,0.0,0.0,0.0,84.2,59.0,68.005,0.0,0.0,0.0
7272,2021-09-13 17:00:00,2021-09-13 17:15:00,0.25,4058,4058,1,1,1014.5,Los Angeles,13.0,0.0,3.21875,0.0,0.0,0.0,88.0,62.0,74.600006,0.0,0.0,0.0
7274,2021-09-13 21:45:00,2021-09-13 23:15:00,1.5,3965,3966,3,4,5826.75,Los Angeles,20.0,0.0,10.178572,28.0,0.0,2.7142856,97.0,64.0,82.85714,0.0,0.0,0.0
7276,2021-09-17 01:45:00,2021-09-17 02:30:00,0.75,6059,6059,1,3,4470.25,Los Angeles,19.0,3.0,8.40625,0.0,0.0,0.0,78.0,56.0,66.850006,0.0,0.0,0.0
7278,2021-09-17 04:45:00,2021-09-17 05:30:00,0.75,4003,4003,1,2,3001.25,Los Angeles,16.0,0.0,6.03125,0.0,0.0,0.0,73.0,55.0,63.365623,0.0,0.0,0.0
7280,2021-09-17 22:30:00,2021-09-17 23:45:00,1.25,5824,5867,3,3,6828.25,Los Angeles,19.0,0.0,8.895833,22.0,0.0,1.8333334,91.0,61.0,75.1875,0.0,0.0,0.0
7282,2021-09-19 18:15:00,2021-09-19 21:30:00,3.25,8765,10542,10,3,19605.75,Los Angeles,31.0,0.0,9.066964,37.0,0.0,4.178571,82.0,63.0,72.89821,0.0,0.0,0.0
7284,2021-09-19 23:45:00,2021-09-20 03:15:00,3.5,10769,10928,5,8,35742.25,Los Angeles,32.0,0.0,9.9625,37.0,0.0,4.383333,80.6,61.0,70.40417,0.0,0.0,0.0
7286,2021-09-20 17:45:00,2021-09-20 21:30:00,3.75,13374,15663,6,9,30967.0,Los Angeles,21.0,0.0,7.4804688,32.0,0.0,2.8554688,90.0,65.0,78.62734,0.0,0.0,0.0
7288,2021-09-21 03:15:00,2021-09-21 08:30:00,5.25,12697,15701,11,10,32693.75,Los Angeles,17.0,0.0,4.1676135,21.0,0.0,0.11931818,78.0,59.0,70.33523,0.0,0.0,0.0
7290,2021-09-21 19:30:00,2021-09-21 19:45:00,0.25,4428,4428,1,1,1107.0,Los Angeles,16.0,0.0,8.09375,23.0,0.0,1.4375,100.0,70.0,88.6,0.0,0.0,0.0
7292,2021-09-22 04:00:00,2021-09-22 04:15:00,0.25,3887,3887,1,1,971.75,Los Angeles,10.0,0.0,5.1875,0.0,0.0,0.0,87.8,64.0,77.0375,0.0,0.0,0.0
7294,2021-09-22 18:00:00,2021-09-22 18:15:00,0.25,15804,15804,1,1,3951.0,Los Angeles,12.0,0.0,5.15625,20.0,0.0,1.25,93.0,67.0,84.524994,0.0,0.0,0.0
7296,2021-09-23 01:30:00,2021-09-23 01:45:00,0.25,3871,3871,1,1,967.75,Los Angeles,19.0,0.0,9.9375,21.0,0.0,2.40625,91.4,63.0,79.56875,0.0,0.0,0.0
7298,2021-09-23 15:45:00,2021-09-23 16:00:00,0.25,12745,12745,1,1,3186.25,Los Angeles,10.0,0.0,3.3125,0.0,0.0,0.0,80.6,60.0,71.8125,0.0,0.0,0.0
7300,2021-09-23 18:00:00,2021-09-23 18:30:00,0.5,3814,3814,2,1,1905.75,Los Angeles,10.0,0.0,5.4375,0.0,0.0,0.0,88.0,62.0,77.862495,0.0,0.0,0.0
7302,2021-09-24 04:45:00,2021-09-24 05:00:00,0.25,9117,9117,1,1,2279.25,Los Angeles,12.0,0.0,4.875,0.0,0.0,0.0,75.2,59.0,67.2375,0.0,0.0,0.0
7304,2021-09-24 15:45:00,2021-09-24 16:15:00,0.5,20091,20091,2,1,10045.0,Los Angeles,10.0,0.0,2.4166667,0.0,0.0,0.0,78.0,61.0,66.229164,0.0,0.0,0.0
7306,2021-09-25 06:15:00,2021-09-25 06:30:00,0.25,3802,3802,1,1,950.5,Los Angeles,11.0,0.0,5.125,0.0,0.0,0.0,77.0,59.0,67.7625,0.0,0.0,0.0
7308,2021-09-25 08:15:00,2021-09-25 08:30:00,0.25,4544,4544,1,1,1136.0,Los Angeles,8.0,0.0,4.03125,0.0,0.0,0.0,77.0,59.0,65.84375,0.0,0.0,0.0
7310,2021-09-25 08:45:00,2021-09-25 09:15:00,0.5,3946,3946,2,1,1972.5,Los Angeles,8.0,0.0,3.1458333,0.0,0.0,0.0,77.0,58.0,64.441666,0.0,0.0,0.0
7312,2021-09-28 17:30:00,2021-09-28 21:00:00,3.5,4509,4645,7,7,14515.0,Los Angeles,33.0,0.0,9.275,37.0,0.0,3.1625,74.0,53.0,67.57917,0.0,0.0,0.0
7314,2021-09-29 08:30:00,2021-09-29 08:45:00,0.25,5051,5051,1,1,1262.75,Los Angeles,11.0,0.0,2.78125,26.0,0.0,1.53125,64.4,52.0,59.9375,0.0,0.0,0.0
7316,2021-09-29 22:30:00,2021-09-29 23:45:00,1.25,7107,7107,4,2,6714.75,Los Angeles,14.0,3.0,8.90625,17.0,0.0,1.5625,80.0,64.0,73.083336,0.0,0.0,0.0
7318,2021-09-30 14:30:00,2021-09-30 15:15:00,0.75,6134,6134,3,1,4598.25,Los Angeles,10.0,0.0,2.421875,0.0,0.0,0.0,73.0,40.0,60.771873,0.0,0.0,0.0
7320,2021-10-01 04:00:00,2021-10-01 06:00:00,2.0,15063,26116,6,3,21276.75,Los Angeles,15.0,0.0,4.2708335,22.0,0.0,1.4722222,78.0,53.0,69.520836,0.0,0.0,0.0
7322,2021-10-02 15:00:00,2021-10-02 15:45:00,0.75,3803,3803,3,1,2851.0,Los Angeles,52.0,0.0,4.671875,0.0,0.0,0.0,75.2,50.0,63.821873,0.0,0.0,0.0
7324,2021-10-03 02:15:00,2021-10-03 04:15:00,2.0,5106,5111,6,2,10164.25,Los Angeles,12.0,0.0,3.7222223,0.0,0.0,0.0,87.0,62.0,74.50138,0.0,0.0,0.0
7326,2021-10-05 01:00:00,2021-10-06 07:45:00,30.75,24227,46415,52,67,378686.75,Los Angeles,23.0,0.0,7.114415,35.0,0.0,1.5443548,83.0,58.0,70.42591,1.6773999,0.1,0.00084546366
7328,2021-10-09 04:45:00,2021-10-09 05:30:00,0.75,6690,6690,1,3,4426.0,Los Angeles,19.0,0.0,6.96875,25.0,0.0,1.5625,67.0,47.0,60.540627,0.0,0.0,0.0
7330,2021-10-09 05:45:00,2021-10-09 08:30:00,2.75,7245,7251,6,4,19441.5,Los Angeles,17.0,0.0,5.90625,20.0,0.0,0.41666666,67.0,46.0,59.40625,0.0,0.0,0.0
7332,2021-10-11 23:30:00,2021-10-12 21:00:00,21.5,35242,61983,40,47,284214.0,Los Angeles,36.0,0.0,12.397988,59.0,0.0,11.053161,73.0,36.0,59.42385,0.0,0.0,0.0
7334,2021-10-12 22:30:00,2021-10-12 23:00:00,0.5,6399,6399,1,2,2889.5,Los Angeles,20.0,5.0,11.395833,25.0,0.0,8.166667,72.0,50.0,66.07084,0.0,0.0,0.0
7336,2021-10-13 17:00:00,2021-10-13 18:30:00,1.5,5560,5863,3,4,8170.75,Los Angeles,9.0,0.0,3.1607144,0.0,0.0,0.0,73.4,52.0,64.45357,1e-04,1e-04,8.9285714e-07
7338,2021-10-15 10:15:00,2021-10-15 11:30:00,1.25,4268,4268,2,1,5284.0,Los Angeles,8.0,0.0,2.4791667,0.0,0.0,0.0,59.0,42.0,54.747913,0.0,0.0,0.0
7340,2021-10-18 18:15:00,2021-10-18 19:30:00,1.25,6502,6591,3,2,6430.0,Los Angeles,26.0,0.0,11.40625,33.0,0.0,5.8541665,69.8,44.0,60.36667,0.0,0.0,0.0
7342,2021-10-19 20:30:00,2021-10-19 21:00:00,0.5,5310,5310,2,1,2640.25,Los Angeles,11.0,0.0,5.9375,17.0,0.0,1.0416666,71.6,59.0,66.166664,0.0,0.0,0.0
7344,2021-10-20 18:15:00,2021-10-20 23:15:00,5.0,22582,22770,5,16,109061.25,Los Angeles,16.0,0.0,6.827381,0.0,0.0,0.0,79.0,58.0,68.198814,1e-04,1e-04,2.9761904e-07
7346,2021-10-21 18:45:00,2021-10-21 19:00:00,0.25,4345,4345,1,1,1086.25,Los Angeles,10.0,0.0,4.40625,0.0,0.0,0.0,76.0,62.0,71.6875,0.0,0.0,0.0
7348,2021-10-22 04:30:00,2021-10-22 05:15:00,0.75,12674,12674,3,1,9239.0,Los Angeles,9.0,0.0,3.859375,0.0,0.0,0.0,66.2,52.0,60.940624,0.0,0.0,0.0
7350,2021-10-22 18:00:00,2021-10-22 19:00:00,1.0,15239,15239,2,3,10468.25,Los Angeles,19.0,0.0,6.1375,22.0,0.0,0.275,77.0,59.0,64.71875,0.0,0.0,0.0
7352,2021-10-23 10:15:00,2021-10-23 13:15:00,3.0,6005,6446,2,5,13601.0,Los Angeles,23.0,0.0,6.75,29.0,0.0,1.6586539,62.6,45.0,57.981247,0.32099998,0.04,0.0015432691
7354,2021-10-24 07:15:00,2021-10-24 11:00:00,3.75,3979,3979,2,3,14727.25,Los Angeles,22.0,0.0,4.125,21.0,0.0,0.08203125,62.6,49.0,57.98594,0.0,0.0,0.0
7356,2021-10-25 18:45:00,2021-10-25 20:15:00,1.5,5081,5763,3,4,6827.25,Los Angeles,24.0,0.0,11.089286,29.0,0.0,7.803571,64.8,47.0,59.410713,3.291,0.27,0.029383928
7358,2021-10-25 20:30:00,2021-10-25 22:00:00,1.5,8470,8670,3,4,9973.0,Los Angeles,22.0,0.0,11.5,31.0,0.0,8.214286,62.6,46.0,56.95268,7.35,0.28,0.065625
7360,2021-10-25 23:30:00,2021-10-26 13:30:00,14.0,12243,23473,24,33,95585.75,Los Angeles,37.0,0.0,6.9144735,44.0,0.0,2.7006578,61.0,41.0,53.179493,0.20310003,0.09,0.0002226974
7362,2021-10-26 16:00:00,2021-10-26 18:15:00,2.25,4996,5486,6,4,10240.25,Los Angeles,28.0,0.0,6.75,38.0,0.0,3.18125,66.2,43.0,58.5125,0.0009,1e-04,5.625e-06
7364,2021-10-26 22:15:00,2021-10-26 23:45:00,1.5,4910,4944,3,4,7300.0,Los Angeles,20.0,0.0,10.160714,30.0,0.0,3.4285715,72.0,49.0,64.88303,0.0,0.0,0.0
7366,2021-10-27 20:00:00,2021-10-27 20:15:00,0.25,4451,4451,1,1,1112.75,Los Angeles,12.0,0.0,3.9375,0.0,0.0,0.0,84.0,60.8,73.95,0.0,0.0,0.0
7368,2021-10-27 20:30:00,2021-10-27 20:45:00,0.25,3825,3825,1,1,956.25,Los Angeles,12.0,0.0,5.0,0.0,0.0,0.0,85.0,66.0,75.85625,0.0,0.0,0.0
7370,2021-10-27 21:00:00,2021-10-27 22:45:00,1.75,3900,3949,5,3,6756.25,Los Angeles,13.0,0.0,6.21875,16.0,0.0,0.25,86.0,66.0,76.564064,0.0,0.0,0.0
7372,2021-10-28 17:30:00,2021-10-28 18:00:00,0.5,4712,4712,1,2,2240.0,Los Angeles,21.0,0.0,4.5625,30.0,0.0,2.2083333,89.6,61.0,77.29584,0.0,0.0,0.0
7374,2021-10-28 21:30:00,2021-10-28 21:45:00,0.25,3847,3847,1,1,961.75,Los Angeles,17.0,0.0,7.875,28.0,0.0,2.625,94.0,72.0,83.725006,0.0,0.0,0.0
7376,2021-10-29 02:15:00,2021-10-29 02:45:00,0.5,3852,3852,1,2,1923.0,Los Angeles,16.0,0.0,4.375,24.0,0.0,1.0,81.0,62.0,72.1,0.0,0.0,0.0
7378,2021-11-02 17:00:00,2021-11-02 19:45:00,2.75,4256,4320,8,4,11522.5,Los Angeles,14.0,0.0,4.6197915,21.0,0.0,0.41666666,73.0,55.0,62.577087,0.00029999999,1e-04,1.5625e-06
7380,2021-11-03 05:00:00,2021-11-03 09:00:00,4.0,4271,4348,6,9,16891.25,Los Angeles,12.0,0.0,3.4926472,0.0,0.0,0.0,62.6,49.0,58.603676,0.0002,1e-04,7.352941e-07
7382,2021-11-04 17:00:00,2021-11-04 20:30:00,3.5,4927,5165,7,8,15569.75,Los Angeles,23.0,0.0,6.054167,29.0,0.0,1.8,84.0,57.0,68.00667,1e-04,1e-04,4.1666667e-07
7384,2021-11-06 00:30:00,2021-11-06 00:45:00,0.25,7359,7359,1,1,1839.75,Los Angeles,10.0,0.0,5.46875,0.0,0.0,0.0,78.8,56.0,67.4125,0.0,0.0,0.0
7387,2021-11-09 17:45:00,2021-11-09 22:00:00,4.25,4813,4814,5,12,19231.0,Los Angeles,26.0,0.0,7.9270835,30.0,0.0,1.3333334,70.0,54.0,64.48333,0.0,0.0,0.0
7389,2021-11-10 01:15:00,2021-11-10 01:30:00,0.25,3985,3985,1,1,996.25,Los Angeles,21.0,0.0,8.96875,29.0,0.0,2.5,66.2,52.0,60.06875,0.0,0.0,0.0
7391,2021-11-15 17:00:00,2021-11-15 18:30:00,1.5,4525,4527,4,3,6413.25,Los Angeles,8.0,0.0,1.9732143,0.0,0.0,0.0,82.0,54.0,70.93393,1e-04,1e-04,8.9285714e-07
7393,2021-11-15 21:00:00,2021-11-15 21:45:00,0.75,3892,3894,2,2,2874.5,Los Angeles,14.0,0.0,8.03125,20.0,0.0,0.9375,88.0,57.0,77.631256,0.0,0.0,0.0
7395,2021-11-17 22:45:00,2021-11-17 23:00:00,0.25,3815,3815,1,1,953.75,Los Angeles,13.0,3.0,7.6875,18.0,0.0,1.125,74.0,58.0,67.1,0.0,0.0,0.0
7397,2021-11-19 19:45:00,2021-11-19 20:15:00,0.5,4145,4145,2,1,2061.5,Los Angeles,13.0,0.0,4.8333335,19.0,0.0,1.1875,75.0,58.0,64.71667,0.0,0.0,0.0
7399,2021-11-19 22:30:00,2021-11-19 22:45:00,0.25,3857,3857,1,1,964.25,Los Angeles,14.0,0.0,7.3125,0.0,0.0,0.0,74.0,56.0,64.41875,0.0,0.0,0.0
7401,2021-11-25 03:00:00,2021-11-25 14:30:00,11.5,12256,23471,23,19,82120.5,Los Angeles,35.0,0.0,10.015958,48.0,0.0,9.355053,72.0,39.0,57.09016,0.0,0.0,0.0
7403,2021-11-25 14:45:00,2021-11-25 15:00:00,0.25,3934,3934,1,1,983.5,Los Angeles,31.0,0.0,8.78125,41.0,0.0,6.8125,65.0,39.0,53.4375,1e-04,1e-04,3.125e-06
7405,2021-11-25 15:30:00,2021-11-25 21:30:00,6.0,7438,10635,12,12,31000.25,Los Angeles,31.0,0.0,9.8425,64.0,0.0,6.145,80.0,39.0,65.8875,1e-04,1e-04,2.5e-07
7407,2021-11-26 05:15:00,2021-11-26 05:45:00,0.5,3889,3889,1,2,1941.75,Los Angeles,14.0,0.0,4.7291665,0.0,0.0,0.0,67.0,39.0,57.104168,0.0,0.0,0.0
7409,2021-11-26 16:45:00,2021-11-26 18:15:00,1.5,4777,5165,3,4,6368.25,Los Angeles,10.0,0.0,3.6517856,0.0,0.0,0.0,73.0,43.0,63.93928,0.0,0.0,0.0
7411,2021-11-30 16:45:00,2021-11-30 17:45:00,1.0,5458,5458,3,2,4591.0,Los Angeles,10.0,0.0,1.35,0.0,0.0,0.0,78.0,49.0,60.145,0.0,0.0,0.0
7413,2021-12-02 16:00:00,2021-12-02 16:15:00,0.25,4252,4252,1,1,1063.0,Los Angeles,5.0,0.0,1.03125,0.0,0.0,0.0,66.0,39.0,52.91875,0.0,0.0,0.0
7415,2021-12-02 16:45:00,2021-12-02 17:00:00,0.25,4816,4816,1,1,1204.0,Los Angeles,5.0,0.0,1.15625,0.0,0.0,0.0,69.0,47.0,55.574997,0.0,0.0,0.0
7417,2021-12-07 20:30:00,2021-12-07 20:45:00,0.25,3811,3811,1,1,952.75,Los Angeles,10.0,0.0,4.1875,21.0,0.0,1.3125,68.0,55.0,61.96875,0.0,0.0,0.0
7419,2021-12-07 23:15:00,2021-12-08 00:00:00,0.75,4227,4232,2,2,2961.0,Los Angeles,11.0,0.0,4.359375,0.0,0.0,0.0,67.0,55.0,62.228127,0.0,0.0,0.0
7421,2021-12-08 06:15:00,2021-12-08 09:00:00,2.75,5106,5114,3,5,13580.75,Los Angeles,9.0,0.0,1.8385416,0.0,0.0,0.0,60.8,46.0,53.8,0.0,0.0,0.0
7423,2021-12-11 07:45:00,2021-12-11 10:00:00,2.25,7530,7531,2,6,16667.25,Los Angeles,15.0,0.0,4.0375,0.0,0.0,0.0,54.0,28.0,45.835,0.0,0.0,0.0
7425,2021-12-13 18:15:00,2021-12-13 20:00:00,1.75,4742,4888,6,2,7732.25,Los Angeles,26.0,0.0,7.4765625,37.0,0.0,3.6796875,60.8,40.0,53.798435,0.0,0.0,0.0
7427,2021-12-14 03:00:00,2021-12-14 03:30:00,0.5,3931,3931,2,1,1953.5,Los Angeles,25.0,0.0,8.166667,36.0,0.0,3.5416667,59.0,39.0,53.733337,0.03,0.01,0.000625
7429,2021-12-14 04:00:00,2021-12-14 04:30:00,0.5,4368,4368,2,1,2089.75,Los Angeles,28.0,0.0,9.708333,39.0,0.0,3.375,59.0,40.0,53.44583,0.030199999,0.01,0.00062916667
7431,2021-12-14 05:00:00,2021-12-14 05:15:00,0.25,3880,3880,1,1,970.0,Los Angeles,28.0,0.0,9.96875,42.0,0.0,4.75,59.0,40.0,53.2875,0.060499996,0.03,0.0018906249
7433,2021-12-14 05:30:00,2021-12-15 09:30:00,28.0,22166,84858,55,55,275849.75,Los Angeles,37.0,0.0,12.584624,47.0,0.0,11.485066,61.0,30.0,50.106194,40.348495,0.63,0.022316646
7435,2021-12-15 22:15:00,2021-12-15 23:00:00,0.75,3952,3952,1,3,2926.25,Los Angeles,11.0,0.0,6.5,0.0,0.0,0.0,60.8,40.0,53.168747,0.0,0.0,0.0
7437,2021-12-16 03:45:00,2021-12-16 05:00:00,1.25,3983,4128,3,3,4844.0,Los Angeles,10.0,0.0,3.2708333,0.0,0.0,0.0,52.0,32.0,44.927082,1e-04,1e-04,1.0416667e-06
7439,2021-12-16 05:45:00,2021-12-16 06:45:00,1.0,6839,6839,1,4,5607.5,Los Angeles,10.0,0.0,2.4,0.0,0.0,0.0,51.0,30.0,43.732502,0.0,0.0,0.0
7441,2021-12-16 17:00:00,2021-12-17 00:00:00,7.0,8222,10265,13,16,33826.0,Los Angeles,23.0,0.0,5.823276,29.0,0.0,0.4849138,59.0,37.4,52.46164,0.3514,0.04,0.00075732754
7443,2021-12-18 16:45:00,2021-12-18 20:00:00,3.25,8148,8214,7,6,25701.5,Los Angeles,18.0,0.0,4.357143,26.0,0.0,1.4464285,69.8,32.0,56.555355,0.0002,1e-04,8.9285714e-07
7445,2021-12-20 17:30:00,2021-12-20 17:45:00,0.25,3823,3823,1,1,955.75,Los Angeles,11.0,0.0,1.5625,0.0,0.0,0.0,57.2,30.0,50.8,0.0,0.0,0.0
7447,2021-12-21 06:15:00,2021-12-21 09:15:00,3.0,4612,4903,6,5,12028.0,Los Angeles,10.0,0.0,2.0961537,21.0,0.0,0.3028846,58.0,36.0,51.45577,0.0,0.0,0.0
7449,2021-12-24 05:15:00,2021-12-24 09:00:00,3.75,5331,6102,9,5,17855.25,Los Angeles,24.0,0.0,9.277344,35.0,0.0,5.5625,59.0,44.0,52.840622,11.5815,0.6,0.045240235
7451,2021-12-24 15:00:00,2021-12-24 16:30:00,1.5,8045,8045,4,3,10438.5,Los Angeles,22.0,0.0,9.223214,28.0,0.0,3.357143,58.0,26.1,52.500893,1.9008,0.34,0.016971428
7453,2021-12-28 07:45:00,2021-12-28 08:00:00,0.25,8192,8192,1,1,2048.0,Los Angeles,21.0,0.0,7.15625,24.0,0.0,1.28125,53.6,33.0,46.55,1e-04,1e-04,3.125e-06
7455,2021-12-30 03:30:00,2021-12-30 07:00:00,3.5,6611,7297,8,7,18677.0,Los Angeles,21.0,0.0,8.9,32.0,0.0,4.429167,57.0,39.0,50.015003,11.250799,0.42,0.04687833
7457,2021-12-30 13:00:00,2021-12-31 00:15:00,11.25,16355,27343,21,25,93231.0,Los Angeles,19.0,0.0,8.195652,32.0,0.0,2.6793478,59.0,35.0,50.745655,40.132904,0.53,0.054528404
7458,2022-01-01 00:00:00,2022-01-01 00:30:00,0.5,6677,6677,1,2,3335.0,Los Angeles,30.0,0.0,12.270833,38.0,0.0,4.3958335,60.0,45.0,53.666668,0.00029999999,1e-04,6.25e-06
7460,2022-01-05 20:30:00,2022-01-05 21:15:00,0.75,4495,4495,1,3,3245.25,Los Angeles,20.0,0.0,6.390625,27.0,0.0,0.796875,74.0,53.0,64.24062,0.0,0.0,0.0
7462,2022-01-06 17:30:00,2022-01-06 18:00:00,0.5,4069,4069,1,2,2014.5,Los Angeles,11.0,0.0,1.3541666,0.0,0.0,0.0,67.0,39.0,57.2375,0.0,0.0,0.0
7464,2022-01-06 18:15:00,2022-01-06 20:15:00,2.0,4407,4457,5,4,8740.5,Los Angeles,11.0,0.0,2.4861112,0.0,0.0,0.0,74.0,45.0,62.41945,0.0,0.0,0.0
7466,2022-01-06 20:45:00,2022-01-06 22:00:00,1.25,10212,10309,4,2,9794.25,Los Angeles,11.0,0.0,3.6041667,0.0,0.0,0.0,77.0,53.0,67.262505,0.0,0.0,0.0
7468,2022-01-08 05:15:00,2022-01-08 06:30:00,1.25,4272,4273,2,2,5274.25,Los Angeles,21.0,0.0,5.7604165,27.0,0.0,1.4895834,56.0,41.0,52.45,0.0002,1e-04,2.0833334e-06
7470,2022-01-10 05:45:00,2022-01-10 06:00:00,0.25,4211,4211,1,1,1052.75,Los Angeles,22.0,0.0,4.5625,32.0,0.0,2.9375,64.4,35.0,53.112503,0.0,0.0,0.0
7472,2022-01-12 20:45:00,2022-01-12 21:30:00,0.75,5038,5038,1,3,3765.5,Los Angeles,19.0,0.0,4.296875,0.0,0.0,0.0,78.8,54.0,70.325,0.0,0.0,0.0
7474,2022-01-13 19:00:00,2022-01-13 19:30:00,0.5,4460,4460,2,1,2107.75,Los Angeles,7.0,0.0,2.6458333,0.0,0.0,0.0,66.2,48.0,61.712505,0.0,0.0,0.0
7476,2022-01-14 05:45:00,2022-01-14 06:00:00,0.25,3858,3858,1,1,964.5,Los Angeles,9.0,0.0,4.46875,0.0,0.0,0.0,63.0,42.0,57.775,0.0,0.0,0.0
7478,2022-01-20 00:00:00,2022-01-20 00:15:00,0.25,4082,4082,1,1,1020.5,Los Angeles,11.0,0.0,6.0625,0.0,0.0,0.0,65.0,51.0,60.818752,0.0,0.0,0.0
7480,2022-01-21 15:45:00,2022-01-21 20:15:00,4.5,9100,10010,11,8,29571.0,Los Angeles,20.0,0.0,5.1348686,25.0,0.0,1.1644737,74.0,40.0,57.644737,0.0,0.0,0.0
7482,2022-01-22 00:00:00,2022-01-22 04:45:00,4.75,7726,10959,12,8,26667.75,Los Angeles,30.0,0.0,11.171875,58.0,0.0,11.025,73.0,42.0,62.48125,0.0,0.0,0.0
7484,2022-01-22 05:15:00,2022-01-24 07:00:00,49.75,33011,101029,93,102,976138.0,Los Angeles,30.0,0.0,8.712812,60.0,0.0,4.8103123,76.0,28.9,60.598316,0.0,0.0,0.0
7486,2022-01-24 07:15:00,2022-01-24 10:30:00,3.25,10504,11742,6,7,31580.25,Los Angeles,19.0,0.0,5.34375,26.0,0.0,1.2767857,66.0,28.0,53.88214,0.0,0.0,0.0
7488,2022-01-24 12:00:00,2022-01-24 13:00:00,1.0,8999,8999,2,3,6630.0,Los Angeles,19.0,0.0,3.9,0.0,0.0,0.0,66.0,27.0,49.24625,0.0,0.0,0.0
7490,2022-01-25 03:30:00,2022-01-25 04:00:00,0.5,3959,3959,1,2,1978.25,Los Angeles,15.0,0.0,3.0625,16.0,0.0,0.6666667,63.0,45.0,56.037502,0.0,0.0,0.0
7492,2022-01-25 18:30:00,2022-01-26 01:00:00,6.5,11524,12134,14,12,29669.5,Los Angeles,21.0,0.0,7.0625,23.0,0.0,0.7476852,69.0,45.0,61.564354,0.0,0.0,0.0
7494,2022-01-26 01:45:00,2022-01-26 02:00:00,0.25,4514,4514,1,1,1128.5,Los Angeles,15.0,0.0,5.625,0.0,0.0,0.0,62.6,45.0,56.15,0.0,0.0,0.0
7496,2022-01-28 18:00:00,2022-01-28 19:30:00,1.5,5525,5561,4,3,6402.75,Los Angeles,22.0,0.0,8.830358,22.0,0.0,2.232143,72.0,44.0,62.960712,0.0,0.0,0.0
7498,2022-01-28 23:45:00,2022-01-29 01:00:00,1.25,35499,35499,3,3,30174.75,Los Angeles,18.0,0.0,8.791667,25.0,0.0,1.25,74.0,44.0,66.57083,0.0,0.0,0.0
7500,2022-01-31 20:00:00,2022-01-31 20:45:00,0.75,5048,5083,2,2,3744.25,Los Angeles,17.0,0.0,4.296875,0.0,0.0,0.0,64.0,47.0,57.896873,0.0,0.0,0.0
7502,2022-02-02 22:45:00,2022-02-03 08:15:00,9.5,6604,10093,14,17,51343.5,Los Angeles,24.0,0.0,6.423077,36.0,0.0,1.0176282,66.0,27.0,53.339745,0.0,0.0,0.0
7504,2022-02-03 13:00:00,2022-02-03 17:00:00,4.0,9532,11187,9,7,36054.75,Los Angeles,17.0,0.0,3.5735295,22.0,0.0,0.4117647,59.0,23.0,43.818382,0.0,0.0,0.0
7506,2022-02-03 17:15:00,2022-02-03 20:00:00,2.75,5808,5863,8,4,12705.25,Los Angeles,16.0,0.0,4.625,0.0,0.0,0.0,66.2,35.0,56.632294,0.0,0.0,0.0
7508,2022-02-08 20:45:00,2022-02-08 21:15:00,0.5,5050,5050,1,2,2244.5,Los Angeles,21.0,0.0,6.1041665,28.0,0.0,1.75,81.0,59.0,73.645836,0.0,0.0,0.0
7510,2022-02-09 16:00:00,2022-02-09 16:15:00,0.25,4209,4209,1,1,1052.25,Los Angeles,15.0,0.0,3.84375,0.0,0.0,0.0,75.2,37.0,59.8375,0.0,0.0,0.0
7512,2022-02-09 19:00:00,2022-02-09 19:15:00,0.25,4771,4771,1,1,1192.75,Los Angeles,18.0,0.0,5.875,34.0,0.0,3.21875,84.2,58.0,75.887505,0.0,0.0,0.0
7514,2022-02-10 01:45:00,2022-02-10 03:15:00,1.5,6598,6713,3,4,9016.25,Los Angeles,14.0,0.0,4.535714,0.0,0.0,0.0,82.0,50.0,69.09643,0.0,0.0,0.0
7516,2022-02-14 23:00:00,2022-02-15 00:00:00,1.0,4386,4386,1,4,3990.75,Los Angeles,18.0,4.0,10.525,16.0,0.0,0.2,78.8,56.0,68.9425,0.0,0.0,0.0
7518,2022-02-15 00:15:00,2022-02-15 00:45:00,0.5,4705,4705,1,1,2352.5,Los Angeles,17.0,4.0,9.708333,0.0,0.0,0.0,76.0,55.0,66.549995,0.0,0.0,0.0
7520,2022-02-16 01:45:00,2022-02-16 04:15:00,2.5,10174,14116,6,5,19495.0,Los Angeles,25.0,0.0,10.176136,34.0,0.0,6.7954545,55.0,30.9,48.77443,0.15129998,0.03,0.000859659
7522,2022-02-17 05:30:00,2022-02-17 06:00:00,0.5,3831,3831,1,2,1911.75,Los Angeles,7.0,0.0,3.2708333,0.0,0.0,0.0,57.0,38.0,50.458332,0.0,0.0,0.0
7524,2022-02-17 07:15:00,2022-02-17 08:45:00,1.5,6038,6038,5,2,8593.75,Los Angeles,15.0,0.0,3.4107144,23.0,0.0,0.8214286,56.0,33.0,49.3125,0.0,0.0,0.0
7526,2022-02-17 19:45:00,2022-02-17 20:15:00,0.5,4438,4438,1,2,2069.75,Los Angeles,22.0,0.0,9.958333,28.0,0.0,5.125,71.6,49.0,64.8375,0.0,0.0,0.0
7528,2022-02-17 20:30:00,2022-02-17 21:15:00,0.75,3823,3823,2,2,2861.0,Los Angeles,18.0,0.0,9.765625,26.0,0.0,5.1875,72.0,49.0,65.87813,0.0,0.0,0.0
7530,2022-02-22 20:30:00,2022-02-22 20:45:00,0.25,3823,3823,1,1,955.75,Los Angeles,24.0,8.0,15.40625,30.0,0.0,12.6875,61.0,40.0,55.1625,0.0002,1e-04,6.25e-06
7532,2022-02-23 09:45:00,2022-02-23 10:30:00,0.75,5110,5110,2,1,3766.75,Los Angeles,23.0,0.0,7.78125,29.0,0.0,3.359375,51.8,26.1,43.36875,0.14,0.05,0.0021875
7534,2022-02-25 22:00:00,2022-02-25 22:30:00,0.5,4024,4024,1,2,1997.0,Los Angeles,16.0,0.0,8.145833,15.0,0.0,0.3125,66.0,45.0,59.708332,0.0,0.0,0.0
7536,2022-02-27 20:00:00,2022-02-27 20:45:00,0.75,5199,5199,1,3,3256.25,Los Angeles,22.0,0.0,6.390625,29.0,0.0,2.59375,74.0,49.0,67.56563,0.0,0.0,0.0
7538,2022-02-27 22:30:00,2022-02-28 01:00:00,2.5,7174,7395,5,5,15007.75,Los Angeles,19.0,0.0,9.215909,23.0,0.0,2.5568182,77.0,51.0,68.42841,0.0,0.0,0.0
7540,2022-02-28 18:45:00,2022-02-28 19:00:00,0.25,5890,5890,1,1,1472.5,Los Angeles,40.0,0.0,8.25,50.0,0.0,4.5,83.0,59.0,73.55,0.0,0.0,0.0
7542,2022-02-28 20:45:00,2022-02-28 22:30:00,1.75,5097,5304,4,4,7394.5,Los Angeles,25.0,0.0,10.3515625,39.0,0.0,5.34375,87.8,61.0,77.220314,0.0,0.0,0.0
7544,2022-03-02 04:00:00,2022-03-02 04:15:00,0.25,10626,10626,1,1,2656.5,Los Angeles,11.0,0.0,2.875,0.0,0.0,0.0,74.0,53.0,63.73125,0.0,0.0,0.0
7546,2022-03-02 04:30:00,2022-03-02 06:45:00,2.25,11079,11199,4,6,24480.25,Los Angeles,13.0,0.0,3.25,0.0,0.0,0.0,73.0,43.0,61.41875,0.0,0.0,0.0
7548,2022-03-04 19:45:00,2022-03-04 23:45:00,4.0,7187,8279,9,7,24076.0,Los Angeles,29.0,3.0,12.849265,33.0,0.0,4.4852943,64.4,42.0,58.29559,0.0004,1e-04,1.4705882e-06
7550,2022-03-05 00:00:00,2022-03-05 00:45:00,0.75,5521,5521,2,2,3916.75,Los Angeles,22.0,3.0,11.40625,26.0,0.0,4.03125,63.0,44.0,58.06875,0.0,0.0,0.0
7552,2022-03-05 23:00:00,2022-03-06 07:00:00,8.0,13498,15508,22,10,89271.25,Los Angeles,33.0,0.0,12.081439,43.0,0.0,9.765152,59.0,30.0,49.116478,0.5014,0.07,0.0009496212
7554,2022-03-08 21:00:00,2022-03-08 22:15:00,1.25,3995,3995,1,3,4931.25,Los Angeles,14.0,2.0,8.166667,19.0,0.0,1.8229166,72.0,54.0,66.114586,0.0,0.0,0.0
7556,2022-03-09 20:15:00,2022-03-09 21:15:00,1.0,4971,4971,1,4,4693.25,Los Angeles,28.0,0.0,8.9625,35.0,0.0,2.3,69.8,53.0,64.020004,0.0,0.0,0.0
7558,2022-03-09 21:30:00,2022-03-09 21:45:00,0.25,3910,3910,1,1,977.5,Los Angeles,28.0,0.0,9.90625,32.0,0.0,4.65625,70.0,53.0,64.5,0.0,0.0,0.0
7560,2022-03-11 16:30:00,2022-03-11 19:15:00,2.75,7383,9410,8,4,14918.25,Los Angeles,19.0,0.0,6.6458335,25.0,0.0,2.296875,73.4,38.0,61.81667,0.0,0.0,0.0
7562,2022-03-13 20:15:00,2022-03-13 21:45:00,1.5,6505,6505,2,3,9725.5,Los Angeles,39.0,0.0,12.026786,47.0,0.0,4.678571,74.0,48.0,64.62857,0.0,0.0,0.0
7564,2022-03-14 16:45:00,2022-03-14 17:30:00,0.75,6644,6644,3,1,4928.5,Los Angeles,14.0,0.0,4.3125,0.0,0.0,0.0,66.2,57.0,59.934376,0.0,0.0,0.0
7566,2022-03-17 01:00:00,2022-03-17 04:00:00,3.0,8120,8210,7,6,16263.5,Los Angeles,22.0,0.0,12.408654,32.0,0.0,8.177885,79.0,46.0,64.62308,0.0,0.0,0.0
7568,2022-03-20 10:00:00,2022-03-20 12:15:00,2.25,5753,6259,2,6,10333.25,Los Angeles,22.0,0.0,9.00625,28.0,0.0,3.20625,56.0,36.0,52.1375,0.7507,0.27,0.004691875
7570,2022-03-23 03:00:00,2022-03-23 03:30:00,0.5,3869,3869,2,1,1931.0,Los Angeles,11.0,0.0,4.6875,0.0,0.0,0.0,78.0,60.0,68.62083,0.0,0.0,0.0
7572,2022-03-23 17:00:00,2022-03-23 17:45:00,0.75,4027,4027,3,1,2995.0,Los Angeles,17.0,0.0,5.21875,25.0,0.0,0.96875,83.0,62.0,74.57188,0.0,0.0,0.0
7574,2022-03-25 02:45:00,2022-03-25 04:30:00,1.75,3983,3983,4,3,6888.5,Los Angeles,11.0,0.0,6.0625,0.0,0.0,0.0,79.0,53.0,66.34688,0.0,0.0,0.0
7577,2022-03-27 21:45:00,2022-03-27 22:00:00,0.25,3867,3867,1,1,966.75,Los Angeles,24.0,3.0,11.3125,32.0,0.0,5.28125,77.0,51.8,65.625,0.0,0.0,0.0
7579,2022-03-27 23:00:00,2022-03-28 05:45:00,6.75,30228,36170,12,13,59466.0,Los Angeles,23.0,0.0,9.926339,33.0,0.0,2.28125,76.0,39.0,58.199104,0.0,0.0,0.0
7582,2022-03-28 18:15:00,2022-03-28 22:45:00,4.5,13843,15204,9,10,32057.5,Los Angeles,21.0,0.0,8.578947,27.0,0.0,2.2072368,66.2,38.0,55.619076,7.7225,0.51,0.02540296
7584,2022-03-29 01:00:00,2022-03-29 05:45:00,4.75,9132,9587,11,9,22910.75,Los Angeles,20.0,0.0,5.7125,26.0,0.0,0.48125,59.0,37.0,53.377495,3.6826,0.39,0.011508125
7586,2022-03-29 07:00:00,2022-03-29 08:00:00,1.0,4364,4364,4,1,4227.75,Los Angeles,18.0,0.0,5.5375,27.0,0.0,0.3375,57.2,37.0,52.432503,0.051000003,0.04,0.0006375
7588,2022-03-29 17:30:00,2022-03-29 23:30:00,6.0,4971,5415,10,15,27736.75,Los Angeles,31.0,0.0,11.74,37.0,0.0,5.07,71.0,39.0,60.947002,0.0,0.0,0.0
7590,2022-03-30 17:45:00,2022-03-30 18:00:00,0.25,4236,4236,1,1,1059.0,Los Angeles,11.0,0.0,3.9375,0.0,0.0,0.0,67.0,53.0,62.175003,0.0,0.0,0.0
7592,2022-03-31 15:45:00,2022-03-31 16:15:00,0.5,4875,4875,2,1,2395.25,Los Angeles,25.0,0.0,4.5625,0.0,0.0,0.0,60.8,41.0,56.50833,0.00029999999,1e-04,6.25e-06
7594,2022-03-31 21:30:00,2022-03-31 21:45:00,0.25,5481,5481,1,1,1370.25,Los Angeles,15.0,0.0,8.5625,17.0,0.0,1.46875,72.0,50.0,62.06875,0.0,0.0,0.0
7596,2022-04-01 23:00:00,2022-04-02 00:30:00,1.5,13305,16062,3,4,18617.75,Los Angeles,15.0,0.0,8.241072,18.0,0.0,1.8303572,79.0,54.0,67.12857,0.0,0.0,0.0
7598,2022-04-04 01:45:00,2022-04-04 02:00:00,0.25,4460,4460,1,1,1115.0,Los Angeles,23.0,5.0,9.84375,27.0,0.0,2.46875,67.0,51.8,60.45,0.0,0.0,0.0
7600,2022-04-05 02:30:00,2022-04-05 02:45:00,0.25,16355,16355,1,1,4088.75,Los Angeles,33.0,0.0,10.15625,44.0,0.0,6.75,74.0,51.0,62.024998,0.0,0.0,0.0
7602,2022-04-06 09:30:00,2022-04-06 09:45:00,0.25,6714,6714,1,1,1678.5,Los Angeles,21.0,0.0,4.15625,0.0,0.0,0.0,81.0,51.0,59.7125,0.0,0.0,0.0
7604,2022-04-07 01:00:00,2022-04-07 02:45:00,1.75,6607,6607,5,3,8444.5,Los Angeles,18.0,0.0,7.1875,0.0,0.0,0.0,93.2,58.0,77.45781,0.0,0.0,0.0
7606,2022-04-07 03:30:00,2022-04-07 04:45:00,1.25,6181,6181,1,4,6533.75,Los Angeles,18.0,0.0,4.8541665,0.0,0.0,0.0,84.2,58.0,71.433334,0.0,0.0,0.0
7608,2022-04-08 01:00:00,2022-04-08 01:30:00,0.5,6159,6159,1,2,2790.75,Los Angeles,20.0,0.0,9.458333,18.0,0.0,0.75,97.0,73.0,86.333336,0.0,0.0,0.0
7610,2022-04-08 18:15:00,2022-04-08 18:45:00,0.5,3960,3960,2,1,1979.5,Los Angeles,11.0,0.0,4.8541665,19.0,0.0,0.7083333,98.6,74.0,89.083336,0.0,0.0,0.0
7612,2022-04-09 20:15:00,2022-04-09 21:45:00,1.5,4512,4512,2,4,6196.75,Los Angeles,28.0,0.0,10.767858,31.0,0.0,3.1964285,86.0,62.0,77.08751,0.0,0.0,0.0
7614,2022-04-10 00:00:00,2022-04-10 00:15:00,0.25,3904,3904,1,1,976.0,Los Angeles,32.0,0.0,13.40625,38.0,0.0,7.09375,83.0,61.0,73.8,0.0,0.0,0.0
7616,2022-04-10 06:45:00,2022-04-10 07:00:00,0.25,49964,49964,1,1,12491.0,Los Angeles,26.0,0.0,8.28125,31.0,0.0,5.5,71.6,50.0,62.1125,0.0,0.0,0.0
7618,2022-04-11 00:00:00,2022-04-11 00:15:00,0.25,4991,4991,1,1,1247.75,Los Angeles,27.0,0.0,11.34375,30.0,0.0,3.25,73.4,55.0,66.425,0.0,0.0,0.0
7620,2022-04-11 03:45:00,2022-04-11 04:00:00,0.25,3845,3845,1,1,961.25,Los Angeles,20.0,0.0,8.5,25.0,0.0,2.15625,64.4,47.0,59.325,0.0,0.0,0.0
7622,2022-04-11 16:45:00,2022-04-11 18:45:00,2.0,16284,20058,6,3,23440.25,Los Angeles,24.0,0.0,9.319445,30.0,0.0,3.3888888,69.8,47.0,61.873615,1e-04,1e-04,6.9444445e-07
7624,2022-04-11 21:00:00,2022-04-11 21:30:00,0.5,29188,29188,1,2,8536.25,Los Angeles,28.0,4.0,13.083333,35.0,0.0,10.270833,67.0,54.0,63.604168,0.0,0.0,0.0
7626,2022-04-12 10:45:00,2022-04-12 11:45:00,1.0,3848,3849,2,2,3840.0,Los Angeles,24.0,0.0,12.9125,42.0,0.0,11.6875,57.0,28.9,49.3775,1e-04,1e-04,1.25e-06
7628,2022-04-12 15:15:00,2022-04-12 18:30:00,3.25,7987,9336,9,5,16717.0,Los Angeles,30.0,0.0,14.495536,46.0,0.0,15.004464,66.2,27.0,54.262505,0.0002,1e-04,8.9285714e-07
7630,2022-04-12 19:45:00,2022-04-13 01:45:00,6.0,10958,12452,12,13,39445.25,Los Angeles,30.0,0.0,16.505,45.0,0.0,15.84,70.0,38.0,61.370995,0.00029999999,1e-04,7.4999997e-07
7632,2022-04-13 04:00:00,2022-04-13 05:00:00,1.0,4349,4353,3,2,4316.0,Los Angeles,20.0,3.0,12.425,28.0,0.0,9.6375,62.6,36.0,55.5625,0.0,0.0,0.0
7634,2022-04-13 20:30:00,2022-04-13 21:15:00,0.75,6232,7827,2,2,4241.75,Los Angeles,22.0,4.0,11.453125,26.0,0.0,3.546875,71.0,48.0,64.4125,0.0,0.0,0.0
7636,2022-04-14 18:30:00,2022-04-14 19:00:00,0.5,7704,7704,1,2,3387.75,Los Angeles,22.0,0.0,7.7708335,26.0,0.0,1.3125,70.0,47.0,64.575005,0.0,0.0,0.0
7638,2022-04-15 01:15:00,2022-04-15 03:00:00,1.75,6635,6857,2,6,10149.25,Los Angeles,22.0,0.0,11.2421875,24.0,0.0,1.9921875,70.0,45.0,60.60625,0.0,0.0,0.0
7640,2022-04-16 20:00:00,2022-04-16 21:30:00,1.5,5937,5937,2,4,7310.25,Los Angeles,27.0,0.0,10.919642,32.0,0.0,5.508929,69.8,49.0,63.89643,0.0,0.0,0.0
7642,2022-04-16 21:45:00,2022-04-16 22:15:00,0.5,5557,5557,2,1,2447.0,Los Angeles,24.0,0.0,12.041667,28.0,0.0,7.8541665,69.8,52.0,64.76666,0.0,0.0,0.0
7644,2022-04-18 18:45:00,2022-04-18 19:30:00,0.75,3921,3921,1,2,2940.5,Los Angeles,17.0,0.0,7.25,21.0,0.0,0.328125,83.0,60.0,71.425,0.0,0.0,0.0
7646,2022-04-19 17:30:00,2022-04-19 18:00:00,0.5,4304,4304,2,1,2112.0,Los Angeles,26.0,0.0,8.270833,31.0,0.0,1.8958334,72.0,53.0,65.879166,0.0,0.0,0.0
7648,2022-04-19 18:30:00,2022-04-19 18:45:00,0.25,4342,4342,1,1,1085.5,Los Angeles,23.0,0.0,10.34375,30.0,0.0,3.5,73.0,57.0,67.793755,0.0,0.0,0.0
7650,2022-04-19 19:45:00,2022-04-19 20:00:00,0.25,4260,4260,1,1,1065.0,Los Angeles,26.0,3.0,11.375,32.0,0.0,7.59375,74.0,57.0,68.34375,0.0,0.0,0.0
7652,2022-04-19 20:45:00,2022-04-19 21:00:00,0.25,3926,3926,1,1,981.5,Los Angeles,22.0,0.0,11.875,31.0,0.0,7.9375,74.0,58.0,68.256256,0.0,0.0,0.0
7654,2022-04-19 22:45:00,2022-04-19 23:00:00,0.25,5058,5058,1,1,1264.5,Los Angeles,27.0,3.0,12.375,33.0,0.0,10.0625,74.0,59.0,68.775,0.0,0.0,0.0
7656,2022-04-21 18:15:00,2022-04-21 18:30:00,0.25,4205,4205,1,1,1051.25,Los Angeles,28.0,0.0,10.21875,31.0,0.0,3.65625,69.8,53.0,63.51875,0.0,0.0,0.0
7658,2022-04-21 18:45:00,2022-04-21 19:00:00,0.25,4151,4151,1,1,1037.75,Los Angeles,27.0,0.0,10.59375,32.0,0.0,4.40625,69.8,56.0,64.1125,0.0,0.0,0.0
7660,2022-04-21 20:30:00,2022-04-21 20:45:00,0.25,3956,3956,1,1,989.0,Los Angeles,23.0,0.0,11.5625,29.0,0.0,8.28125,69.0,58.0,65.4625,0.0,0.0,0.0
7662,2022-04-22 08:30:00,2022-04-22 12:00:00,3.5,10432,13596,8,6,24146.5,Los Angeles,43.0,0.0,11.7875,31.0,0.0,4.366667,60.8,38.0,53.158333,1.7324,0.12,0.007218333
7664,2022-04-22 22:45:00,2022-04-23 01:15:00,2.5,4957,4994,5,5,11025.75,Los Angeles,31.0,6.0,15.829545,38.0,0.0,12.920455,67.0,43.0,60.684093,1e-04,1e-04,5.681818e-07
7666,2022-04-23 01:45:00,2022-04-23 02:30:00,0.75,4308,4308,1,3,3129.0,Los Angeles,25.0,0.0,12.734375,35.0,0.0,7.53125,66.0,44.0,58.387497,0.0,0.0,0.0
7668,2022-04-23 06:30:00,2022-04-23 07:45:00,1.25,3883,3891,2,4,4840.0,Los Angeles,17.0,0.0,7.9791665,30.0,0.0,4.5625,64.4,41.0,54.614582,0.0,0.0,0.0
7670,2022-04-23 23:30:00,2022-04-24 01:00:00,1.5,8705,11426,4,3,11588.25,Los Angeles,19.0,0.0,10.875,28.0,0.0,5.044643,81.0,41.0,68.26072,0.0,0.0,0.0
7672,2022-04-24 09:15:00,2022-04-24 10:30:00,1.25,10963,10963,1,3,13631.0,Los Angeles,14.0,0.0,3.90625,28.0,0.0,1.9375,71.6,41.0,58.058334,0.0,0.0,0.0
7674,2022-04-25 16:30:00,2022-04-25 17:15:00,0.75,5194,5194,3,1,3459.25,Los Angeles,10.0,0.0,4.15625,0.0,0.0,0.0,81.0,57.0,74.10312,0.0,0.0,0.0
7676,2022-04-26 20:00:00,2022-04-26 20:15:00,0.25,5205,5205,1,1,1301.25,Los Angeles,17.0,0.0,8.78125,23.0,0.0,2.65625,82.0,63.0,75.225,0.0,0.0,0.0
7678,2022-04-27 07:45:00,2022-04-27 09:00:00,1.25,8628,8628,2,3,6461.25,Los Angeles,15.0,0.0,6.8541665,16.0,0.0,0.16666667,71.6,50.0,59.902084,0.0,0.0,0.0
7680,2022-04-27 15:30:00,2022-04-27 15:45:00,0.25,3877,3877,1,1,969.25,Los Angeles,20.0,4.0,8.78125,0.0,0.0,0.0,68.0,52.0,60.20625,0.0,0.0,0.0
7682,2022-04-27 17:00:00,2022-04-27 18:00:00,1.0,4837,4837,4,1,4196.5,Los Angeles,20.0,0.0,8.325,26.0,0.0,0.825,73.0,56.0,64.4925,0.0,0.0,0.0
7685,2022-05-02 02:00:00,2022-05-02 02:45:00,0.75,6124,6124,2,2,4325.5,Los Angeles,22.0,0.0,9.140625,30.0,0.0,3.03125,71.6,52.0,62.574997,0.0,0.0,0.0
7687,2022-05-02 07:30:00,2022-05-02 07:45:00,0.25,6762,6762,1,1,1690.5,Los Angeles,17.0,0.0,5.78125,27.0,0.0,1.4375,71.6,52.0,59.987503,0.0,0.0,0.0
7689,2022-05-02 08:00:00,2022-05-02 08:15:00,0.25,6807,6807,1,1,1701.75,Los Angeles,10.0,0.0,4.8125,19.0,0.0,1.1875,64.4,52.0,59.175003,0.0,0.0,0.0
7691,2022-05-02 08:45:00,2022-05-02 09:45:00,1.0,6549,6549,1,4,6505.0,Los Angeles,20.0,0.0,5.0875,24.0,0.0,1.2,64.4,51.0,58.315002,0.0,0.0,0.0
7693,2022-05-03 03:45:00,2022-05-03 04:00:00,0.25,3883,3883,1,1,970.75,Los Angeles,26.0,0.0,8.09375,0.0,0.0,0.0,65.0,52.0,60.05,0.0,0.0,0.0
7695,2022-05-03 04:15:00,2022-05-03 06:45:00,2.5,4558,4650,5,5,10614.75,Los Angeles,26.0,0.0,7.056818,37.0,0.0,1.5170455,65.0,51.0,59.53296,0.0,0.0,0.0
7697,2022-05-05 05:00:00,2022-05-05 05:45:00,0.75,28868,28868,3,1,16853.5,Los Angeles,14.0,0.0,5.21875,0.0,0.0,0.0,75.2,57.0,64.94063,0.0,0.0,0.0
7699,2022-05-05 22:45:00,2022-05-05 23:00:00,0.25,5756,5756,1,1,1439.0,Los Angeles,21.0,3.0,10.0625,26.0,0.0,5.53125,85.0,59.0,74.8375,0.0,0.0,0.0
7701,2022-05-06 18:00:00,2022-05-06 18:15:00,0.25,5114,5114,1,1,1278.5,Los Angeles,24.0,0.0,7.25,27.0,0.0,2.90625,81.0,62.0,71.4,0.0,0.0,0.0
7703,2022-05-08 19:30:00,2022-05-08 23:00:00,3.5,10207,10863,9,5,21931.5,Los Angeles,34.0,3.0,13.479167,40.0,0.0,9.7375,71.0,52.0,64.78667,0.0,0.0,0.0
7706,2022-05-11 16:45:00,2022-05-11 19:00:00,2.25,4572,4696,6,4,9590.25,Los Angeles,30.0,0.0,12.2125,35.0,0.0,8.39375,69.8,35.0,60.338753,0.0,0.0,0.0
7708,2022-05-11 19:30:00,2022-05-11 20:00:00,0.5,4607,4607,1,2,2293.75,Los Angeles,30.0,7.0,16.041666,31.0,0.0,13.854167,71.6,42.0,63.1875,0.0,0.0,0.0
7710,2022-05-12 13:00:00,2022-05-12 13:15:00,0.25,4041,4041,1,1,1010.25,Los Angeles,16.0,0.0,4.96875,23.0,0.0,1.4375,66.2,38.0,53.25,0.0,0.0,0.0
7712,2022-05-12 20:30:00,2022-05-12 21:00:00,0.5,5419,5419,1,2,2641.25,Los Angeles,17.0,0.0,9.5625,19.0,0.0,1.7708334,83.0,64.0,74.700005,0.0,0.0,0.0
7714,2022-05-13 13:30:00,2022-05-13 14:00:00,0.5,3907,3907,2,1,1953.0,Los Angeles,20.0,0.0,4.5208335,34.0,0.0,2.7291667,71.6,45.0,62.166668,0.0,0.0,0.0
7716,2022-05-13 14:15:00,2022-05-13 14:30:00,0.25,3828,3828,1,1,957.0,Los Angeles,20.0,0.0,4.6875,34.0,0.0,2.125,73.0,49.0,63.5125,0.0,0.0,0.0
7718,2022-05-13 14:45:00,2022-05-13 15:00:00,0.25,3820,3820,1,1,955.0,Los Angeles,18.0,0.0,3.6875,36.0,0.0,3.71875,73.0,51.0,66.3,0.0,0.0,0.0
7720,2022-05-13 16:15:00,2022-05-13 16:45:00,0.5,4423,4423,2,1,2089.5,Los Angeles,12.0,0.0,4.5833335,24.0,0.0,0.5,81.0,54.0,70.75833,0.0,0.0,0.0
7722,2022-05-13 21:15:00,2022-05-13 21:45:00,0.5,6471,6471,1,2,3131.25,Los Angeles,19.0,0.0,8.958333,19.0,0.0,2.1041667,94.0,67.0,81.74167,0.0,0.0,0.0
7724,2022-05-13 22:00:00,2022-05-13 22:45:00,0.75,5158,5158,1,3,3806.25,Los Angeles,19.0,0.0,9.984375,19.0,0.0,2.265625,94.0,67.0,82.05,0.0,0.0,0.0
7726,2022-05-14 18:00:00,2022-05-14 18:15:00,0.25,4318,4318,1,1,1079.5,Los Angeles,11.0,0.0,5.65625,0.0,0.0,0.0,90.0,72.0,81.350006,0.0,0.0,0.0
7728,2022-05-15 15:30:00,2022-05-15 16:15:00,0.75,15919,15919,2,2,8406.5,Los Angeles,10.0,0.0,3.828125,0.0,0.0,0.0,75.2,58.0,70.674995,0.0,0.0,0.0
7730,2022-05-16 19:45:00,2022-05-17 00:30:00,4.75,5269,5344,4,16,21488.5,Los Angeles,30.0,0.0,11.459375,36.0,0.0,5.934375,89.0,60.0,72.08875,0.0,0.0,0.0
7732,2022-05-17 06:15:00,2022-05-17 06:30:00,0.25,4916,4916,1,1,1229.0,Los Angeles,18.0,0.0,6.8125,26.0,0.0,1.625,69.0,51.0,61.45,0.0,0.0,0.0
7734,2022-05-17 08:45:00,2022-05-17 09:15:00,0.5,4962,4962,1,1,2481.0,Los Angeles,22.0,0.0,6.125,26.0,0.0,1.0416666,68.0,53.0,59.129166,0.0,0.0,0.0
7736,2022-05-17 17:30:00,2022-05-17 17:45:00,0.25,3842,3842,1,1,960.5,Los Angeles,22.0,0.0,7.03125,19.0,0.0,2.03125,81.0,57.0,64.5625,0.0,0.0,0.0
7738,2022-05-17 19:45:00,2022-05-17 21:30:00,1.75,19624,19625,3,5,34076.0,Los Angeles,28.0,0.0,9.2734375,33.0,0.0,3.1484375,87.0,56.0,70.25938,0.0,0.0,0.0
7741,2022-05-18 15:30:00,2022-05-18 15:45:00,0.25,8703,8703,1,1,2175.75,Los Angeles,8.0,0.0,3.625,0.0,0.0,0.0,79.0,52.0,62.2625,0.0,0.0,0.0
7743,2022-05-18 21:00:00,2022-05-18 22:00:00,1.0,6381,6553,3,2,6275.75,Los Angeles,13.0,0.0,7.2875,19.0,0.0,2.275,95.0,60.0,73.009995,0.0,0.0,0.0
7745,2022-05-19 09:00:00,2022-05-19 09:30:00,0.5,4808,4808,1,1,2404.0,Los Angeles,14.0,0.0,4.0208335,0.0,0.0,0.0,74.0,53.0,61.1125,0.0,0.0,0.0
7747,2022-05-19 09:45:00,2022-05-19 11:00:00,1.25,4481,4504,4,2,5376.75,Los Angeles,18.0,0.0,4.4479165,0.0,0.0,0.0,73.0,53.0,60.564587,0.0,0.0,0.0
7749,2022-05-19 11:15:00,2022-05-19 11:30:00,0.25,4045,4045,1,1,1011.25,Los Angeles,15.0,0.0,4.4375,0.0,0.0,0.0,72.0,52.0,60.41875,0.0,0.0,0.0
7751,2022-05-19 12:30:00,2022-05-19 12:45:00,0.25,3827,3827,1,1,956.75,Los Angeles,16.0,0.0,4.1875,0.0,0.0,0.0,73.0,52.0,60.45,0.0,0.0,0.0
7753,2022-05-19 13:15:00,2022-05-19 14:15:00,1.0,7897,7897,4,1,6978.75,Los Angeles,19.0,0.0,4.325,21.0,0.0,0.5,75.0,52.0,60.725,0.0,0.0,0.0
7755,2022-05-19 16:45:00,2022-05-19 17:15:00,0.5,4176,4176,2,1,2012.25,Los Angeles,23.0,0.0,6.1458335,21.0,0.0,0.4375,84.0,55.0,64.041664,0.0,0.0,0.0
7757,2022-05-19 17:30:00,2022-05-19 17:45:00,0.25,4428,4428,1,1,1107.0,Los Angeles,21.0,0.0,6.40625,30.0,0.0,0.9375,87.0,58.0,65.59375,0.0,0.0,0.0
7759,2022-05-19 18:15:00,2022-05-19 18:30:00,0.25,4623,4623,1,1,1155.75,Los Angeles,22.0,0.0,6.6875,30.0,0.0,3.53125,87.0,58.0,66.39375,0.0,0.0,0.0
7761,2022-05-19 18:45:00,2022-05-19 19:00:00,0.25,6622,6622,1,1,1655.5,Los Angeles,24.0,0.0,8.25,38.0,0.0,6.40625,90.0,58.0,67.8125,0.0,0.0,0.0
7763,2022-05-19 19:15:00,2022-05-19 19:30:00,0.25,6388,6388,1,1,1597.0,Los Angeles,24.0,0.0,8.75,38.0,0.0,4.65625,90.0,58.0,68.35,0.0,0.0,0.0
7765,2022-05-19 20:00:00,2022-05-19 20:15:00,0.25,6236,6236,1,1,1559.0,Los Angeles,26.0,0.0,8.8125,32.0,0.0,4.28125,94.0,58.0,69.59375,0.0,0.0,0.0
7767,2022-05-19 23:15:00,2022-05-19 23:45:00,0.5,5156,5156,1,2,2492.0,Los Angeles,33.0,0.0,11.520833,39.0,0.0,5.2708335,92.0,57.0,70.53333,0.0,0.0,0.0
7770,2022-05-21 18:30:00,2022-05-21 22:30:00,4.0,48261,48293,5,10,45002.75,Los Angeles,20.0,0.0,7.8933825,20.0,0.0,1.2169118,81.0,57.0,68.21544,0.0,0.0,0.0
7772,2022-05-22 06:30:00,2022-05-22 08:00:00,1.5,3956,3956,1,3,5917.5,Los Angeles,15.0,0.0,5.839286,0.0,0.0,0.0,64.4,50.0,59.98393,0.0,0.0,0.0
7774,2022-05-22 18:15:00,2022-05-22 19:15:00,1.0,4403,4403,3,2,4286.75,Los Angeles,15.0,0.0,7.45,15.0,0.0,0.75,82.0,56.0,68.225,0.0,0.0,0.0
7776,2022-05-22 19:45:00,2022-05-22 20:00:00,0.25,4389,4389,1,1,1097.25,Los Angeles,16.0,5.0,9.875,19.0,0.0,4.21875,85.0,57.0,69.725,0.0,0.0,0.0
7778,2022-05-22 20:15:00,2022-05-22 20:30:00,0.25,3908,3908,1,1,977.0,Los Angeles,16.0,4.0,10.3125,23.0,0.0,3.34375,85.0,57.0,69.95625,0.0,0.0,0.0
7780,2022-05-22 21:30:00,2022-05-22 22:15:00,0.75,5163,5164,2,2,3871.5,Los Angeles,22.0,6.0,11.296875,28.0,0.0,7.6875,87.0,57.0,70.66875,0.0,0.0,0.0
7782,2022-05-23 17:30:00,2022-05-23 17:45:00,0.25,5556,5556,1,1,1389.0,Los Angeles,9.0,0.0,5.03125,0.0,0.0,0.0,85.0,57.0,64.925,0.0,0.0,0.0
7784,2022-05-23 18:45:00,2022-05-23 19:15:00,0.5,5527,5527,2,1,2763.25,Los Angeles,11.0,0.0,5.8333335,22.0,0.0,2.5625,88.0,58.0,67.35833,0.0,0.0,0.0
7786,2022-05-23 20:45:00,2022-05-23 21:15:00,0.5,4642,4642,2,1,2320.75,Los Angeles,18.0,0.0,8.395833,21.0,0.0,3.7708333,90.0,59.0,71.100006,0.0,0.0,0.0
7788,2022-05-23 21:30:00,2022-05-23 22:00:00,0.5,4692,4692,1,2,2341.75,Los Angeles,18.0,0.0,8.375,14.0,0.0,0.29166666,91.0,59.0,71.68334,0.0,0.0,0.0
7790,2022-05-23 22:30:00,2022-05-23 23:00:00,0.5,7908,7908,1,2,3062.0,Los Angeles,22.0,4.0,9.6875,29.0,0.0,3.6041667,91.0,59.0,71.72083,0.0,0.0,0.0
7792,2022-05-24 04:00:00,2022-05-24 04:30:00,0.5,6555,6555,2,1,3181.5,Los Angeles,15.0,0.0,6.0,20.0,0.0,1.25,75.0,53.0,62.995834,0.0,0.0,0.0
7794,2022-05-26 19:45:00,2022-05-26 20:45:00,1.0,4361,4361,3,2,4231.25,Los Angeles,21.0,0.0,11.225,27.0,0.0,5.775,92.0,62.0,75.03,0.0,0.0,0.0
7796,2022-05-27 14:30:00,2022-05-27 15:15:00,0.75,6312,6312,1,2,4683.5,Los Angeles,15.0,0.0,5.578125,0.0,0.0,0.0,73.0,55.0,61.965626,0.0,0.0,0.0
7799,2022-05-31 17:30:00,2022-05-31 18:00:00,0.5,7522,7522,1,2,3760.75,Los Angeles,15.0,0.0,7.3333335,21.0,0.0,2.7916667,76.0,62.0,69.458336,0.0,0.0,0.0
7801,2022-05-31 19:45:00,2022-05-31 20:00:00,0.25,4002,4002,1,1,1000.5,Los Angeles,13.0,3.0,7.78125,17.0,0.0,1.0,81.0,65.0,73.350006,0.0,0.0,0.0
7803,2022-06-01 18:15:00,2022-06-01 18:45:00,0.5,3955,3955,2,1,1977.25,Los Angeles,16.0,0.0,7.0625,23.0,0.0,1.75,86.0,64.0,76.612495,0.0,0.0,0.0
7805,2022-06-01 19:45:00,2022-06-01 20:00:00,0.25,4735,4735,1,1,1183.75,Los Angeles,13.0,0.0,8.125,17.0,0.0,1.0,90.0,65.0,79.575005,1e-04,1e-04,3.125e-06
7807,2022-06-01 21:30:00,2022-06-01 21:45:00,0.25,3833,3833,1,1,958.25,Los Angeles,14.0,3.0,9.34375,27.0,0.0,3.5625,93.0,64.0,79.9875,0.0,0.0,0.0
7809,2022-06-01 22:00:00,2022-06-01 22:15:00,0.25,3978,3978,1,1,994.5,Los Angeles,14.0,3.0,9.34375,27.0,0.0,3.125,93.0,64.0,80.2625,0.0,0.0,0.0
7811,2022-06-02 02:15:00,2022-06-02 03:00:00,0.75,36421,36421,3,1,18962.0,Los Angeles,18.0,0.0,8.15625,23.0,0.0,1.0,85.0,60.0,72.168755,0.0,0.0,0.0
7813,2022-06-02 18:45:00,2022-06-02 19:00:00,0.25,4129,4129,1,1,1032.25,Los Angeles,11.0,0.0,7.15625,22.0,0.0,2.4375,89.0,63.0,76.1375,0.0,0.0,0.0
7815,2022-06-03 13:15:00,2022-06-03 13:30:00,0.25,4622,4622,1,1,1155.5,Los Angeles,18.0,0.0,5.25,28.0,0.0,1.75,68.0,53.0,61.350002,0.0,0.0,0.0
7817,2022-06-03 13:45:00,2022-06-03 14:15:00,0.5,4536,4536,1,2,2265.0,Los Angeles,20.0,0.0,4.8333335,16.0,0.0,1.0,71.0,53.0,62.120834,0.0,0.0,0.0
7819,2022-06-03 21:00:00,2022-06-03 21:15:00,0.25,3864,3864,1,1,966.0,Los Angeles,22.0,5.0,9.9375,29.0,0.0,7.03125,90.0,62.0,73.8625,0.0,0.0,0.0
7821,2022-06-04 08:30:00,2022-06-04 10:00:00,1.5,4531,4531,1,2,6740.5,Los Angeles,24.0,0.0,5.589286,33.0,0.0,3.3035715,69.0,54.0,62.173214,0.0,0.0,0.0
7823,2022-06-06 21:30:00,2022-06-06 22:15:00,0.75,6535,6535,2,2,4344.0,Los Angeles,23.0,4.0,11.21875,33.0,0.0,5.0,92.0,61.0,77.537506,0.00029999999,1e-04,4.6874998e-06
7825,2022-06-07 20:45:00,2022-06-07 22:00:00,1.25,15595,18878,2,4,15282.5,Los Angeles,17.0,0.0,9.354167,18.0,0.0,2.6145833,99.0,63.0,79.25,0.0,0.0,0.0
7827,2022-06-07 22:15:00,2022-06-08 00:45:00,2.5,15646,17859,5,6,18979.25,Los Angeles,27.0,3.0,10.556818,32.0,0.0,3.909091,99.0,60.0,78.24319,0.0,0.0,0.0
7829,2022-06-08 01:00:00,2022-06-08 01:45:00,0.75,6462,6462,1,3,4633.25,Los Angeles,30.0,2.0,10.96875,35.0,0.0,1.703125,93.0,59.0,75.19063,0.0,0.0,0.0
7831,2022-06-08 17:15:00,2022-06-08 18:00:00,0.75,4395,4395,3,1,3219.25,Los Angeles,19.0,0.0,6.078125,30.0,0.0,1.8125,89.0,61.0,73.24375,0.0,0.0,0.0
7833,2022-06-09 01:45:00,2022-06-09 02:00:00,0.25,7426,7426,1,1,1856.5,Los Angeles,24.0,0.0,9.5625,28.0,0.0,2.3125,89.0,60.0,73.8375,0.0,0.0,0.0
7835,2022-06-10 00:15:00,2022-06-10 01:00:00,0.75,3920,3920,2,2,2937.5,Los Angeles,21.0,0.0,8.859375,22.0,0.0,1.59375,100.0,64.0,79.37188,0.0,0.0,0.0
7837,2022-06-10 07:00:00,2022-06-10 07:45:00,0.75,4519,4519,1,1,3389.25,Los Angeles,12.0,0.0,4.359375,16.0,0.0,1.0,86.0,61.0,70.693756,0.0,0.0,0.0
7839,2022-06-12 23:15:00,2022-06-13 00:15:00,1.0,3843,3843,2,1,3826.5,Los Angeles,23.0,2.0,11.4125,32.0,0.0,5.5875,92.0,63.0,77.5575,0.0,0.0,0.0
7841,2022-06-15 18:45:00,2022-06-15 19:15:00,0.5,26166,26166,1,2,13082.75,Los Angeles,14.0,0.0,5.8333335,0.0,0.0,0.0,89.0,66.0,78.35,0.0,0.0,0.0
7843,2022-06-16 18:45:00,2022-06-16 19:00:00,0.25,4436,4436,1,1,1109.0,Los Angeles,17.0,0.0,6.65625,24.0,0.0,3.34375,98.0,65.0,78.55625,0.0,0.0,0.0
7845,2022-06-16 19:45:00,2022-06-16 20:00:00,0.25,4116,4116,1,1,1029.0,Los Angeles,22.0,0.0,8.4375,28.0,0.0,3.78125,98.0,66.0,80.837494,0.0,0.0,0.0
7847,2022-06-16 20:45:00,2022-06-16 21:00:00,0.25,6061,6061,1,1,1515.25,Los Angeles,21.0,2.0,10.5,38.0,0.0,5.28125,98.0,64.0,80.7625,0.0,0.0,0.0
7849,2022-06-18 20:15:00,2022-06-18 20:30:00,0.25,4035,4035,1,1,1008.75,Los Angeles,22.0,3.0,9.71875,23.0,0.0,5.6875,78.8,61.0,73.0,0.0,0.0,0.0
7851,2022-06-20 16:45:00,2022-06-20 17:15:00,0.5,5440,5440,1,1,2720.0,Los Angeles,19.0,0.0,4.7708335,30.0,0.0,1.875,83.0,70.0,77.3,0.0,0.0,0.0
7853,2022-06-21 02:00:00,2022-06-21 11:30:00,9.5,6515,7784,17,20,56255.75,Los Angeles,14.0,0.0,5.05609,16.0,0.0,0.025641026,95.0,57.0,73.27211,0.0,0.0,0.0
7855,2022-06-22 10:30:00,2022-06-23 03:15:00,16.75,93099,210438,33,34,350484.5,Los Angeles,20.0,0.0,6.647059,35.0,0.0,1.03125,97.0,57.0,73.40698,2.3749,0.24,0.0021828127
7857,2022-06-23 03:30:00,2022-06-23 04:45:00,1.25,15224,15249,2,4,17941.25,Los Angeles,17.0,0.0,6.5833335,27.0,0.0,0.5520833,85.0,59.0,72.018745,1e-04,1e-04,1.0416667e-06
7859,2022-06-23 17:00:00,2022-06-23 19:15:00,2.25,4243,4765,4,5,9189.5,Los Angeles,16.0,0.0,6.50625,20.0,0.0,0.4625,96.0,62.0,78.68001,0.0,0.0,0.0
7861,2022-06-23 20:00:00,2022-06-23 21:00:00,1.0,8064,8064,3,1,4968.5,Los Angeles,16.0,0.0,8.7625,27.0,0.0,2.3625,98.0,63.0,82.8925,0.0,0.0,0.0
7863,2022-06-23 21:15:00,2022-06-23 21:45:00,0.5,3960,3960,1,2,1976.0,Los Angeles,17.0,0.0,10.333333,27.0,0.0,3.6041667,100.0,63.0,83.683334,0.0,0.0,0.0
7865,2022-06-23 23:45:00,2022-06-24 00:00:00,0.25,4086,4086,1,1,1021.5,Los Angeles,18.0,3.0,11.6875,27.0,0.0,5.46875,96.0,64.0,82.125,0.0,0.0,0.0
7867,2022-06-24 03:15:00,2022-06-24 04:15:00,1.0,7138,7378,2,3,6314.75,Los Angeles,16.0,0.0,8.2875,0.0,0.0,0.0,88.0,60.0,74.270004,0.0,0.0,0.0
7869,2022-06-27 07:15:00,2022-06-27 07:45:00,0.5,17430,17430,1,1,8715.0,Los Angeles,20.0,0.0,6.625,28.0,0.0,3.0,83.0,59.0,71.82083,0.0,0.0,0.0
7871,2022-06-27 18:30:00,2022-06-28 02:30:00,8.0,10308,18293,19,13,46488.75,Los Angeles,21.0,0.0,9.621212,27.0,0.0,2.155303,104.0,61.0,86.178795,0.0,0.0,0.0
7873,2022-06-28 03:45:00,2022-06-28 04:00:00,0.25,4449,4449,1,1,1112.25,Los Angeles,15.0,0.0,7.0625,20.0,0.0,0.625,90.0,59.0,76.9375,0.0,0.0,0.0
7875,2022-06-28 08:45:00,2022-06-28 14:15:00,5.5,7430,7598,5,12,27745.25,Los Angeles,18.0,0.0,3.4483695,26.0,0.0,0.8831522,89.6,59.0,70.26848,0.0,0.0,0.0
7877,2022-06-29 05:45:00,2022-06-29 06:00:00,0.25,4724,4724,1,1,1181.0,Los Angeles,12.0,0.0,6.1875,0.0,0.0,0.0,84.2,60.0,73.3125,0.0,0.0,0.0
7879,2022-06-29 22:15:00,2022-06-29 22:30:00,0.25,5808,5808,1,1,1452.0,Los Angeles,20.0,4.0,10.0625,25.0,0.0,5.125,97.0,68.0,85.06875,0.0,0.0,0.0
7881,2022-06-30 23:00:00,2022-06-30 23:30:00,0.5,5987,5987,1,2,2944.75,Los Angeles,21.0,3.0,11.145833,25.0,0.0,5.75,95.0,66.0,82.987495,0.0,0.0,0.0
7883,2022-07-01 07:45:00,2022-07-01 08:45:00,1.0,4342,4342,2,2,4291.75,Los Angeles,14.0,0.0,5.225,15.0,0.0,0.1875,82.4,59.0,69.380005,0.0,0.0,0.0
7885,2022-07-01 19:30:00,2022-07-01 23:45:00,4.25,5414,6257,11,7,21197.75,Los Angeles,22.0,0.0,10.638889,30.0,0.0,5.2916665,94.0,64.0,81.24653,0.0,0.0,0.0
7887,2022-07-02 17:00:00,2022-07-02 18:00:00,1.0,4435,4820,3,2,4276.5,Los Angeles,18.0,0.0,7.35,25.0,0.0,1.8625,87.0,62.0,74.2025,0.0,0.0,0.0
7889,2022-07-04 16:00:00,2022-07-04 16:45:00,0.75,4856,4856,2,1,3641.5,Los Angeles,21.0,0.0,6.265625,18.0,0.0,0.78125,78.0,59.0,66.96562,0.0,0.0,0.0
7891,2022-07-06 01:30:00,2022-07-06 01:45:00,0.25,4744,4744,1,1,1186.0,Los Angeles,19.0,3.0,11.28125,23.0,0.0,2.46875,84.0,60.8,73.24375,0.0,0.0,0.0
7893,2022-07-06 03:30:00,2022-07-06 03:45:00,0.25,5236,5236,1,1,1309.0,Los Angeles,15.0,3.0,9.1875,19.0,0.0,1.78125,76.0,59.0,69.15,0.0,0.0,0.0
7895,2022-07-06 05:45:00,2022-07-06 06:00:00,0.25,4339,4339,1,1,1084.75,Los Angeles,15.0,0.0,7.90625,19.0,0.0,1.1875,73.4,59.0,68.15,0.0,0.0,0.0
7897,2022-07-07 16:15:00,2022-07-07 16:45:00,0.5,3948,3948,2,1,1973.75,Los Angeles,9.0,0.0,3.8958333,0.0,0.0,0.0,84.0,64.0,72.933334,0.0,0.0,0.0
7899,2022-07-09 11:15:00,2022-07-09 12:30:00,1.25,6079,6120,2,3,6696.75,Los Angeles,13.0,0.0,3.5729167,0.0,0.0,0.0,73.0,56.0,64.50833,0.0,0.0,0.0
7901,2022-07-12 08:45:00,2022-07-12 09:30:00,0.75,3895,3895,2,1,2921.0,Los Angeles,16.0,0.0,4.0,21.0,0.0,0.328125,78.0,56.0,64.52812,0.0,0.0,0.0
7903,2022-07-12 09:45:00,2022-07-12 10:15:00,0.5,3885,3885,1,2,1942.25,Los Angeles,11.0,0.0,3.7916667,0.0,0.0,0.0,77.0,56.0,64.162506,0.0,0.0,0.0
7905,2022-07-14 13:45:00,2022-07-14 14:15:00,0.5,5554,5554,2,1,2712.0,Los Angeles,6.0,0.0,2.3958333,0.0,0.0,0.0,77.0,59.0,66.025,0.0,0.0,0.0
7907,2022-07-14 20:00:00,2022-07-14 23:45:00,3.75,12122,12697,8,8,26230.25,Los Angeles,20.0,0.0,9.011719,23.0,0.0,2.625,106.0,63.0,80.112495,0.0,0.0,0.0
7909,2022-07-15 05:00:00,2022-07-15 05:15:00,0.25,6421,6421,1,1,1605.25,Los Angeles,14.0,0.0,6.28125,16.0,0.0,0.5,86.0,60.0,71.76875,0.0,0.0,0.0
7911,2022-07-15 17:00:00,2022-07-15 18:15:00,1.25,4462,4462,3,2,5463.5,Los Angeles,14.0,0.0,5.7708335,17.0,0.0,0.53125,99.0,63.0,77.65625,0.0,0.0,0.0
7913,2022-07-19 08:45:00,2022-07-19 11:00:00,2.25,6361,6361,2,6,12317.25,Los Angeles,11.0,0.0,3.94375,21.0,0.0,0.13125,81.0,62.0,70.55625,0.0,0.0,0.0
7915,2022-07-19 14:30:00,2022-07-19 17:15:00,2.75,21468,36006,5,7,47132.25,Los Angeles,11.0,0.0,4.28125,19.0,0.0,0.39583334,94.0,63.0,75.737495,0.0,0.0,0.0
7917,2022-07-19 18:45:00,2022-07-19 20:00:00,1.25,4205,4226,4,2,5212.75,Los Angeles,17.0,0.0,8.625,23.0,0.0,2.1875,101.0,67.0,84.191666,0.0,0.0,0.0
7919,2022-07-19 23:30:00,2022-07-20 02:30:00,3.0,5733,6796,4,8,14325.5,Los Angeles,23.0,0.0,9.918269,29.0,0.0,1.3942307,100.0,66.0,83.20865,0.0,0.0,0.0
7921,2022-07-20 02:45:00,2022-07-20 03:15:00,0.5,4074,4074,2,1,1979.5,Los Angeles,20.0,0.0,8.0,22.0,0.0,0.8958333,90.0,64.0,78.5375,0.0,0.0,0.0
7923,2022-07-20 07:00:00,2022-07-20 08:00:00,1.0,3877,3877,1,3,3875.25,Los Angeles,12.0,0.0,5.6875,21.0,0.0,1.3125,86.0,63.0,74.35,0.0,0.0,0.0
7925,2022-07-20 17:45:00,2022-07-20 18:00:00,0.25,4669,4669,1,1,1167.25,Los Angeles,19.0,0.0,7.5,23.0,0.0,0.71875,98.0,68.0,81.2625,0.0,0.0,0.0
7927,2022-07-20 19:15:00,2022-07-20 19:45:00,0.5,4872,4872,2,1,2435.5,Los Angeles,22.0,0.0,8.520833,28.0,0.0,1.6666666,99.0,68.0,82.82084,0.0,0.0,0.0
7929,2022-07-22 23:00:00,2022-07-22 23:45:00,0.75,4767,4767,2,2,3426.0,Los Angeles,27.0,3.0,11.4375,34.0,0.0,4.90625,104.0,65.0,82.96562,0.0,0.0,0.0
7931,2022-07-24 04:30:00,2022-07-24 07:30:00,3.0,6590,6593,3,5,12907.5,Los Angeles,17.0,0.0,6.668269,15.0,0.0,0.9375,88.0,60.0,70.36154,0.0,0.0,0.0
7933,2022-07-24 08:15:00,2022-07-24 09:15:00,1.0,4137,4137,1,1,4137.0,Los Angeles,11.0,0.0,4.225,15.0,0.0,0.5625,81.0,60.0,68.7575,0.0,0.0,0.0
7935,2022-07-25 16:00:00,2022-07-25 18:00:00,2.0,6130,6447,7,2,9023.75,Los Angeles,14.0,0.0,4.236111,0.0,0.0,0.0,96.0,61.0,74.0361,0.0,0.0,0.0
7937,2022-07-25 19:15:00,2022-07-25 19:30:00,0.25,3800,3800,1,1,950.0,Los Angeles,14.0,0.0,7.0625,15.0,0.0,0.46875,98.0,66.0,80.08125,0.0,0.0,0.0
7939,2022-07-25 19:45:00,2022-07-25 20:30:00,0.75,9210,9210,2,2,5164.5,Los Angeles,15.0,4.0,8.625,19.0,0.0,1.828125,99.0,66.0,81.12187,0.0,0.0,0.0
7941,2022-07-25 21:45:00,2022-07-25 22:00:00,0.25,5625,5625,1,1,1406.25,Los Angeles,15.0,4.0,10.53125,20.0,0.0,4.8125,99.0,65.0,82.100006,0.0,0.0,0.0
7943,2022-07-26 00:00:00,2022-07-26 00:45:00,0.75,4411,4411,1,3,3139.5,Los Angeles,18.0,4.0,11.609375,24.0,0.0,2.765625,99.0,61.0,79.31563,0.0,0.0,0.0
7945,2022-07-26 01:00:00,2022-07-26 01:15:00,0.25,6340,6340,1,1,1585.0,Los Angeles,19.0,5.0,11.40625,24.0,0.0,3.84375,96.0,61.0,78.0125,0.0,0.0,0.0
7947,2022-07-26 08:15:00,2022-07-26 08:30:00,0.25,4534,4534,1,1,1133.5,Los Angeles,13.0,0.0,6.125,0.0,0.0,0.0,80.0,56.0,67.81875,0.0,0.0,0.0
7949,2022-07-26 15:30:00,2022-07-26 16:15:00,0.75,5802,5802,1,3,3672.75,Los Angeles,9.0,0.0,3.671875,0.0,0.0,0.0,86.0,59.0,70.22812,0.0,0.0,0.0
7951,2022-07-26 16:30:00,2022-07-26 20:30:00,4.0,11578,13540,7,10,29644.5,Los Angeles,15.0,0.0,6.5183825,23.0,0.0,1.5330882,99.0,61.0,77.377945,0.0,0.0,0.0
7953,2022-07-26 21:30:00,2022-07-26 21:45:00,0.25,4897,4897,1,1,1224.25,Los Angeles,18.0,5.0,11.25,22.0,0.0,3.3125,99.0,65.0,81.3375,0.0,0.0,0.0
7955,2022-07-26 23:45:00,2022-07-27 00:30:00,0.75,6263,6263,2,2,3678.0,Los Angeles,22.0,0.0,12.125,29.0,0.0,5.96875,95.0,65.0,79.015625,0.0,0.0,0.0
7957,2022-07-27 01:15:00,2022-07-27 03:15:00,2.0,6991,7739,4,5,11133.0,Los Angeles,22.0,0.0,9.993055,28.0,0.0,2.9444444,94.0,58.0,74.147224,0.0,0.0,0.0
7959,2022-07-27 04:45:00,2022-07-27 05:30:00,0.75,4053,4053,2,2,3018.75,Los Angeles,15.0,0.0,7.59375,0.0,0.0,0.0,83.0,57.0,69.90625,0.0,0.0,0.0
7961,2022-07-27 06:15:00,2022-07-27 11:15:00,5.0,5862,6424,7,10,27079.0,Los Angeles,15.0,0.0,5.241071,0.0,0.0,0.0,83.0,55.0,67.2619,0.0,0.0,0.0
7963,2022-07-28 17:45:00,2022-07-28 18:15:00,0.5,4210,4210,1,1,2105.0,Los Angeles,12.0,0.0,5.4375,20.0,0.0,1.5416666,97.0,62.0,76.487495,0.0,0.0,0.0
7965,2022-07-28 19:30:00,2022-07-28 20:30:00,1.0,5284,5284,4,1,4794.25,Los Angeles,13.0,0.0,6.775,19.0,0.0,1.2625,98.0,63.0,81.3325,0.0,0.0,0.0
7967,2022-07-28 20:45:00,2022-07-28 21:00:00,0.25,5060,5060,1,1,1265.0,Los Angeles,12.0,0.0,6.6875,14.0,0.0,0.4375,100.0,64.0,82.425,0.0,0.0,0.0
7969,2022-07-29 05:30:00,2022-07-29 05:45:00,0.25,3877,3877,1,1,969.25,Los Angeles,12.0,0.0,6.1875,22.0,0.0,0.6875,84.0,60.0,72.2125,0.0,0.0,0.0
7971,2022-07-29 18:00:00,2022-07-29 18:15:00,0.25,5332,5332,1,1,1333.0,Los Angeles,11.0,0.0,4.90625,0.0,0.0,0.0,95.0,64.0,78.8,0.0,0.0,0.0
7973,2022-07-31 21:15:00,2022-07-31 23:30:00,2.25,11146,11377,5,4,23058.0,Los Angeles,21.0,0.0,9.8375,26.0,0.0,3.2875,98.0,68.0,84.55375,0.0,0.0,0.0
7975,2022-08-01 11:15:00,2022-08-01 11:45:00,0.5,4601,4601,2,1,2276.0,Los Angeles,7.0,0.0,2.6666667,0.0,0.0,0.0,78.0,63.0,71.17083,0.0,0.0,0.0
7977,2022-08-01 14:45:00,2022-08-01 15:15:00,0.5,4577,4577,2,1,2287.5,Los Angeles,10.0,0.0,4.125,0.0,0.0,0.0,79.0,64.0,73.325005,0.0,0.0,0.0
7979,2022-08-01 17:00:00,2022-08-01 17:15:00,0.25,6121,6121,1,1,1530.25,Los Angeles,11.0,0.0,5.125,0.0,0.0,0.0,88.0,67.0,77.8375,0.0,0.0,0.0
7981,2022-08-01 18:00:00,2022-08-01 18:15:00,0.25,6002,6002,1,1,1500.5,Los Angeles,12.0,0.0,6.6875,15.0,0.0,1.875,89.0,67.0,79.7875,0.0,0.0,0.0
7983,2022-08-01 23:45:00,2022-08-02 00:15:00,0.5,4492,4492,1,1,2246.0,Los Angeles,19.0,4.0,11.75,27.0,0.0,4.875,97.0,67.0,83.175,0.0,0.0,0.0
7985,2022-08-04 16:15:00,2022-08-04 16:30:00,0.25,4797,4797,1,1,1199.25,Los Angeles,15.0,0.0,4.25,0.0,0.0,0.0,88.0,67.0,75.524994,0.0,0.0,0.0
7987,2022-08-04 18:45:00,2022-08-04 19:45:00,1.0,5347,5347,2,3,5058.5,Los Angeles,14.0,0.0,7.3125,17.0,0.0,1.2625,97.0,69.0,81.335,0.0,0.0,0.0
7989,2022-08-05 10:00:00,2022-08-05 10:30:00,0.5,6368,6368,1,1,3184.0,Los Angeles,11.0,0.0,2.7708333,0.0,0.0,0.0,78.0,65.0,70.137505,0.0,0.0,0.0
7991,2022-08-06 04:45:00,2022-08-06 05:00:00,0.25,7260,7260,1,1,1815.0,Los Angeles,12.0,0.0,6.90625,0.0,0.0,0.0,84.2,62.0,72.45625,0.0,0.0,0.0
7993,2022-08-06 06:45:00,2022-08-06 07:00:00,0.25,4502,4502,1,1,1125.5,Los Angeles,13.0,0.0,5.53125,0.0,0.0,0.0,84.2,64.0,71.55,0.0,0.0,0.0
7995,2022-08-06 08:30:00,2022-08-06 09:30:00,1.0,4134,4134,3,1,4132.75,Los Angeles,10.0,0.0,3.7,0.0,0.0,0.0,84.2,64.0,69.384995,0.0,0.0,0.0
7997,2022-08-06 15:45:00,2022-08-06 16:00:00,0.25,3907,3907,1,1,976.75,Los Angeles,10.0,0.0,2.96875,0.0,0.0,0.0,80.0,69.0,74.9375,0.0,0.0,0.0
7999,2022-08-06 16:45:00,2022-08-06 17:00:00,0.25,4108,4108,1,1,1027.0,Los Angeles,10.0,0.0,4.125,0.0,0.0,0.0,87.0,69.0,78.5125,0.0,0.0,0.0
8001,2022-08-06 19:00:00,2022-08-06 19:30:00,0.5,4606,4606,1,2,2232.0,Los Angeles,15.0,2.0,7.4791665,20.0,0.0,0.7708333,95.0,69.0,83.458336,0.0,0.0,0.0
8003,2022-08-08 00:30:00,2022-08-08 00:45:00,0.25,6555,6555,1,1,1638.75,Los Angeles,18.0,4.0,11.125,22.0,0.0,2.03125,102.0,66.0,85.94375,0.0,0.0,0.0
8005,2022-08-08 01:45:00,2022-08-08 02:30:00,0.75,10001,10001,2,2,5880.75,Los Angeles,19.0,0.0,8.578125,26.0,0.0,1.453125,96.0,66.0,82.2625,0.0,0.0,0.0
8007,2022-08-08 03:30:00,2022-08-08 03:45:00,0.25,7166,7166,1,1,1791.5,Los Angeles,13.0,0.0,7.1875,18.0,0.0,0.5625,92.0,64.0,78.78125,0.0,0.0,0.0
8009,2022-08-08 16:15:00,2022-08-08 16:30:00,0.25,3840,3840,1,1,960.0,Los Angeles,9.0,0.0,4.25,0.0,0.0,0.0,86.0,68.0,78.26875,0.0,0.0,0.0
8011,2022-08-08 18:00:00,2022-08-08 19:30:00,1.5,7736,10502,3,4,9067.0,Los Angeles,11.0,0.0,5.982143,17.0,0.0,0.95535713,100.0,69.0,84.85357,0.0,0.0,0.0
8013,2022-08-08 20:15:00,2022-08-08 20:30:00,0.25,5854,5854,1,1,1463.5,Los Angeles,13.0,3.0,8.125,28.0,0.0,1.40625,101.0,70.0,87.1875,0.0,0.0,0.0
8015,2022-08-08 20:45:00,2022-08-08 21:00:00,0.25,5678,5678,1,1,1419.5,Los Angeles,11.0,3.0,7.53125,28.0,0.0,1.75,101.0,70.0,87.2875,0.0,0.0,0.0
8017,2022-08-08 22:00:00,2022-08-08 23:30:00,1.5,5604,5604,4,3,6743.75,Los Angeles,40.0,0.0,11.357142,26.0,0.0,3.5089285,101.0,71.0,87.21251,0.0,0.0,0.0
8019,2022-08-11 16:30:00,2022-08-11 16:45:00,0.25,4392,4392,1,1,1098.0,Los Angeles,12.0,0.0,4.09375,0.0,0.0,0.0,92.0,68.0,81.03125,0.0,0.0,0.0
8021,2022-08-11 19:45:00,2022-08-11 20:00:00,0.25,5090,5090,1,1,1272.5,Los Angeles,16.0,3.0,8.59375,15.0,0.0,0.46875,99.0,70.0,87.4625,0.0,0.0,0.0
8023,2022-08-11 20:15:00,2022-08-11 21:00:00,0.75,3934,3934,1,3,2941.75,Los Angeles,20.0,3.0,10.25,20.0,0.0,1.609375,100.0,70.0,88.0,0.0,0.0,0.0
8025,2022-08-11 21:45:00,2022-08-11 22:45:00,1.0,6083,6083,1,4,5227.0,Los Angeles,20.0,0.0,11.725,26.0,0.0,3.5,102.0,69.0,88.3625,0.0,0.0,0.0
8027,2022-08-11 23:00:00,2022-08-11 23:15:00,0.25,3971,3971,1,1,992.75,Los Angeles,19.0,0.0,11.4375,26.0,0.0,3.34375,101.0,69.0,87.5375,0.0,0.0,0.0
8029,2022-08-12 00:45:00,2022-08-12 01:00:00,0.25,4006,4006,1,1,1001.5,Los Angeles,20.0,5.0,11.4375,25.0,0.0,1.90625,97.0,67.0,84.0625,0.0,0.0,0.0
8031,2022-08-12 12:45:00,2022-08-12 13:45:00,1.0,9613,9613,3,2,8956.0,Los Angeles,11.0,0.0,2.0,0.0,0.0,0.0,80.6,62.6,69.8625,0.0,0.0,0.0
8033,2022-08-14 13:45:00,2022-08-14 14:45:00,1.0,4694,4694,3,1,4650.5,Los Angeles,12.0,0.0,1.8625,0.0,0.0,0.0,93.2,64.4,72.74251,0.0,0.0,0.0
8035,2022-08-15 17:30:00,2022-08-15 17:45:00,0.25,4041,4041,1,1,1010.25,Los Angeles,9.0,0.0,5.3125,0.0,0.0,0.0,94.0,66.0,82.05625,0.0,0.0,0.0
8037,2022-08-15 22:15:00,2022-08-15 22:30:00,0.25,3951,3951,1,1,987.75,Los Angeles,18.0,2.0,9.0625,23.0,0.0,2.53125,105.0,68.0,87.318756,0.0,0.0,0.0
8039,2022-08-16 05:00:00,2022-08-16 05:15:00,0.25,3818,3818,1,1,954.5,Los Angeles,13.0,0.0,5.6875,0.0,0.0,0.0,85.0,64.0,75.0375,0.0,0.0,0.0
8041,2022-08-16 05:45:00,2022-08-16 06:00:00,0.25,10001,10001,1,1,2500.25,Los Angeles,13.0,0.0,5.28125,0.0,0.0,0.0,83.0,64.0,74.35,0.0,0.0,0.0
8043,2022-08-17 17:15:00,2022-08-17 17:30:00,0.25,5076,5076,1,1,1269.0,Los Angeles,11.0,0.0,5.53125,15.0,0.0,0.46875,96.0,67.0,81.0875,0.0,0.0,0.0
8045,2022-08-17 20:30:00,2022-08-17 21:45:00,1.25,4447,4523,3,3,5001.75,Los Angeles,19.0,0.0,10.03125,23.0,0.0,3.8645833,105.0,69.0,86.84167,0.0,0.0,0.0
8047,2022-08-18 17:30:00,2022-08-18 17:45:00,0.25,4840,4840,1,1,1210.0,Los Angeles,13.0,0.0,5.59375,23.0,0.0,1.34375,98.0,65.0,78.475006,0.0,0.0,0.0
8049,2022-08-18 18:45:00,2022-08-18 19:45:00,1.0,4549,4552,2,3,4460.75,Los Angeles,15.0,0.0,8.15,28.0,0.0,2.3,101.0,67.0,81.93,0.0,0.0,0.0
8051,2022-08-18 20:15:00,2022-08-18 20:30:00,0.25,4458,4458,1,1,1114.5,Los Angeles,17.0,3.0,8.84375,24.0,0.0,1.5,101.0,67.0,82.65625,0.0,0.0,0.0
8053,2022-08-21 19:00:00,2022-08-21 19:30:00,0.5,4130,4130,2,1,2056.25,Los Angeles,19.0,0.0,6.875,22.0,0.0,1.3541666,99.0,69.0,77.84167,0.0,0.0,0.0
8055,2022-08-22 01:15:00,2022-08-22 01:30:00,0.25,4047,4047,1,1,1011.75,Los Angeles,19.0,3.0,10.09375,22.0,0.0,1.25,95.0,66.0,78.831245,0.0,0.0,0.0
8057,2022-08-22 16:30:00,2022-08-22 18:45:00,2.25,4971,6619,5,5,10501.75,Los Angeles,19.0,0.0,6.23125,24.0,0.0,1.74375,102.0,62.0,74.25749,0.0004,1e-04,2.5e-06
8059,2022-08-23 18:00:00,2022-08-23 19:30:00,1.5,5699,6082,2,5,7400.75,Los Angeles,15.0,0.0,5.9375,17.0,0.0,0.75,102.0,69.0,81.751785,0.0,0.0,0.0
8061,2022-08-23 20:45:00,2022-08-23 21:45:00,1.0,4378,4581,3,2,4266.5,Los Angeles,16.0,0.0,9.1625,22.0,0.0,2.8875,108.0,70.0,86.0925,0.0,0.0,0.0
8063,2022-08-25 04:00:00,2022-08-26 14:00:00,34.0,10406,19049,50,49,197267.5,Los Angeles,24.0,0.0,5.716241,29.0,0.0,0.5104927,102.0,62.0,75.429474,0.0,0.0,0.0
8065,2022-08-26 16:30:00,2022-08-26 16:45:00,0.25,4065,4065,1,1,1016.25,Los Angeles,10.0,0.0,3.46875,0.0,0.0,0.0,94.0,65.0,76.543755,0.0,0.0,0.0
8067,2022-08-26 18:00:00,2022-08-26 22:00:00,4.0,42635,50100,5,12,54001.5,Los Angeles,20.0,0.0,8.047794,26.0,0.0,2.3970587,104.0,66.0,83.91324,0.0,0.0,0.0
8069,2022-08-26 22:30:00,2022-08-26 22:45:00,0.25,4533,4533,1,1,1133.25,Los Angeles,40.0,0.0,13.25,25.0,0.0,3.4375,103.0,67.0,84.356255,0.0,0.0,0.0
8071,2022-08-27 19:30:00,2022-08-27 21:30:00,2.0,7623,7762,2,6,13435.25,Los Angeles,22.0,4.0,10.680555,29.0,0.0,4.4652777,98.0,66.0,81.423615,0.0,0.0,0.0
8073,2022-08-28 02:45:00,2022-08-28 03:30:00,0.75,4522,4522,1,3,3060.25,Los Angeles,20.0,0.0,8.25,25.0,0.0,1.015625,82.0,61.0,72.171875,0.0,0.0,0.0
8075,2022-08-29 00:15:00,2022-08-29 00:30:00,0.25,4520,4520,1,1,1130.0,Los Angeles,19.0,3.0,10.375,23.0,0.0,1.15625,92.0,64.0,78.33125,0.0,0.0,0.0
8077,2022-08-30 10:45:00,2022-08-30 11:15:00,0.5,4248,4248,1,1,2124.0,Los Angeles,11.0,0.0,2.1041667,0.0,0.0,0.0,75.0,60.8,68.575005,0.0,0.0,0.0
8079,2022-08-30 15:15:00,2022-08-30 17:15:00,2.0,5755,5809,6,3,10227.0,Los Angeles,11.0,0.0,3.1666667,0.0,0.0,0.0,90.0,64.0,77.024994,0.0,0.0,0.0
8081,2022-08-30 20:15:00,2022-08-30 20:45:00,0.5,5267,5267,1,2,2624.0,Los Angeles,20.0,0.0,9.020833,23.0,0.0,3.875,101.0,71.0,87.145836,0.0,0.0,0.0
8083,2022-08-30 23:00:00,2022-08-30 23:30:00,0.5,3973,3973,1,2,1984.25,Los Angeles,18.0,5.0,11.020833,26.0,0.0,6.1458335,104.0,71.0,87.24167,0.0,0.0,0.0
8085,2022-08-31 16:00:00,2022-08-31 17:15:00,1.25,8104,8185,3,3,6798.25,Los Angeles,9.0,0.0,2.9895833,0.0,0.0,0.0,93.0,68.0,84.09583,0.0,0.0,0.0
8087,2022-08-31 17:30:00,2022-08-31 17:45:00,0.25,4941,4941,1,1,1235.25,Los Angeles,11.0,0.0,4.46875,0.0,0.0,0.0,101.0,70.0,88.86875,0.0,0.0,0.0
8089,2022-09-01 06:00:00,2022-09-01 08:15:00,2.25,6608,6739,6,4,12187.75,Los Angeles,20.0,0.0,7.1375,29.0,0.0,4.3625,100.4,66.0,83.7,0.0,0.0,0.0
8091,2022-09-01 23:00:00,2022-09-02 01:00:00,2.0,4968,5384,6,3,9404.5,Los Angeles,19.0,0.0,8.444445,25.0,0.0,2.3125,109.0,71.0,92.58472,0.0,0.0,0.0
8093,2022-09-02 01:15:00,2022-09-02 12:15:00,11.0,15480,18369,18,26,123120.25,Los Angeles,19.0,0.0,5.1180553,27.0,0.0,1.2694445,107.0,67.0,80.466385,0.0,0.0,0.0
8095,2022-09-02 13:15:00,2022-09-02 15:00:00,1.75,5007,5026,4,4,8710.5,Los Angeles,14.0,0.0,3.515625,21.0,0.0,0.984375,85.0,70.0,76.626564,0.0,0.0,0.0
8097,2022-09-02 16:45:00,2022-09-02 18:30:00,1.75,8633,8633,2,6,9349.75,Los Angeles,17.0,0.0,5.1484375,0.0,0.0,0.0,101.0,73.0,90.075,0.0,0.0,0.0
8099,2022-09-02 23:00:00,2022-09-03 01:00:00,2.0,8561,8838,5,4,13005.25,Los Angeles,27.0,0.0,10.034722,34.0,0.0,1.3819444,111.0,70.0,90.923615,0.0,0.0,0.0
8101,2022-09-03 01:15:00,2022-09-03 01:30:00,0.25,4270,4270,1,1,1067.5,Los Angeles,22.0,0.0,8.71875,0.0,0.0,0.0,101.0,69.0,87.78125,0.0,0.0,0.0
8103,2022-09-03 06:30:00,2022-09-03 07:00:00,0.5,3882,3882,1,1,1941.0,Los Angeles,13.0,0.0,5.6875,31.0,0.0,1.2916666,91.4,69.0,80.50833,0.0,0.0,0.0
8105,2022-09-03 23:45:00,2022-09-04 08:30:00,8.75,10967,17154,18,18,60832.25,Los Angeles,20.0,0.0,5.6006947,31.0,0.0,1.0920138,103.0,73.0,85.677086,0.6014,0.15,0.0010440972
8107,2022-09-04 18:15:00,2022-09-04 18:30:00,0.25,4550,4550,1,1,1137.5,Los Angeles,8.0,0.0,4.65625,0.0,0.0,0.0,107.6,83.0,97.075,0.0,0.0,0.0
8109,2022-09-04 19:00:00,2022-09-04 19:30:00,0.5,3946,3946,1,2,1947.5,Los Angeles,16.0,0.0,5.6041665,15.0,0.0,0.9375,109.0,83.0,99.0875,0.0,0.0,0.0
8111,2022-09-04 20:30:00,2022-09-04 21:30:00,1.0,5582,5688,3,2,5112.0,Los Angeles,17.0,0.0,7.8,22.0,0.0,2.9625,109.4,82.0,99.0225,0.0,0.0,0.0
8113,2022-09-04 21:45:00,2022-09-05 11:45:00,14.0,13208,20496,25,32,124687.5,Los Angeles,27.0,0.0,6.917763,46.0,0.0,1.8223684,110.0,72.0,84.80329,0.39009997,0.2,0.0004277412
8115,2022-09-05 13:00:00,2022-09-05 13:15:00,0.25,4963,4963,1,1,1240.75,Los Angeles,14.0,0.0,4.0,0.0,0.0,0.0,100.4,71.0,78.25,0.0,0.0,0.0
8117,2022-09-05 14:45:00,2022-09-05 15:30:00,0.75,4041,4041,1,3,2944.0,Los Angeles,14.0,0.0,3.453125,0.0,0.0,0.0,100.4,74.0,81.35625,0.0,0.0,0.0
8119,2022-09-05 21:45:00,2022-09-05 22:15:00,0.5,5287,5287,1,2,2627.25,Los Angeles,15.0,3.0,10.229167,26.0,0.0,4.4166665,108.0,79.0,94.44999,0.0,0.0,0.0
8121,2022-09-05 23:45:00,2022-09-06 13:00:00,13.25,13382,19387,26,27,120109.5,Los Angeles,15.0,0.0,4.695602,16.0,0.0,0.034722224,109.0,67.0,83.426384,0.0,0.0,0.0
8123,2022-09-06 19:15:00,2022-09-06 20:45:00,1.5,4488,4532,3,4,6593.25,Los Angeles,12.0,0.0,7.455357,22.0,0.0,0.3392857,108.0,75.0,92.91964,0.0,0.0,0.0
8125,2022-09-06 21:00:00,2022-09-06 22:45:00,1.75,7015,7015,3,5,11341.0,Los Angeles,14.0,0.0,8.140625,22.0,0.0,0.6484375,109.0,74.0,94.17032,0.0,0.0,0.0
8127,2022-09-06 23:00:00,2022-09-07 00:15:00,1.25,4462,4655,2,4,5319.5,Los Angeles,21.0,0.0,9.197917,25.0,0.0,0.65625,108.0,73.0,93.17084,0.0,0.0,0.0
8129,2022-09-07 00:30:00,2022-09-07 01:15:00,0.75,4975,4975,2,2,3452.0,Los Angeles,21.0,0.0,9.84375,26.0,0.0,0.75,107.0,72.0,90.55,0.0,0.0,0.0
8131,2022-09-07 01:30:00,2022-09-07 02:15:00,0.75,5673,5673,3,1,3941.0,Los Angeles,20.0,4.0,9.546875,26.0,0.0,1.5,103.0,71.0,86.6875,0.0,0.0,0.0
8133,2022-09-07 05:45:00,2022-09-07 06:00:00,0.25,4115,4115,1,1,1028.75,Los Angeles,13.0,0.0,6.0625,0.0,0.0,0.0,91.4,69.0,81.55,0.0,0.0,0.0
8135,2022-09-07 06:15:00,2022-09-07 06:45:00,0.5,5077,5077,2,1,2505.25,Los Angeles,15.0,0.0,5.9166665,0.0,0.0,0.0,91.4,69.0,81.36667,0.0,0.0,0.0
8137,2022-09-07 21:15:00,2022-09-07 22:00:00,0.75,6021,6021,1,3,3445.5,Los Angeles,14.0,0.0,8.109375,18.0,0.0,1.65625,108.0,76.0,94.787506,0.0,0.0,0.0
8139,2022-09-07 23:30:00,2022-09-08 01:45:00,2.25,4504,4841,6,4,9585.5,Los Angeles,21.0,0.0,8.825,24.0,0.0,1.44375,106.0,73.0,90.04,0.0,0.0,0.0
8141,2022-09-08 02:30:00,2022-09-08 03:45:00,1.25,4097,4097,3,3,5020.25,Los Angeles,15.0,0.0,6.0625,18.0,0.0,0.34375,98.0,72.0,83.947914,0.0,0.0,0.0
8143,2022-09-08 04:00:00,2022-09-08 04:30:00,0.5,4168,4168,1,2,2056.75,Los Angeles,15.0,0.0,5.3541665,19.0,0.0,0.75,95.0,72.0,83.00833,0.0,0.0,0.0
8145,2022-09-08 05:30:00,2022-09-08 10:00:00,4.5,11566,12211,10,9,32977.25,Los Angeles,14.0,0.0,4.0625,23.0,0.0,0.1513158,95.0,70.0,80.857895,0.0,0.0,0.0
8147,2022-09-08 10:15:00,2022-09-08 17:45:00,7.5,9006,15696,15,15,48047.75,Los Angeles,14.0,0.0,3.141129,23.0,0.0,0.27620968,93.2,68.0,78.32701,0.0014999999,1e-04,3.0241933e-06
8149,2022-09-08 18:15:00,2022-09-08 20:30:00,2.25,7023,7023,6,4,11943.75,Los Angeles,16.0,0.0,6.25,24.0,0.0,1.08125,98.6,73.0,89.2625,0.0002,1e-04,1.25e-06
8151,2022-09-08 20:45:00,2022-09-08 21:15:00,0.5,6904,6904,2,1,3424.75,Los Angeles,15.0,0.0,7.6458335,22.0,0.0,3.0208333,100.0,76.0,91.90833,0.0004,1e-04,8.333333e-06
8153,2022-09-08 21:30:00,2022-09-09 08:15:00,10.75,9476,18693,25,19,72774.25,Los Angeles,17.0,0.0,7.380682,28.0,0.0,1.7457386,101.0,73.0,88.41733,0.00059999997,1e-04,8.522727e-07
8155,2022-09-09 20:45:00,2022-09-11 11:45:00,39.0,31866,100445,74,81,534492.5,Los Angeles,27.0,0.0,6.5875797,39.0,0.0,3.4868631,100.0,62.0,76.4484,13.8286,0.62,0.005505016
8157,2022-09-11 14:45:00,2022-09-11 16:45:00,2.0,4908,5017,6,3,8866.0,Los Angeles,12.0,0.0,3.0208333,0.0,0.0,0.0,84.2,66.0,76.13194,0.0,0.0,0.0
8159,2022-09-11 18:00:00,2022-09-11 18:45:00,0.75,3935,3935,1,3,2931.75,Los Angeles,12.0,0.0,5.671875,19.0,0.0,0.296875,87.8,73.0,81.3125,0.0,0.0,0.0
8161,2022-09-11 23:30:00,2022-09-12 02:15:00,2.75,6811,9447,4,8,14372.0,Los Angeles,33.0,0.0,9.75,38.0,0.0,3.109375,92.0,68.0,81.07395,1.8802,0.44,0.009792709
8163,2022-09-12 03:00:00,2022-09-12 04:15:00,1.25,4842,4842,4,2,5932.75,Los Angeles,31.0,0.0,6.4583335,49.0,0.0,0.8125,89.6,60.0,76.458336,1.4002999,0.32,0.014586457
8165,2022-09-12 17:00:00,2022-09-13 00:45:00,7.75,10148,18334,18,12,44758.0,Los Angeles,16.0,0.0,7.8027344,21.0,0.0,1.3671875,89.0,63.0,80.59883,3.1803002,0.45,0.006211524
8167,2022-09-13 01:30:00,2022-09-13 02:00:00,0.5,6270,6270,1,2,2733.5,Los Angeles,15.0,0.0,8.625,0.0,0.0,0.0,84.0,66.0,76.6625,0.0,0.0,0.0
8169,2022-09-13 02:45:00,2022-09-13 04:00:00,1.25,8608,8608,2,4,10509.5,Los Angeles,13.0,0.0,6.21875,16.0,0.0,0.16666667,80.0,63.0,74.260414,0.0,0.0,0.0
8171,2022-09-13 23:30:00,2022-09-13 23:45:00,0.25,4009,4009,1,1,1002.25,Los Angeles,20.0,4.0,10.875,24.0,0.0,3.8125,86.0,67.0,78.8,0.0,0.0,0.0
8173,2022-09-14 00:30:00,2022-09-14 01:00:00,0.5,4027,4027,2,1,1968.25,Los Angeles,19.0,0.0,8.875,22.0,0.0,3.4166667,83.0,66.0,77.225,0.0,0.0,0.0
8175,2022-09-14 07:30:00,2022-09-14 07:45:00,0.25,4162,4162,1,1,1040.5,Los Angeles,15.0,0.0,4.78125,0.0,0.0,0.0,78.8,59.0,70.25,0.0,0.0,0.0
8177,2022-09-14 09:15:00,2022-09-14 09:45:00,0.5,8068,8068,2,1,3274.25,Los Angeles,14.0,0.0,3.6041667,0.0,0.0,0.0,72.0,56.0,67.762505,0.0,0.0,0.0
8179,2022-09-15 01:00:00,2022-09-15 01:15:00,0.25,6427,6427,1,1,1606.75,Los Angeles,16.0,3.0,10.4375,17.0,0.0,0.96875,82.4,64.0,75.04375,0.0,0.0,0.0
8181,2022-09-17 14:30:00,2022-09-17 15:00:00,0.5,4355,4355,1,2,2163.75,Los Angeles,18.0,0.0,4.5625,0.0,0.0,0.0,76.0,54.0,65.958336,0.0,0.0,0.0
8183,2022-09-17 17:45:00,2022-09-17 20:00:00,2.25,5126,5131,6,4,11429.25,Los Angeles,22.0,0.0,7.18125,24.0,0.0,1.08125,81.0,62.0,72.103745,0.0,0.0,0.0
8185,2022-09-18 06:00:00,2022-09-18 08:15:00,2.25,4706,4706,3,2,10491.75,Los Angeles,16.0,0.0,4.925,0.0,0.0,0.0,71.6,52.0,66.4225,0.0,0.0,0.0
8187,2022-09-19 08:30:00,2022-09-19 11:45:00,3.25,26345,31524,4,8,33303.25,Los Angeles,13.0,0.0,2.7455356,18.0,0.0,0.73660713,69.8,49.0,61.629463,0.0,0.0,0.0
8189,2022-09-19 16:30:00,2022-09-19 16:45:00,0.25,4143,4143,1,1,1035.75,Los Angeles,11.0,0.0,3.28125,0.0,0.0,0.0,75.2,54.0,69.243744,0.0,0.0,0.0
8191,2022-09-19 18:15:00,2022-09-20 00:00:00,5.75,5535,8341,11,12,27823.5,Los Angeles,23.0,0.0,9.078125,29.0,0.0,2.125,83.0,62.0,75.7526,0.0,0.0,0.0
8193,2022-09-20 03:00:00,2022-09-20 03:30:00,0.5,9159,9159,1,2,4577.5,Los Angeles,18.0,0.0,7.6875,14.0,0.0,0.29166666,73.4,57.0,68.69583,0.0,0.0,0.0
8195,2022-09-20 04:30:00,2022-09-20 05:15:00,0.75,8316,8316,1,2,6230.0,Los Angeles,16.0,2.0,7.203125,19.0,0.0,0.546875,73.4,56.0,67.84688,0.0,0.0,0.0
8197,2022-09-20 10:30:00,2022-09-20 12:15:00,1.75,4165,4165,4,3,7127.75,Los Angeles,19.0,0.0,3.0703125,0.0,0.0,0.0,68.0,52.0,63.289062,0.0,0.0,0.0
8199,2022-09-20 17:00:00,2022-09-20 17:15:00,0.25,4797,4797,1,1,1199.25,Los Angeles,19.0,0.0,5.15625,18.0,0.0,0.5625,80.6,60.0,72.10625,0.0,0.0,0.0
8201,2022-09-20 18:00:00,2022-09-20 20:00:00,2.0,9617,9678,6,3,10417.5,Los Angeles,19.0,0.0,7.9305553,22.0,0.0,1.7430556,81.0,61.0,75.95556,0.0,0.0,0.0
8203,2022-09-20 20:30:00,2022-09-20 22:45:00,2.25,21668,21668,3,7,36108.25,Los Angeles,21.0,0.0,11.85,27.0,0.0,4.64375,85.0,65.0,77.677505,0.0,0.0,0.0
8205,2022-09-21 01:30:00,2022-09-21 04:30:00,3.0,6624,6797,3,9,18107.75,Los Angeles,20.0,0.0,10.028846,22.0,0.0,0.37019232,80.0,58.0,70.20385,0.0,0.0,0.0
8207,2022-09-21 06:30:00,2022-09-21 09:45:00,3.25,8101,12816,5,7,17019.5,Los Angeles,18.0,0.0,6.133929,19.0,0.0,0.32142857,73.4,50.0,65.088394,0.0,0.0,0.0
8209,2022-09-21 18:00:00,2022-09-21 19:15:00,1.25,4317,4389,3,2,5096.0,Los Angeles,17.0,0.0,7.28125,22.0,0.0,2.03125,80.0,63.0,74.302086,0.0,0.0,0.0
8211,2022-09-21 19:30:00,2022-09-21 20:00:00,0.5,5136,5136,2,1,2563.25,Los Angeles,17.0,0.0,9.104167,24.0,0.0,2.7083333,82.0,65.0,76.39167,0.0,0.0,0.0
8213,2022-09-21 23:45:00,2022-09-22 01:30:00,1.75,11024,13041,6,2,15305.75,Los Angeles,22.0,0.0,11.5078125,28.0,0.0,4.8984375,82.0,62.0,74.470314,0.0,0.0,0.0
8215,2022-09-27 06:00:00,2022-09-27 06:15:00,0.25,4406,4406,1,1,1101.5,Los Angeles,10.0,0.0,4.78125,0.0,0.0,0.0,87.8,65.0,75.0,0.0,0.0,0.0
8217,2022-09-28 06:15:00,2022-09-28 08:00:00,1.75,4593,4942,4,4,7497.75,Los Angeles,12.0,0.0,4.1328125,19.0,0.0,0.59375,89.6,65.0,75.024994,0.0,0.0,0.0
8219,2022-09-29 07:45:00,2022-09-29 08:00:00,0.25,4376,4376,1,1,1094.0,Los Angeles,11.0,0.0,4.1875,18.0,0.0,1.125,82.4,65.0,72.875,0.0,0.0,0.0
8221,2022-09-30 21:45:00,2022-09-30 22:00:00,0.25,8894,8894,1,1,2223.5,Los Angeles,20.0,3.0,9.625,24.0,0.0,4.09375,90.0,65.0,77.975,0.0,0.0,0.0
8223,2022-09-30 23:00:00,2022-10-01 00:15:00,1.25,14459,14460,2,4,12273.0,Los Angeles,20.0,3.0,10.09375,26.0,0.0,2.8958333,89.0,61.0,76.06875,0.0,0.0,0.0
8225,2022-10-01 00:45:00,2022-10-01 01:15:00,0.5,8165,8165,1,2,4049.75,Los Angeles,19.0,0.0,9.3125,22.0,0.0,1.8125,83.0,61.0,73.379166,0.0,0.0,0.0
8227,2022-10-03 05:45:00,2022-10-03 06:30:00,0.75,4532,4532,2,1,3241.25,Los Angeles,11.0,0.0,4.796875,0.0,0.0,0.0,73.0,59.0,66.97813,0.0,0.0,0.0
8229,2022-10-03 07:15:00,2022-10-03 08:00:00,0.75,6506,6506,3,1,4335.5,Los Angeles,10.0,0.0,4.40625,0.0,0.0,0.0,71.6,59.0,66.12187,0.0,0.0,0.0
8231,2022-10-04 19:15:00,2022-10-04 20:15:00,1.0,5547,5548,2,3,4582.25,Los Angeles,13.0,0.0,6.5375,16.0,0.0,0.7875,91.0,67.0,80.75749,0.0,0.0,0.0
8233,2022-10-06 20:30:00,2022-10-06 20:45:00,0.25,5928,5928,1,1,1482.0,Los Angeles,12.0,0.0,6.9375,16.0,0.0,0.5,93.0,65.0,78.7125,0.0,0.0,0.0
8235,2022-10-06 21:00:00,2022-10-06 21:45:00,0.75,7590,7590,2,1,3952.0,Los Angeles,12.0,0.0,7.40625,16.0,0.0,0.25,94.0,65.0,78.91563,0.0,0.0,0.0
8237,2022-10-07 17:15:00,2022-10-07 17:30:00,0.25,3826,3826,1,1,956.5,Los Angeles,11.0,0.0,2.5625,19.0,0.0,1.1875,80.0,65.0,73.706245,0.0,0.0,0.0
8239,2022-10-11 16:45:00,2022-10-11 17:30:00,0.75,8164,8164,3,1,5631.0,Los Angeles,8.0,0.0,3.3125,0.0,0.0,0.0,75.0,64.0,69.171875,0.0,0.0,0.0
8241,2022-10-11 20:45:00,2022-10-11 22:00:00,1.25,7232,7232,1,5,9019.0,Los Angeles,22.0,0.0,6.8020835,15.0,0.0,0.78125,89.0,61.0,76.2875,1e-04,1e-04,1.0416667e-06
8243,2022-10-12 03:45:00,2022-10-12 18:15:00,14.5,12158,17218,28,23,84045.5,Los Angeles,21.0,0.0,4.808263,30.0,0.0,0.9290254,80.0,55.0,66.7322,1.9617999,0.26,0.0020781779
8245,2022-10-12 19:30:00,2022-10-12 20:00:00,0.5,8228,8228,2,1,4110.5,Los Angeles,11.0,0.0,7.0625,20.0,0.0,1.0833334,86.0,64.0,75.72083,0.0,0.0,0.0
8247,2022-10-12 20:45:00,2022-10-12 21:30:00,0.75,4420,4440,2,2,3239.0,Los Angeles,19.0,0.0,10.375,22.0,0.0,4.375,86.0,60.0,76.29375,1e-04,1e-04,1.5625e-06
8249,2022-10-12 21:45:00,2022-10-13 00:15:00,2.5,8492,8716,5,6,16182.5,Los Angeles,29.0,3.0,10.681818,35.0,0.0,3.75,86.0,60.0,72.799995,0.0311,0.02,0.00017670455
8251,2022-10-13 01:00:00,2022-10-13 02:45:00,1.75,6029,6031,2,6,10062.75,Los Angeles,12.0,0.0,6.5,15.0,0.0,0.1171875,74.0,60.0,67.69063,0.020499999,0.02,0.00016015624
8253,2022-10-13 03:15:00,2022-10-13 03:30:00,0.25,4923,4923,1,1,1230.75,Los Angeles,19.0,0.0,6.09375,0.0,0.0,0.0,71.0,58.0,66.0125,0.010199999,0.01,0.00031874998
8255,2022-10-13 04:15:00,2022-10-13 04:30:00,0.25,3820,3820,1,1,955.0,Los Angeles,11.0,0.0,5.8125,0.0,0.0,0.0,72.0,58.0,66.14375,1e-04,1e-04,3.125e-06
8257,2022-10-14 13:15:00,2022-10-14 13:30:00,0.25,4526,4526,1,1,1131.5,Los Angeles,5.0,0.0,2.3125,0.0,0.0,0.0,67.0,55.0,63.4125,0.0,0.0,0.0
8259,2022-10-14 19:00:00,2022-10-14 19:15:00,0.25,4218,4218,1,1,1054.5,Los Angeles,12.0,0.0,4.4375,23.0,0.0,1.4375,82.0,59.0,69.575,0.0,0.0,0.0
8261,2022-10-14 20:30:00,2022-10-14 20:45:00,0.25,4732,4732,1,1,1183.0,Los Angeles,13.0,0.0,5.28125,25.0,0.0,1.375,88.0,58.0,71.6125,0.0,0.0,0.0
8263,2022-10-15 19:00:00,2022-10-15 19:15:00,0.25,5114,5114,1,1,1278.5,Los Angeles,13.0,0.0,5.71875,0.0,0.0,0.0,80.0,60.8,67.431244,0.02,0.01,0.000625
8265,2022-10-15 22:00:00,2022-10-15 23:00:00,1.0,5220,5220,2,3,4921.75,Los Angeles,16.0,2.0,7.025,0.0,0.0,0.0,84.0,60.8,70.182495,0.0,0.0,0.0
8267,2022-10-16 05:00:00,2022-10-16 11:15:00,6.25,4308,4317,5,14,24591.75,Los Angeles,24.0,0.0,5.175481,34.0,0.0,0.52163464,69.0,51.0,62.97452,0.15179999,0.04,0.00036490383
8269,2022-10-19 22:00:00,2022-10-19 23:45:00,1.75,3896,3923,3,4,6767.0,Los Angeles,21.0,0.0,7.65625,24.0,0.0,1.6484375,95.0,60.8,86.83438,0.0,0.0,0.0
8271,2022-10-20 03:00:00,2022-10-20 03:15:00,0.25,4049,4049,1,1,1012.25,Los Angeles,10.0,0.0,3.625,0.0,0.0,0.0,85.0,60.8,76.6,0.0,0.0,0.0
8273,2022-10-20 03:30:00,2022-10-20 08:45:00,5.25,15280,17210,10,8,46434.0,Los Angeles,9.0,0.0,2.375,0.0,0.0,0.0,85.0,59.0,73.463066,0.0,0.0,0.0
8275,2022-10-20 15:15:00,2022-10-20 16:15:00,1.0,6085,6085,4,1,5944.25,Los Angeles,8.0,0.0,1.9,0.0,0.0,0.0,81.0,56.0,70.7675,0.0,0.0,0.0
8277,2022-10-21 16:15:00,2022-10-21 18:00:00,1.75,10437,10437,6,2,11028.5,Los Angeles,7.0,0.0,3.4140625,0.0,0.0,0.0,77.0,60.8,69.310936,0.0,0.0,0.0
8279,2022-10-23 17:30:00,2022-10-23 18:30:00,1.0,9697,9699,2,3,9132.5,Los Angeles,23.0,0.0,7.775,34.0,0.0,4.675,74.0,45.0,64.927505,0.0,0.0,0.0
8281,2022-10-23 21:00:00,2022-10-23 22:30:00,1.5,4283,4286,3,4,6403.5,Los Angeles,22.0,3.0,11.0,33.0,0.0,5.5625,77.0,51.0,67.71607,0.0,0.0,0.0
8283,2022-10-23 23:00:00,2022-10-24 00:30:00,1.5,4087,4090,4,2,6126.25,Los Angeles,23.0,4.0,10.928572,29.0,0.0,4.321429,76.0,50.0,65.6625,0.0,0.0,0.0
8285,2022-10-25 00:45:00,2022-10-25 02:00:00,1.25,4617,4638,4,2,5741.75,Los Angeles,14.0,0.0,7.1145835,15.0,0.0,0.15625,73.0,51.0,66.07084,0.0,0.0,0.0
8287,2022-11-02 10:15:00,2022-11-02 11:30:00,1.25,5948,5948,5,1,5840.25,Los Angeles,20.0,0.0,7.28125,22.0,0.0,0.22916667,63.0,37.0,55.816666,0.7105,0.1,0.0074010417
8289,2022-11-02 11:45:00,2022-11-02 16:15:00,4.5,9920,15466,7,11,27427.75,Los Angeles,27.0,0.0,8.542763,34.0,0.0,4.5164475,62.0,36.0,55.431576,1.273,0.11,0.0041875
8291,2022-11-02 17:15:00,2022-11-02 17:45:00,0.5,16118,16118,2,1,6789.25,Los Angeles,23.0,0.0,10.270833,30.0,0.0,5.7916665,65.0,37.0,57.837505,0.02,0.02,0.00041666665
8293,2022-11-02 18:00:00,2022-11-02 18:30:00,0.5,4392,4392,1,2,2066.75,Los Angeles,24.0,0.0,9.25,29.0,0.0,3.4166667,65.0,38.0,58.837505,0.0,0.0,0.0
8295,2022-11-03 01:00:00,2022-11-03 02:15:00,1.25,8255,8390,2,4,8784.75,Los Angeles,27.0,4.0,12.895833,34.0,0.0,8.9375,64.4,38.0,57.745834,0.0,0.0,0.0
8297,2022-11-03 17:30:00,2022-11-03 18:45:00,1.25,5122,5126,3,2,5166.0,Los Angeles,39.0,0.0,13.302083,60.0,0.0,12.083333,65.0,32.0,56.966663,0.00059999997,1e-04,6.25e-06
8299,2022-11-03 19:45:00,2022-11-03 21:45:00,2.0,7188,8312,4,5,11160.25,Los Angeles,24.0,0.0,14.243055,33.0,0.0,11.340278,66.0,33.0,58.827774,0.00029999999,1e-04,2.0833331e-06
8301,2022-11-03 22:15:00,2022-11-04 00:30:00,2.25,5281,6052,5,5,9920.25,Los Angeles,24.0,0.0,13.6375,32.0,0.0,9.80625,66.2,35.0,58.713753,0.0,0.0,0.0
8303,2022-11-04 03:45:00,2022-11-04 06:00:00,2.25,7190,8719,5,5,14631.0,Los Angeles,13.0,0.0,5.8875,17.0,0.0,0.30625,62.6,34.0,53.275,0.0,0.0,0.0
8305,2022-11-04 06:15:00,2022-11-04 08:00:00,1.75,15580,16113,5,3,19366.5,Los Angeles,11.0,0.0,4.8203125,0.0,0.0,0.0,62.6,34.0,52.11406,0.0,0.0,0.0
8307,2022-11-04 08:15:00,2022-11-04 09:45:00,1.5,13639,13639,2,4,16895.75,Los Angeles,10.0,0.0,3.267857,0.0,0.0,0.0,62.6,30.9,48.764282,0.0,0.0,0.0
8309,2022-11-04 14:30:00,2022-11-04 19:30:00,5.0,8871,12665,11,9,27343.5,Los Angeles,14.0,0.0,2.6904762,0.0,0.0,0.0,71.6,28.9,56.13244,0.0,0.0,0.0
8311,2022-11-04 19:45:00,2022-11-04 20:30:00,0.75,5129,5129,2,2,3820.0,Los Angeles,11.0,0.0,5.875,0.0,0.0,0.0,73.0,51.0,64.09688,0.0,0.0,0.0
8313,2022-11-05 09:00:00,2022-11-05 11:30:00,2.5,4860,4860,2,2,12039.25,Los Angeles,9.0,0.0,2.4431818,16.0,0.0,0.27272728,60.8,40.0,50.295456,0.0,0.0,0.0
8315,2022-11-07 14:45:00,2022-11-07 16:15:00,1.5,4894,4973,4,3,7281.25,Los Angeles,20.0,0.0,7.107143,30.0,0.0,1.3660715,62.6,46.0,58.29821,0.0308,0.01,0.000275
8317,2022-11-07 21:00:00,2022-11-07 21:15:00,0.25,3977,3977,1,1,994.25,Los Angeles,26.0,0.0,11.4375,34.0,0.0,5.1875,69.8,48.0,61.6,0.020399999,0.01,0.00063749996
8319,2022-11-08 13:45:00,2022-11-08 18:45:00,5.0,10493,17391,12,9,31690.5,Los Angeles,38.0,0.0,13.333333,51.0,0.0,10.892858,69.8,41.0,59.002975,14.272499,0.46,0.042477675
8321,2022-11-08 19:00:00,2022-11-09 12:30:00,17.5,25236,57690,26,45,210752.5,Los Angeles,39.0,0.0,9.551056,61.0,0.0,7.165493,69.8,33.0,54.281338,36.6286,1.62,0.032243486
8323,2022-11-09 13:00:00,2022-11-09 15:30:00,2.5,5597,5920,3,7,11624.25,Los Angeles,16.0,0.0,3.721591,23.0,0.0,0.23863636,60.8,32.0,49.54091,0.98169994,0.14,0.0055778404
8325,2022-11-09 17:15:00,2022-11-09 18:15:00,1.0,6069,6123,3,2,4910.0,Los Angeles,21.0,0.0,7.85,28.0,0.0,2.0625,60.8,37.0,54.6475,0.0,0.0,0.0
8327,2022-11-09 18:30:00,2022-11-09 21:45:00,3.25,5140,5536,7,7,15275.5,Los Angeles,22.0,0.0,9.236608,27.0,0.0,3.0089285,64.0,39.0,57.72589,0.0,0.0,0.0
8329,2022-11-10 00:00:00,2022-11-10 00:15:00,0.25,4010,4010,1,1,1002.5,Los Angeles,17.0,3.0,10.6875,29.0,0.0,1.8125,64.0,39.0,57.75,0.0,0.0,0.0
8331,2022-11-10 13:00:00,2022-11-10 13:15:00,0.25,5545,5545,1,1,1386.25,Los Angeles,8.0,0.0,2.21875,0.0,0.0,0.0,60.8,32.0,45.95,0.0,0.0,0.0
8333,2022-11-11 00:30:00,2022-11-11 00:45:00,0.25,3906,3906,1,1,976.5,Los Angeles,15.0,0.0,6.34375,0.0,0.0,0.0,68.0,43.0,59.7,0.0,0.0,0.0
8335,2022-11-14 06:30:00,2022-11-14 07:30:00,1.0,4246,4269,2,2,4096.75,Los Angeles,13.0,0.0,4.95,18.0,0.0,1.125,60.8,38.0,52.5375,0.0,0.0,0.0
8337,2022-11-14 23:15:00,2022-11-14 23:45:00,0.5,3894,3894,1,2,1943.0,Los Angeles,17.0,0.0,7.0208335,23.0,0.0,1.4375,70.0,49.0,63.82083,0.0,0.0,0.0
8339,2022-11-16 11:15:00,2022-11-16 11:30:00,0.25,4225,4225,1,1,1056.25,Los Angeles,20.0,0.0,7.40625,39.0,0.0,7.5625,68.0,32.0,51.31875,0.0,0.0,0.0
8341,2022-11-16 12:15:00,2022-11-16 12:45:00,0.5,4374,4374,2,1,2090.75,Los Angeles,25.0,0.0,8.625,39.0,0.0,9.458333,68.0,36.0,51.704163,0.0,0.0,0.0
8343,2022-11-16 13:45:00,2022-11-17 02:00:00,12.25,20480,28134,23,27,129841.25,Los Angeles,40.0,0.0,9.90625,58.0,0.0,7.6275,79.0,33.0,62.825497,0.0,0.0,0.0
8345,2022-11-17 02:15:00,2022-11-17 04:15:00,2.0,7882,7882,3,6,9830.25,Los Angeles,26.0,0.0,7.013889,42.0,0.0,4.4097223,70.0,40.0,59.04583,0.0,0.0,0.0
8347,2022-11-18 07:30:00,2022-11-18 08:45:00,1.25,4424,4488,3,2,5424.5,Los Angeles,9.0,0.0,3.0729167,25.0,0.0,0.26041666,60.0,32.0,52.3,0.0,0.0,0.0
8349,2022-11-18 09:30:00,2022-11-18 13:30:00,4.0,6288,6374,5,6,24296.75,Los Angeles,19.0,0.0,2.3676472,0.0,0.0,0.0,60.0,30.0,48.005882,0.0,0.0,0.0
8351,2022-11-19 22:30:00,2022-11-20 01:30:00,3.0,5626,5650,6,7,15987.5,Los Angeles,27.0,0.0,8.346154,42.0,0.0,4.360577,76.0,45.0,66.05769,0.0,0.0,0.0
8353,2022-11-20 05:15:00,2022-11-20 05:45:00,0.5,3939,3939,1,1,1969.5,Los Angeles,30.0,0.0,6.5416665,51.0,0.0,5.125,63.0,35.0,54.779163,0.0,0.0,0.0
8355,2022-11-22 16:15:00,2022-11-22 16:30:00,0.25,4807,4807,1,1,1201.75,Los Angeles,16.0,0.0,2.3125,0.0,0.0,0.0,65.0,26.6,52.61875,0.0,0.0,0.0
8357,2022-11-22 17:30:00,2022-11-22 17:45:00,0.25,4551,4551,1,1,1137.75,Los Angeles,17.0,0.0,2.78125,24.0,0.0,0.75,71.6,37.0,61.25,0.0,0.0,0.0
8359,2022-11-25 10:15:00,2022-11-25 10:30:00,0.25,4427,4427,1,1,1106.75,Los Angeles,21.0,0.0,4.84375,30.0,0.0,1.875,65.0,30.9,50.481247,0.0,0.0,0.0
8361,2022-11-28 18:00:00,2022-11-29 00:15:00,6.25,8628,9400,10,15,41852.25,Los Angeles,27.0,0.0,8.658654,34.0,0.0,3.2692308,65.0,45.0,59.39231,0.0,0.0,0.0
8363,2022-11-29 05:15:00,2022-11-29 05:30:00,0.25,4113,4113,1,1,1028.25,Los Angeles,26.0,0.0,6.9375,32.0,0.0,5.46875,60.0,40.0,54.25625,0.0,0.0,0.0
8365,2022-12-02 18:30:00,2022-12-02 18:45:00,0.25,5463,5463,1,1,1365.75,Los Angeles,16.0,0.0,7.28125,23.0,0.0,1.4375,62.0,43.0,54.462498,0.09999999,0.03,0.0031249996
8367,2022-12-04 19:30:00,2022-12-04 20:00:00,0.5,3937,3937,2,1,1966.5,Los Angeles,22.0,0.0,5.1875,28.0,0.0,1.8958334,66.2,47.0,60.733334,0.0002,1e-04,4.1666667e-06
8369,2022-12-08 03:15:00,2022-12-08 04:15:00,1.0,4816,4816,3,2,4252.75,Los Angeles,9.0,0.0,2.675,0.0,0.0,0.0,57.2,37.0,51.3425,0.0,0.0,0.0
8371,2022-12-09 07:15:00,2022-12-09 08:45:00,1.5,4739,4741,3,4,7022.0,Los Angeles,15.0,0.0,3.8214285,0.0,0.0,0.0,55.4,30.9,47.674107,0.0,0.0,0.0
8373,2022-12-10 08:30:00,2022-12-10 09:30:00,1.0,13875,13897,3,2,13867.75,Los Angeles,20.0,0.0,3.8375,19.0,0.0,0.2375,56.0,37.0,48.747498,1e-04,1e-04,1.25e-06
8375,2022-12-11 14:30:00,2022-12-11 22:30:00,8.0,14522,18562,16,17,74134.25,Los Angeles,30.0,0.0,12.935606,40.0,0.0,11.746212,60.0,38.0,54.340153,8.1642,0.36,0.0154625
8377,2022-12-11 23:45:00,2022-12-12 07:00:00,7.25,6558,9272,13,17,35062.0,Los Angeles,24.0,0.0,7.922917,30.0,0.0,2.9916666,59.0,30.9,49.863754,0.1003,0.01,0.00020895833
8379,2022-12-12 07:30:00,2022-12-12 07:45:00,0.25,4019,4019,1,1,1004.75,Los Angeles,13.0,0.0,3.34375,0.0,0.0,0.0,55.4,28.9,46.25625,1e-04,1e-04,3.125e-06
8381,2022-12-12 19:15:00,2022-12-12 19:30:00,0.25,5661,5661,1,1,1415.25,Los Angeles,17.0,2.0,7.09375,23.0,0.0,2.4375,55.4,33.0,49.075,0.0002,1e-04,6.25e-06
8383,2022-12-12 19:45:00,2022-12-12 23:30:00,3.75,5747,8185,6,10,18093.25,Los Angeles,22.0,0.0,5.9296875,29.0,0.0,1.4140625,58.0,33.0,51.14453,0.04,0.01,0.00015625
8385,2022-12-13 00:30:00,2022-12-13 00:45:00,0.25,3823,3823,1,1,955.75,Los Angeles,22.0,0.0,6.46875,35.0,0.0,2.0,57.0,32.0,50.40625,0.0101,0.01,0.000315625
8387,2022-12-13 11:45:00,2022-12-13 13:00:00,1.25,6162,6162,1,4,6925.25,Los Angeles,22.0,0.0,4.6354165,31.0,0.0,1.4791666,55.4,30.0,43.243748,0.0,0.0,0.0
8389,2022-12-13 17:00:00,2022-12-13 17:15:00,0.25,4159,4159,1,1,1039.75,Los Angeles,12.0,0.0,3.75,0.0,0.0,0.0,55.4,33.0,47.89375,0.0,0.0,0.0
8391,2022-12-14 06:15:00,2022-12-14 10:45:00,4.5,4967,5159,6,12,20014.5,Los Angeles,9.0,0.0,2.4111843,0.0,0.0,0.0,53.0,28.9,43.82434,0.0,0.0,0.0
8393,2022-12-14 11:15:00,2022-12-14 11:30:00,0.25,3872,3872,1,1,968.0,Los Angeles,8.0,0.0,2.21875,0.0,0.0,0.0,53.0,28.9,41.14375,0.0,0.0,0.0
8395,2022-12-15 18:30:00,2022-12-15 19:15:00,0.75,8461,8461,1,3,6325.25,Los Angeles,20.0,0.0,3.21875,32.0,0.0,1.90625,62.6,39.0,55.3375,0.0,0.0,0.0
8397,2022-12-15 19:30:00,2022-12-15 20:30:00,1.0,8664,8664,3,1,8540.5,Los Angeles,20.0,0.0,4.9625,35.0,0.0,2.5,63.0,42.0,56.47,0.0,0.0,0.0
8399,2022-12-15 20:45:00,2022-12-15 23:00:00,2.25,9094,9455,4,6,19314.5,Los Angeles,17.0,0.0,5.46875,27.0,0.0,1.5875,65.0,43.0,57.275,0.0,0.0,0.0
8401,2022-12-17 11:30:00,2022-12-17 12:00:00,0.5,8684,8684,1,2,4294.5,Los Angeles,18.0,0.0,4.6458335,25.0,0.0,1.0416666,62.0,25.0,44.44583,0.0,0.0,0.0
8403,2022-12-17 21:15:00,2022-12-17 22:30:00,1.25,4568,4600,3,3,5662.5,Los Angeles,14.0,0.0,4.65625,21.0,0.0,0.875,68.0,41.0,59.981247,0.0,0.0,0.0
8405,2022-12-20 19:00:00,2022-12-20 20:30:00,1.5,12375,12425,4,3,17746.75,Los Angeles,11.0,0.0,3.5982144,19.0,0.0,0.5089286,70.0,47.0,60.642857,0.0,0.0,0.0
8407,2022-12-21 17:30:00,2022-12-21 18:45:00,1.25,5114,5114,5,1,5642.25,Los Angeles,11.0,0.0,2.9479167,0.0,0.0,0.0,72.0,35.0,59.33125,0.0,0.0,0.0
8409,2022-12-22 16:15:00,2022-12-23 03:00:00,10.75,7414,8567,22,19,77659.5,Los Angeles,11.0,0.0,2.6051137,0.0,0.0,0.0,73.4,32.0,60.555115,0.0,0.0,0.0
8411,2022-12-26 07:00:00,2022-12-26 10:45:00,3.75,4304,4580,3,3,15243.0,Los Angeles,12.0,0.0,2.6015625,0.0,0.0,0.0,73.0,32.0,56.347656,0.0,0.0,0.0
8413,2022-12-26 11:00:00,2022-12-26 12:30:00,1.5,4028,4028,1,1,6042.0,Los Angeles,12.0,0.0,3.107143,0.0,0.0,0.0,71.0,32.0,53.580357,0.0,0.0,0.0
8415,2022-12-26 19:00:00,2022-12-26 22:00:00,3.0,5144,5144,1,3,15091.5,Los Angeles,10.0,0.0,2.8173077,18.0,0.0,0.34615386,80.0,51.0,71.19327,0.0,0.0,0.0
8417,2022-12-26 23:15:00,2022-12-27 06:30:00,7.25,4592,4617,7,4,31750.0,Los Angeles,10.0,0.0,2.3291667,16.0,0.0,0.13333334,80.6,39.0,63.008335,0.0,0.0,0.0
8419,2022-12-27 13:00:00,2022-12-27 15:00:00,2.0,4032,4032,1,2,8051.0,Los Angeles,21.0,0.0,4.125,26.0,0.0,1.7430556,77.0,49.0,57.55139,0.0,0.0,0.0
8421,2022-12-27 17:30:00,2022-12-27 22:15:00,4.75,4432,4452,6,5,20143.0,Los Angeles,28.0,0.0,6.34375,39.0,0.0,3.478125,77.0,43.0,61.941246,0.092,0.02,0.0002875
8423,2022-12-28 00:30:00,2022-12-28 08:30:00,8.0,11941,18653,10,9,43068.5,Los Angeles,20.0,0.0,5.2670455,29.0,0.0,1.75,77.0,41.0,54.51174,9.1041,0.12,0.017242614
8425,2022-12-28 08:45:00,2022-12-28 11:30:00,2.75,4373,4373,5,3,11093.5,Los Angeles,23.0,0.0,4.4427085,30.0,0.0,2.59375,57.2,40.0,52.965622,0.6204,0.06,0.00323125
8427,2022-12-28 21:15:00,2022-12-28 22:00:00,0.75,3958,3958,3,1,2965.5,Los Angeles,21.0,0.0,6.296875,0.0,0.0,0.0,65.0,43.0,59.428123,0.0,0.0,0.0
8429,2022-12-29 05:00:00,2022-12-29 05:45:00,0.75,5027,5028,2,2,3769.0,Los Angeles,16.0,0.0,3.53125,0.0,0.0,0.0,59.0,41.0,53.737503,0.0,0.0,0.0
8431,2022-12-29 06:00:00,2022-12-29 06:15:00,0.25,5143,5143,1,1,1285.75,Los Angeles,14.0,0.0,3.6875,0.0,0.0,0.0,59.0,41.0,53.824997,0.0,0.0,0.0
8433,2022-12-29 20:15:00,2022-12-29 20:45:00,0.5,5875,5875,1,2,2922.0,Los Angeles,21.0,2.0,7.1875,32.0,0.0,4.4791665,61.0,41.0,56.075,0.0004,1e-04,8.333333e-06
8435,2022-12-30 09:15:00,2022-12-30 10:15:00,1.0,15451,15451,1,4,15418.5,Los Angeles,17.0,0.0,3.2875,0.0,0.0,0.0,59.0,42.0,53.9625,0.0,0.0,0.0
8437,2022-12-31 04:00:00,2022-12-31 07:30:00,3.5,5116,5290,9,5,16330.0,Los Angeles,20.0,0.0,4.741667,26.0,0.0,2.2083333,60.0,43.0,55.25,0.20079999,0.03,0.0008366666
8439,2022-12-31 21:00:00,2022-12-31 21:45:00,0.75,8938,8938,2,2,4705.25,Los Angeles,28.0,0.0,9.078125,47.0,0.0,5.359375,62.0,47.0,57.30625,0.110599995,0.01,0.0017281249
8441,2023-01-01 01:15:00,2023-01-01 01:30:00,0.25,6663,6663,1,1,1665.75,Los Angeles,28.0,0.0,10.125,44.0,0.0,6.875,61.0,45.0,56.44375,0.12019999,0.05,0.0037562498
8443,2023-01-01 02:15:00,2023-01-01 02:45:00,0.5,7611,7611,2,1,3500.0,Los Angeles,23.0,0.0,11.5625,43.0,0.0,7.7083335,60.0,45.0,56.204163,0.5805,0.1,0.01209375
8445,2023-01-01 05:30:00,2023-01-01 05:45:00,0.25,4462,4462,1,1,1115.5,Los Angeles,21.0,3.0,13.6875,31.0,0.0,14.59375,60.0,44.0,55.731247,3.5502,0.32,0.11094375
8447,2023-01-01 06:00:00,2023-01-01 07:30:00,1.5,5122,5260,2,5,6914.25,Los Angeles,29.0,3.0,13.375,39.0,0.0,13.0,60.8,44.0,55.737507,7.9202,0.37,0.07071607
8449,2023-01-01 07:45:00,2023-01-01 13:30:00,5.75,16875,19022,12,11,61548.0,Los Angeles,30.0,0.0,11.854167,43.0,0.0,10.8411455,60.8,36.0,52.386463,4.3029,0.3,0.011205468
8451,2023-01-01 18:00:00,2023-01-01 18:45:00,0.75,7435,7440,2,2,5373.5,Los Angeles,29.0,0.0,12.9375,40.0,0.0,9.78125,61.0,37.0,54.334377,0.01,0.01,0.00015625
8453,2023-01-01 21:00:00,2023-01-01 22:45:00,1.75,6743,6743,2,6,10984.25,Los Angeles,30.0,3.0,15.34375,41.0,0.0,13.78125,63.0,34.0,55.145317,0.491,0.11,0.0038359375
8455,2023-01-02 19:45:00,2023-01-02 21:00:00,1.25,4834,4879,4,2,5350.0,Los Angeles,17.0,0.0,6.5625,22.0,0.0,1.0208334,59.0,37.0,54.122913,0.0,0.0,0.0
8457,2023-01-03 19:00:00,2023-01-03 19:15:00,0.25,3835,3835,1,1,958.75,Los Angeles,19.0,0.0,9.8125,26.0,0.0,3.78125,59.0,43.0,54.037502,0.0104,0.01,0.000325
8459,2023-01-04 03:00:00,2023-01-04 03:15:00,0.25,5444,5444,1,1,1361.0,Los Angeles,16.0,0.0,6.59375,24.0,0.0,1.5,59.0,44.0,55.149998,0.06999999,0.03,0.0021874998
8461,2023-01-04 16:15:00,2023-01-04 16:45:00,0.5,4083,4083,1,2,2013.0,Los Angeles,21.0,0.0,8.229167,28.0,0.0,3.3958333,60.0,44.0,55.44583,0.26029998,0.06,0.0054229163
8463,2023-01-05 00:45:00,2023-01-05 02:15:00,1.5,4516,4600,4,3,6594.75,Los Angeles,33.0,0.0,9.794642,52.0,0.0,5.285714,61.0,47.0,57.000004,2.0017,0.15,0.01787232
8465,2023-01-05 02:45:00,2023-01-05 03:30:00,0.75,5182,5182,2,2,3629.5,Los Angeles,22.0,0.0,9.734375,37.0,0.0,3.53125,60.8,45.0,56.187504,1.0603001,0.1,0.01656719
8467,2023-01-05 15:30:00,2023-01-06 04:30:00,13.0,13210,25276,27,26,114051.0,Los Angeles,25.0,0.0,10.696934,38.0,0.0,5.9740567,66.2,37.0,55.960144,8.903699,0.31,0.010499645
8469,2023-01-06 04:45:00,2023-01-06 05:45:00,1.0,4836,5279,2,3,4476.5,Los Angeles,13.0,0.0,4.75,19.0,0.0,0.2375,58.0,36.0,51.1875,0.0,0.0,0.0
8471,2023-01-06 06:00:00,2023-01-06 06:15:00,0.25,3886,3886,1,1,971.5,Los Angeles,14.0,0.0,4.8125,21.0,0.0,1.3125,57.0,37.0,50.8625,0.0,0.0,0.0
8473,2023-01-06 08:15:00,2023-01-06 08:45:00,0.5,3962,3962,1,1,1981.0,Los Angeles,21.0,0.0,5.9375,30.0,0.0,1.8333334,55.4,35.0,49.283337,0.0,0.0,0.0
8475,2023-01-06 09:45:00,2023-01-06 10:30:00,0.75,4191,4191,2,2,3142.25,Los Angeles,22.0,0.0,4.59375,28.0,0.0,2.359375,54.0,35.0,46.5,0.0,0.0,0.0
8477,2023-01-06 12:00:00,2023-01-06 12:30:00,0.5,4038,4038,1,2,2018.75,Los Angeles,19.0,0.0,4.0,26.0,0.0,1.625,54.0,34.0,45.4875,0.0,0.0,0.0
8479,2023-01-06 13:00:00,2023-01-06 13:15:00,0.25,4032,4032,1,1,1008.0,Los Angeles,10.0,0.0,3.0625,18.0,0.0,1.125,53.0,34.0,44.64375,0.0,0.0,0.0
8481,2023-01-06 16:45:00,2023-01-06 20:30:00,3.75,18295,27907,8,8,45223.25,Los Angeles,40.0,0.0,4.6367188,28.0,0.0,0.109375,64.4,44.0,54.578125,0.0,0.0,0.0
8483,2023-01-06 21:00:00,2023-01-06 21:15:00,0.25,8753,8753,1,1,2188.25,Los Angeles,8.0,0.0,4.3125,0.0,0.0,0.0,64.0,51.0,58.987503,0.0,0.0,0.0
8485,2023-01-06 21:30:00,2023-01-06 21:45:00,0.25,6063,6063,1,1,1515.75,Los Angeles,12.0,0.0,4.03125,17.0,0.0,0.53125,66.0,50.0,60.13125,0.0,0.0,0.0
8487,2023-01-06 22:00:00,2023-01-07 11:00:00,13.0,8120,13358,20,29,77560.5,Los Angeles,18.0,0.0,4.255896,27.0,0.0,0.5082547,68.0,34.0,52.450703,0.0,0.0,0.0
8489,2023-01-08 04:45:00,2023-01-08 05:00:00,0.25,4780,4780,1,1,1195.0,Los Angeles,8.0,0.0,2.84375,0.0,0.0,0.0,58.0,43.0,52.7625,0.0,0.0,0.0
8491,2023-01-09 06:45:00,2023-01-09 07:15:00,0.5,5071,5071,2,1,2528.5,Los Angeles,13.0,0.0,4.3958335,25.0,0.0,1.5625,61.0,40.0,56.25,0.0004,1e-04,8.333333e-06
8493,2023-01-10 03:30:00,2023-01-10 04:45:00,1.25,6162,8268,4,2,6699.75,Los Angeles,29.0,0.0,13.34375,47.0,0.0,15.114583,61.0,44.0,55.96875,9.6904,0.52,0.100941665
8495,2023-01-10 05:45:00,2023-01-10 15:15:00,9.5,15874,22780,17,22,76390.75,Los Angeles,33.0,0.0,13.073718,53.0,0.0,11.383013,63.0,44.0,56.412186,27.7745,0.42,0.044510417
8497,2023-01-10 15:45:00,2023-01-11 07:30:00,15.75,21236,35473,31,33,161510.0,Los Angeles,33.0,0.0,8.770508,62.0,0.0,5.3378906,65.0,36.0,54.53106,11.4932,0.29,0.011223828
8499,2023-01-11 07:45:00,2023-01-11 08:30:00,0.75,4083,4083,2,2,3052.75,Los Angeles,13.0,0.0,2.28125,0.0,0.0,0.0,57.2,36.0,51.021873,0.0,0.0,0.0
8501,2023-01-11 22:45:00,2023-01-12 01:15:00,2.5,5358,5553,3,8,12557.5,Los Angeles,10.0,0.0,4.7045455,0.0,0.0,0.0,63.0,42.0,57.022728,0.0,0.0,0.0
8503,2023-01-12 03:45:00,2023-01-12 04:15:00,0.5,6747,6747,1,2,3199.25,Los Angeles,17.0,0.0,3.4166667,26.0,0.0,1.625,58.0,40.0,51.8875,0.0,0.0,0.0
8505,2023-01-12 05:30:00,2023-01-12 07:30:00,2.0,4807,5450,3,6,9228.25,Los Angeles,15.0,0.0,3.2847223,28.0,0.0,1.5555556,57.0,39.0,50.859726,0.0,0.0,0.0
8507,2023-01-12 23:15:00,2023-01-13 00:00:00,0.75,4745,4799,2,2,3167.75,Los Angeles,20.0,0.0,6.03125,38.0,0.0,2.1875,74.0,44.0,64.10313,0.0,0.0,0.0
8509,2023-01-13 06:30:00,2023-01-13 07:15:00,0.75,4408,4408,1,3,3179.25,Los Angeles,18.0,0.0,4.25,25.0,0.0,1.171875,62.0,39.0,53.4,0.0,0.0,0.0
8511,2023-01-14 03:15:00,2023-01-14 04:00:00,0.75,6685,6685,3,1,4986.0,Los Angeles,8.0,0.0,2.515625,0.0,0.0,0.0,59.0,44.0,53.871872,0.0,0.0,0.0
8513,2023-01-14 04:30:00,2023-01-14 05:00:00,0.5,9965,9965,1,2,4944.75,Los Angeles,8.0,0.0,2.3125,0.0,0.0,0.0,59.0,43.0,52.80417,0.0,0.0,0.0
8515,2023-01-14 05:30:00,2023-01-14 07:00:00,1.5,4463,4733,2,5,6268.5,Los Angeles,9.0,0.0,2.5625,0.0,0.0,0.0,58.0,43.0,52.62857,0.0,0.0,0.0
8517,2023-01-16 18:30:00,2023-01-16 18:45:00,0.25,4275,4275,1,1,1068.75,Los Angeles,24.0,4.0,14.125,30.0,0.0,11.03125,60.0,41.0,54.7875,1e-04,1e-04,3.125e-06
8519,2023-01-17 01:15:00,2023-01-17 02:15:00,1.0,5295,5295,4,1,4484.5,Los Angeles,27.0,0.0,11.9375,32.0,0.0,6.9,58.0,35.0,51.8025,0.07029999,0.02,0.0008787499
8521,2023-01-18 01:15:00,2023-01-18 02:45:00,1.5,6942,6975,3,4,9061.75,Los Angeles,32.0,0.0,9.526786,43.0,0.0,5.178571,60.0,32.0,51.073215,0.0,0.0,0.0
8523,2023-01-18 05:15:00,2023-01-18 08:00:00,2.75,5255,5822,8,4,12393.75,Los Angeles,23.0,0.0,6.5625,26.0,0.0,1.6458334,56.0,30.9,47.30573,0.0,0.0,0.0
8525,2023-01-18 09:00:00,2023-01-18 09:45:00,0.75,14645,14712,2,2,8334.0,Los Angeles,17.0,0.0,4.734375,22.0,0.0,2.03125,51.8,30.0,44.443752,0.0,0.0,0.0
8527,2023-01-18 10:00:00,2023-01-18 11:45:00,1.75,9025,9026,3,3,15618.0,Los Angeles,17.0,0.0,3.3359375,22.0,0.0,1.375,50.0,30.9,42.422657,0.0,0.0,0.0
8529,2023-01-19 18:45:00,2023-01-19 19:00:00,0.25,5005,5005,1,1,1251.25,Los Angeles,17.0,0.0,5.3125,22.0,0.0,1.96875,60.8,41.0,53.850002,0.0,0.0,0.0
8531,2023-01-19 19:30:00,2023-01-19 19:45:00,0.25,4931,4931,1,1,1232.75,Los Angeles,21.0,0.0,7.40625,22.0,0.0,2.59375,62.6,40.0,54.55,1e-04,1e-04,3.125e-06
8533,2023-01-19 20:15:00,2023-01-19 21:00:00,0.75,4889,4889,1,3,3653.0,Los Angeles,17.0,0.0,8.40625,22.0,0.0,2.46875,62.6,38.0,54.678123,0.00049999997,1e-04,7.8124995e-06
8535,2023-01-19 21:15:00,2023-01-19 21:45:00,0.5,4800,4800,2,1,2397.75,Los Angeles,18.0,0.0,9.354167,27.0,0.0,3.9166667,60.0,36.0,54.12916,0.0,0.0,0.0
8537,2023-01-20 18:45:00,2023-01-21 04:00:00,9.25,5634,6649,18,20,47142.75,Los Angeles,20.0,0.0,6.7351975,31.0,0.0,3.3092105,64.0,34.0,53.36974,0.0,0.0,0.0
8539,2023-01-21 08:30:00,2023-01-21 09:15:00,0.75,4705,4705,1,3,3192.5,Los Angeles,17.0,0.0,3.40625,22.0,0.0,1.375,53.6,28.9,44.565628,0.0,0.0,0.0
8541,2023-01-21 14:00:00,2023-01-21 15:15:00,1.25,8431,8439,3,3,10344.0,Los Angeles,17.0,0.0,4.0208335,22.0,0.0,1.375,49.0,25.0,39.80104,0.0,0.0,0.0
8543,2023-01-22 08:15:00,2023-01-22 08:30:00,0.25,4821,4821,1,1,1205.25,Los Angeles,7.0,0.0,2.375,0.0,0.0,0.0,65.0,30.9,47.337498,0.0,0.0,0.0
8545,2023-01-23 02:00:00,2023-01-23 03:45:00,1.75,4622,5036,4,4,7533.0,Los Angeles,26.0,0.0,8.15625,42.0,0.0,5.609375,65.0,30.9,51.384377,0.0,0.0,0.0
8547,2023-01-23 04:00:00,2023-01-23 04:15:00,0.25,3809,3809,1,1,952.25,Los Angeles,16.0,0.0,6.78125,31.0,0.0,6.15625,65.0,30.9,50.293747,0.0,0.0,0.0
8549,2023-01-23 04:30:00,2023-01-24 04:45:00,24.25,11921,26119,48,45,181049.75,Los Angeles,30.0,0.0,7.939413,65.0,0.0,5.182398,70.0,26.1,52.513203,1e-04,1e-04,6.377551e-08
8551,2023-01-24 05:00:00,2023-01-24 06:45:00,1.75,4899,4960,4,4,7748.5,Los Angeles,9.0,0.0,4.0703125,0.0,0.0,0.0,65.0,33.0,49.58125,0.0,0.0,0.0
8553,2023-01-26 22:15:00,2023-01-26 22:45:00,0.5,5955,5955,1,2,2976.5,Los Angeles,26.0,0.0,10.583333,43.0,0.0,8.729167,72.0,48.0,65.025,0.0,0.0,0.0
8555,2023-01-30 23:15:00,2023-01-31 00:45:00,1.5,38723,38723,3,4,32136.75,Los Angeles,60.0,0.0,7.553571,35.0,0.0,2.142857,59.0,38.0,52.353573,0.6507,0.1,0.005809821
8557,2023-01-31 06:15:00,2023-01-31 09:30:00,3.25,7240,7288,4,7,18655.5,Los Angeles,21.0,0.0,5.589286,31.0,0.0,2.513393,55.4,30.0,47.325893,0.0,0.0,0.0
8559,2023-01-31 17:45:00,2023-01-31 20:45:00,3.0,5578,5737,8,5,15723.0,Los Angeles,29.0,0.0,9.596154,50.0,0.0,9.052885,66.0,36.0,56.154808,0.0,0.0,0.0
8561,2023-02-01 16:30:00,2023-02-01 18:15:00,1.75,7819,7819,6,2,12752.75,Los Angeles,13.0,0.0,3.65625,19.0,0.0,1.0625,63.0,28.0,52.36641,0.0,0.0,0.0
8563,2023-02-05 11:30:00,2023-02-05 22:45:00,11.25,11102,13414,24,13,75636.0,Los Angeles,29.0,0.0,8.177989,36.0,0.0,4.5190215,67.0,38.0,55.580982,0.61329997,0.04,0.000833288
8565,2023-02-05 23:00:00,2023-02-05 23:15:00,0.25,5630,5630,1,1,1407.5,Los Angeles,23.0,4.0,14.46875,33.0,0.0,10.3125,65.0,45.0,59.7875,0.0,0.0,0.0
8567,2023-02-05 23:30:00,2023-02-06 00:00:00,0.5,4722,4722,2,1,2228.0,Los Angeles,23.0,4.0,14.625,31.0,0.0,9.395833,65.0,43.0,59.408337,0.0,0.0,0.0
8569,2023-02-06 00:15:00,2023-02-06 01:45:00,1.5,4502,4677,3,4,6153.25,Los Angeles,25.0,3.0,13.732142,36.0,0.0,9.544642,64.0,37.0,57.15893,0.0002,1e-04,1.7857143e-06
8571,2023-02-07 07:15:00,2023-02-07 07:45:00,0.5,6939,6939,1,2,2924.0,Los Angeles,17.0,0.0,4.8958335,22.0,0.0,1.375,57.2,33.0,51.191666,0.0,0.0,0.0
8573,2023-02-07 09:30:00,2023-02-07 10:30:00,1.0,6298,6298,3,1,6278.5,Los Angeles,17.0,0.0,4.75,29.0,0.0,2.475,58.0,32.0,47.927498,0.0,0.0,0.0
8575,2023-02-07 17:30:00,2023-02-07 17:45:00,0.25,4701,4701,1,1,1175.25,Los Angeles,21.0,0.0,6.1875,34.0,0.0,3.5625,68.0,40.0,58.6875,0.0,0.0,0.0
8577,2023-02-07 23:00:00,2023-02-07 23:15:00,0.25,3846,3846,1,1,961.5,Los Angeles,18.0,0.0,9.09375,35.0,0.0,5.0625,72.0,50.0,65.2375,0.0,0.0,0.0
8579,2023-02-08 18:15:00,2023-02-08 18:30:00,0.25,7410,7410,1,1,1852.5,Los Angeles,11.0,0.0,2.25,0.0,0.0,0.0,71.6,49.0,62.45625,0.0,0.0,0.0
8581,2023-02-09 04:00:00,2023-02-09 06:30:00,2.5,7521,7527,4,6,18123.25,Los Angeles,13.0,0.0,3.6420455,0.0,0.0,0.0,64.4,44.0,55.671593,0.0,0.0,0.0
8583,2023-02-09 12:00:00,2023-02-09 14:15:00,2.25,7600,7604,4,3,16830.5,Los Angeles,18.0,0.0,2.6875,0.0,0.0,0.0,65.0,28.9,48.550625,0.0,0.0,0.0
8585,2023-02-10 21:15:00,2023-02-10 21:45:00,0.5,9130,9130,1,1,4565.0,Los Angeles,17.0,0.0,5.6458335,23.0,0.0,1.4166666,80.0,51.0,70.92084,0.0,0.0,0.0
8587,2023-02-12 21:00:00,2023-02-12 21:45:00,0.75,9435,9435,2,2,5146.25,Los Angeles,17.0,2.0,8.296875,26.0,0.0,2.609375,62.0,43.0,55.821877,0.0,0.0,0.0
8589,2023-02-12 22:00:00,2023-02-12 22:15:00,0.25,3983,3983,1,1,995.75,Los Angeles,17.0,2.0,9.03125,26.0,0.0,2.125,61.0,45.0,55.8,0.0,0.0,0.0
8591,2023-02-12 22:30:00,2023-02-12 22:45:00,0.25,3937,3937,1,1,984.25,Los Angeles,17.0,0.0,9.09375,26.0,0.0,4.28125,61.0,45.0,55.725,0.0,0.0,0.0
8593,2023-02-12 23:15:00,2023-02-12 23:30:00,0.25,3917,3917,1,1,979.25,Los Angeles,14.0,2.0,8.75,23.0,0.0,5.78125,61.0,50.0,55.7375,0.0,0.0,0.0
8595,2023-02-13 19:30:00,2023-02-13 20:00:00,0.5,4595,4595,1,2,2140.0,Los Angeles,9.0,0.0,5.25,17.0,0.0,1.0,63.0,48.0,58.7,0.0,0.0,0.0
8597,2023-02-14 03:15:00,2023-02-14 04:30:00,1.25,4305,4305,3,3,5183.0,Los Angeles,22.0,0.0,7.4479165,29.0,0.0,2.96875,58.0,39.0,53.11667,0.0,0.0,0.0
8599,2023-02-14 22:15:00,2023-02-14 22:30:00,0.25,3943,3943,1,1,985.75,Los Angeles,33.0,4.0,15.34375,43.0,0.0,14.59375,60.0,35.0,53.731247,0.0,0.0,0.0
8601,2023-02-14 23:00:00,2023-02-14 23:45:00,0.75,4551,4551,2,2,3373.0,Los Angeles,33.0,2.0,16.0,40.0,0.0,14.671875,61.0,32.0,53.50625,0.0,0.0,0.0
8603,2023-02-15 01:45:00,2023-02-15 02:00:00,0.25,4071,4071,1,1,1017.75,Los Angeles,29.0,2.0,14.8125,39.0,0.0,18.25,60.0,30.9,50.90625,0.0,0.0,0.0
8605,2023-02-15 07:15:00,2023-02-15 15:45:00,8.5,5148,5294,10,14,41670.25,Los Angeles,23.0,0.0,9.2125,32.0,0.0,6.7642856,57.2,23.0,42.490894,0.04,0.01,7.142857e-05
8607,2023-02-15 21:15:00,2023-02-15 22:00:00,0.75,3825,3825,2,2,2868.25,Los Angeles,19.0,0.0,8.796875,28.0,0.0,5.25,64.4,38.0,57.19375,0.0,0.0,0.0
8609,2023-02-16 00:45:00,2023-02-16 01:15:00,0.5,4864,4864,2,1,2431.25,Los Angeles,20.0,0.0,8.541667,20.0,0.0,1.1458334,61.0,39.0,54.962498,0.0,0.0,0.0
8611,2023-02-16 07:00:00,2023-02-16 08:00:00,1.0,4156,4168,3,2,4033.75,Los Angeles,12.0,0.0,3.4125,0.0,0.0,0.0,53.6,28.9,45.3,0.0,0.0,0.0
8613,2023-02-16 17:15:00,2023-02-16 18:45:00,1.5,9708,9717,5,2,12225.75,Los Angeles,19.0,0.0,4.9375,31.0,0.0,2.4017856,64.0,34.0,53.24107,0.0,0.0,0.0
8615,2023-02-16 20:15:00,2023-02-16 20:30:00,0.25,3833,3833,1,1,958.25,Los Angeles,19.0,0.0,7.15625,28.0,0.0,3.5625,67.0,39.0,58.11875,0.0,0.0,0.0
8617,2023-02-17 09:00:00,2023-02-17 09:15:00,0.25,4233,4233,1,1,1058.25,Los Angeles,20.0,0.0,3.6875,29.0,0.0,1.8125,55.4,28.0,45.543747,0.0,0.0,0.0
8619,2023-02-22 06:00:00,2023-02-22 11:45:00,5.75,16200,20946,15,9,47557.75,Los Angeles,43.0,3.0,17.03125,55.0,0.0,17.604166,57.0,27.0,46.806774,0.0111,0.01,2.890625e-05
8621,2023-02-22 12:00:00,2023-02-22 15:00:00,3.0,6034,6559,6,7,15078.75,Los Angeles,29.0,0.0,12.846154,44.0,0.0,10.673077,51.0,26.1,43.434616,0.0018999999,1e-04,9.134615e-06
8623,2023-02-23 00:15:00,2023-02-23 04:30:00,4.25,7581,8631,10,8,23496.5,Los Angeles,34.0,0.0,13.770833,39.0,0.0,12.5625,55.0,28.0,46.40347,0.00049999997,1e-04,1.736111e-06
8625,2023-02-23 19:15:00,2023-02-23 19:30:00,0.25,4300,4300,1,1,1075.0,Los Angeles,21.0,0.0,10.4375,28.0,0.0,8.53125,54.0,33.0,45.05625,0.97,0.23,0.0303125
8627,2023-02-24 19:30:00,2023-02-24 19:45:00,0.25,4018,4018,1,1,1004.5,Los Angeles,29.0,4.0,14.15625,46.0,0.0,16.0625,57.0,33.0,49.7,2.19,0.34,0.0684375
8629,2023-02-24 21:00:00,2023-02-28 03:30:00,78.5,46663,200719,153,160,1827012.25,Los Angeles,34.0,0.0,9.072818,52.0,0.0,7.9371033,58.0,32.0,46.22571,102.7718,0.42,0.02039123
8631,2023-02-28 03:45:00,2023-02-28 18:00:00,14.25,11497,21463,29,29,100854.5,Los Angeles,26.0,0.0,5.733836,46.0,0.0,3.7780173,58.0,33.0,46.523277,4.0231,0.39,0.0043352367
8633,2023-02-28 18:15:00,2023-03-01 05:00:00,10.75,18286,21841,20,24,84811.5,Los Angeles,26.0,0.0,10.526989,46.0,0.0,6.7571025,61.0,33.0,51.619602,3.9606,0.54,0.005625852
8635,2023-03-01 05:15:00,2023-03-01 06:30:00,1.25,4201,4218,2,4,4995.0,Los Angeles,19.0,0.0,8.739583,46.0,0.0,4.7083335,54.0,33.0,48.297913,1.2004,0.1,0.012504167
8637,2023-03-01 07:15:00,2023-03-01 10:15:00,3.0,4836,5146,7,6,13653.0,Los Angeles,23.0,0.0,10.182693,46.0,0.0,9.019231,56.0,33.0,48.539425,2.9215999,0.22,0.014046153
8639,2023-03-01 10:45:00,2023-03-01 11:00:00,0.25,3913,3913,1,1,978.25,Los Angeles,27.0,2.0,12.78125,46.0,0.0,14.875,55.0,33.0,47.83125,0.4202,0.1,0.01313125
8641,2023-03-01 11:15:00,2023-03-01 11:30:00,0.25,4654,4654,1,1,1163.5,Los Angeles,28.0,0.0,12.9375,46.0,0.0,16.59375,55.0,33.0,47.668747,1.27,0.17,0.0396875
8643,2023-03-01 12:00:00,2023-03-01 12:30:00,0.5,3892,3892,1,2,1932.75,Los Angeles,30.0,0.0,14.5625,46.0,0.0,18.125,55.0,33.0,47.358334,1.4,0.24,0.029166667
8645,2023-03-01 12:45:00,2023-03-01 14:00:00,1.25,5427,5429,2,4,6409.5,Los Angeles,29.0,0.0,14.489583,46.0,0.0,16.364584,54.0,33.0,46.864582,1.1407,0.16,0.011882291
8647,2023-03-01 14:30:00,2023-03-01 17:00:00,2.5,4730,5584,7,4,10452.5,Los Angeles,31.0,0.0,14.306818,46.0,0.0,15.232955,54.0,33.0,46.33409,0.1611,0.03,0.0009153409
8649,2023-03-01 17:15:00,2023-03-03 05:15:00,36.0,24667,77780,81,64,392864.0,Los Angeles,33.0,0.0,9.276724,54.0,0.0,9.543103,65.0,30.0,48.522934,0.1737,0.02,7.4870695e-05
8651,2023-03-03 20:30:00,2023-03-03 21:15:00,0.75,4104,4104,3,1,3068.0,Los Angeles,13.0,0.0,5.96875,53.0,0.0,3.75,63.0,32.0,57.084373,0.0,0.0,0.0
8653,2023-03-06 13:15:00,2023-03-06 15:15:00,2.0,17095,17162,4,5,19780.75,Los Angeles,11.0,0.0,3.0763888,53.0,0.0,3.3125,53.0,32.0,46.04861,0.0,0.0,0.0
8655,2023-03-06 18:00:00,2023-03-06 18:30:00,0.5,4510,4510,2,1,2231.75,Los Angeles,16.0,0.0,5.3333335,53.0,0.0,3.3125,61.0,32.0,53.029163,0.0,0.0,0.0
8657,2023-03-06 18:45:00,2023-03-07 11:15:00,16.5,11009,20607,28,38,106902.25,Los Angeles,17.0,0.0,6.818097,53.0,0.0,3.9272387,62.0,32.0,50.84235,0.0401,0.01,3.7406717e-05
8659,2023-03-07 11:30:00,2023-03-07 12:00:00,0.5,3805,3805,1,1,1902.5,Los Angeles,12.0,0.0,3.0416667,53.0,0.0,3.3125,53.6,32.0,44.75,0.0,0.0,0.0
8661,2023-03-07 16:15:00,2023-03-07 16:45:00,0.5,3913,3913,2,1,1948.5,Los Angeles,14.0,0.0,4.1666665,53.0,0.0,2.5,57.2,32.0,49.524998,0.0,0.0,0.0
8663,2023-03-07 23:15:00,2023-03-07 23:30:00,0.25,22115,22115,1,1,5528.75,Los Angeles,17.0,4.0,10.46875,21.0,0.0,2.09375,64.0,40.0,56.95625,0.0,0.0,0.0
8665,2023-03-08 03:30:00,2023-03-08 09:00:00,5.5,6135,7269,11,12,30740.75,Los Angeles,18.0,0.0,6.0815215,0.0,0.0,0.0,57.0,33.0,48.255436,0.0,0.0,0.0
8667,2023-03-08 09:15:00,2023-03-08 09:45:00,0.5,3949,3949,1,1,1974.5,Los Angeles,13.0,0.0,4.7291665,0.0,0.0,0.0,53.6,33.0,45.858337,0.0,0.0,0.0
8669,2023-03-08 10:00:00,2023-03-08 11:00:00,1.0,3930,3930,1,3,3921.0,Los Angeles,13.0,0.0,3.9125,0.0,0.0,0.0,50.0,32.0,44.7575,0.0,0.0,0.0
8671,2023-03-08 17:30:00,2023-03-08 19:15:00,1.75,4432,4432,6,2,7349.25,Los Angeles,22.0,0.0,7.265625,26.0,0.0,1.28125,59.0,35.0,52.95625,0.0,0.0,0.0
8673,2023-03-08 19:30:00,2023-03-08 23:30:00,4.0,6690,6968,6,10,21435.25,Los Angeles,26.0,0.0,9.375,29.0,0.0,2.5955882,62.6,36.0,55.931618,0.0,0.0,0.0
8675,2023-03-09 07:00:00,2023-03-09 08:00:00,1.0,6109,6117,2,3,5871.5,Los Angeles,11.0,0.0,3.5375,0.0,0.0,0.0,55.0,41.0,49.325,0.0,0.0,0.0
8677,2023-03-09 09:30:00,2023-03-09 09:45:00,0.25,3915,3915,1,1,978.75,Los Angeles,9.0,0.0,3.46875,0.0,0.0,0.0,54.0,38.0,48.21875,0.0,0.0,0.0
8679,2023-03-11 04:30:00,2023-03-11 04:45:00,0.25,4498,4498,1,1,1124.5,Los Angeles,22.0,4.0,9.625,30.0,0.0,1.78125,60.0,44.0,54.96875,0.5001,0.12,0.015628126
8681,2023-03-11 12:30:00,2023-03-11 13:30:00,1.0,8414,8416,2,3,5852.5,Los Angeles,19.0,0.0,4.975,0.0,0.0,0.0,60.0,45.0,55.855,0.0108,0.01,0.00013500001
8683,2023-03-12 17:00:00,2023-03-12 17:15:00,0.25,3962,3962,1,1,990.5,Los Angeles,11.0,0.0,3.0,0.0,0.0,0.0,62.0,51.0,58.331253,0.0,0.0,0.0
8685,2023-03-14 16:30:00,2023-03-14 17:15:00,0.75,6145,6145,3,1,3788.5,Los Angeles,31.0,0.0,6.65625,54.0,0.0,6.015625,60.0,44.0,56.0875,0.11139999,0.02,0.0017406249
8687,2023-03-15 01:15:00,2023-03-15 06:15:00,5.0,5419,7095,11,10,23768.25,Los Angeles,23.0,0.0,9.601191,45.0,0.0,5.595238,62.6,45.0,55.06666,10.332701,0.29,0.030752085
8689,2023-03-15 12:15:00,2023-03-15 20:15:00,8.0,8830,14460,21,11,51699.0,Los Angeles,23.0,0.0,8.541667,45.0,0.0,3.0776515,66.0,40.0,56.909092,5.2678,0.2,0.009976894
8691,2023-03-15 21:45:00,2023-03-16 00:15:00,2.5,5864,5982,5,6,11517.0,Los Angeles,22.0,0.0,10.289773,25.0,0.0,1.8068181,66.0,40.0,57.57727,0.0002,1e-04,1.1363636e-06
8693,2023-03-16 16:30:00,2023-03-16 17:00:00,0.5,4269,4269,2,1,2096.5,Los Angeles,11.0,0.0,4.6458335,18.0,0.0,0.75,58.0,43.0,53.037495,0.0,0.0,0.0
8695,2023-03-16 19:30:00,2023-03-16 20:00:00,0.5,4398,4398,1,2,2194.75,Los Angeles,9.0,0.0,5.6875,0.0,0.0,0.0,64.4,49.0,57.116665,0.0,0.0,0.0
8697,2023-03-16 20:15:00,2023-03-16 20:30:00,0.25,4675,4675,1,1,1168.75,Los Angeles,10.0,0.0,5.46875,0.0,0.0,0.0,64.4,49.0,57.44375,0.0,0.0,0.0
8699,2023-03-17 03:15:00,2023-03-17 04:30:00,1.25,5320,6242,2,4,5745.75,Los Angeles,12.0,0.0,5.375,0.0,0.0,0.0,59.0,41.0,53.327084,0.0,0.0,0.0
8701,2023-03-17 18:30:00,2023-03-17 19:00:00,0.5,18540,18540,2,1,5998.75,Los Angeles,13.0,0.0,4.75,21.0,0.0,0.875,65.0,49.0,59.016663,0.0,0.0,0.0
8703,2023-03-17 19:15:00,2023-03-17 21:45:00,2.5,4327,4415,6,5,10387.75,Los Angeles,17.0,0.0,6.9829545,27.0,0.0,2.2556818,72.0,50.0,61.815907,0.0,0.0,0.0
8705,2023-03-19 05:30:00,2023-03-19 06:00:00,0.5,3915,3915,1,2,1956.0,Los Angeles,10.0,0.0,3.4375,0.0,0.0,0.0,69.8,48.0,59.829166,0.0,0.0,0.0
8707,2023-03-20 17:45:00,2023-03-20 20:30:00,2.75,4100,4235,7,5,10816.5,Los Angeles,21.0,0.0,9.296875,26.0,0.0,1.546875,63.0,43.0,57.434372,0.0,0.0,0.0
8709,2023-03-21 17:30:00,2023-03-21 17:45:00,0.25,4172,4172,1,1,1043.0,Los Angeles,28.0,0.0,14.15625,47.0,0.0,16.84375,63.0,38.0,52.725,1.0603,0.17,0.033134375
8711,2023-03-21 22:00:00,2023-03-21 23:30:00,1.5,5228,5240,4,3,7702.75,Los Angeles,23.0,0.0,13.205358,42.0,0.0,13.589286,63.0,34.0,53.81071,1.5508001,0.1,0.013846429
8713,2023-03-21 23:45:00,2023-03-22 04:45:00,5.0,7112,9160,12,9,29547.0,Los Angeles,28.0,0.0,11.610119,47.0,0.0,10.547619,60.0,32.0,49.898216,7.2629,0.27,0.021615773
8715,2023-03-22 05:00:00,2023-03-22 07:15:00,2.25,6665,7148,6,4,14152.0,Los Angeles,22.0,0.0,9.54375,31.0,0.0,7.85625,57.0,33.0,48.098747,1.682,0.11,0.0105125
8717,2023-03-22 15:15:00,2023-03-22 21:30:00,6.25,13124,15752,12,14,36050.0,Los Angeles,22.0,0.0,9.521635,31.0,0.0,5.641827,62.6,32.0,50.96009,3.0244,0.14,0.0072701923
8719,2023-03-22 23:45:00,2023-03-23 00:15:00,0.5,6219,6219,1,2,3108.75,Los Angeles,17.0,0.0,9.625,24.0,0.0,4.0625,62.6,37.0,53.325,0.17070001,0.07,0.0035562504
8721,2023-03-23 15:00:00,2023-03-23 15:15:00,0.25,3814,3814,1,1,953.5,Los Angeles,15.0,0.0,3.75,0.0,0.0,0.0,54.0,34.0,48.2375,0.050199997,0.03,0.0015687499
8723,2023-03-23 16:00:00,2023-03-23 16:15:00,0.25,4907,4907,1,1,1226.75,Los Angeles,15.0,0.0,4.5,18.0,0.0,1.625,56.0,36.0,50.425,0.0002,1e-04,6.25e-06
8725,2023-03-24 11:30:00,2023-03-24 13:00:00,1.5,4771,4772,2,5,6836.25,Los Angeles,22.0,0.0,10.508928,32.0,0.0,8.303572,58.0,32.0,49.033928,0.0004,1e-04,3.5714286e-06
8727,2023-03-24 16:30:00,2023-03-24 18:45:00,2.25,8537,8537,6,4,15190.0,Los Angeles,23.0,0.0,11.45625,31.0,0.0,11.15,68.0,32.0,55.775,0.050499998,0.01,0.000315625
8729,2023-03-26 01:15:00,2023-03-26 01:30:00,0.25,4136,4136,1,1,1034.0,Los Angeles,27.0,0.0,12.53125,39.0,0.0,8.90625,65.0,36.0,56.61875,0.0,0.0,0.0
8731,2023-03-27 03:45:00,2023-03-27 04:15:00,0.5,3903,3903,1,2,1948.5,Los Angeles,18.0,0.0,9.916667,23.0,0.0,4.6458335,61.0,33.0,52.9375,0.0,0.0,0.0
8733,2023-03-28 03:30:00,2023-03-28 04:00:00,0.5,4481,4481,1,2,2153.0,Los Angeles,13.0,0.0,4.875,22.0,0.0,1.375,65.0,42.0,55.979168,0.0,0.0,0.0
8735,2023-03-28 20:15:00,2023-03-28 22:30:00,2.25,5243,5274,4,6,11486.0,Los Angeles,22.0,0.0,11.14375,31.0,0.0,5.70625,73.0,30.0,64.815,0.0004,1e-04,2.5e-06
8737,2023-03-28 22:45:00,2023-03-28 23:00:00,0.25,3819,3819,1,1,954.75,Los Angeles,21.0,0.0,10.625,27.0,0.0,5.75,72.0,54.0,63.912502,0.0,0.0,0.0
8739,2023-03-29 00:00:00,2023-03-29 02:15:00,2.25,4223,4276,4,6,9245.75,Los Angeles,22.0,0.0,10.76875,37.0,0.0,4.90625,71.0,32.0,59.2,0.0002,1e-04,1.25e-06
8741,2023-03-29 03:00:00,2023-03-29 04:00:00,1.0,5927,5974,2,3,5508.0,Los Angeles,16.0,0.0,7.325,25.0,0.0,2.9125,64.4,43.0,54.6,0.0,0.0,0.0
8743,2023-03-29 05:30:00,2023-03-29 05:45:00,0.25,6528,6528,1,1,1632.0,Los Angeles,24.0,0.0,7.84375,30.0,0.0,2.46875,64.4,39.0,53.699997,0.0,0.0,0.0
8745,2023-03-29 14:15:00,2023-03-29 15:00:00,0.75,4699,4699,3,1,3417.5,Los Angeles,18.0,0.0,8.90625,21.0,0.0,2.78125,56.0,32.0,47.515625,4.9902,0.28,0.077971876
8747,2023-03-29 15:15:00,2023-03-29 18:30:00,3.25,6973,7533,9,4,21265.25,Los Angeles,18.0,0.0,7.473214,23.0,0.0,1.2723215,59.0,33.0,49.28125,3.333,0.13,0.014879464
8749,2023-03-29 20:15:00,2023-03-30 00:15:00,4.0,9694,12917,9,8,23716.75,Los Angeles,23.0,3.0,11.988971,31.0,0.0,9.136029,65.0,37.0,55.944122,0.00059999997,1e-04,2.2058823e-06
8751,2023-03-30 00:45:00,2023-03-30 01:15:00,0.5,4532,4532,2,1,2230.25,Los Angeles,20.0,5.0,11.270833,28.0,0.0,7.2916665,60.0,36.0,53.599995,0.0,0.0,0.0
8753,2023-03-30 01:45:00,2023-03-30 03:15:00,1.5,4697,5073,2,5,6250.75,Los Angeles,20.0,0.0,8.607142,29.0,0.0,3.9107144,59.0,32.0,50.637505,0.120000005,0.05,0.0010714286
8755,2023-04-03 22:45:00,2023-04-04 10:15:00,11.5,14853,24823,20,27,98781.0,Los Angeles,41.0,0.0,14.081117,61.0,0.0,16.703457,66.0,28.0,50.869682,0.0008,1e-04,1.0638298e-06
8757,2023-04-05 04:30:00,2023-04-05 05:15:00,0.75,4131,4131,1,3,2972.25,Los Angeles,24.0,0.0,8.90625,32.0,0.0,3.5625,58.0,33.0,51.209373,0.0,0.0,0.0
8759,2023-04-05 21:00:00,2023-04-05 21:15:00,0.25,4010,4010,1,1,1002.5,Los Angeles,13.0,3.0,7.9375,25.0,0.0,4.0,70.0,49.0,62.5625,0.0,0.0,0.0
8761,2023-04-06 05:45:00,2023-04-06 12:45:00,7.0,5568,6185,9,14,35689.5,Los Angeles,17.0,0.0,2.9461207,0.0,0.0,0.0,62.6,30.0,50.232975,0.0,0.0,0.0
8763,2023-04-07 01:30:00,2023-04-07 02:45:00,1.25,4497,4497,1,5,5465.75,Los Angeles,15.0,0.0,7.8020835,16.0,0.0,1.1041666,71.0,50.0,61.922916,0.0,0.0,0.0
8765,2023-04-08 16:15:00,2023-04-08 16:30:00,0.25,4802,4802,1,1,1200.5,Los Angeles,14.0,0.0,3.625,0.0,0.0,0.0,66.2,46.0,57.09375,0.0,0.0,0.0
8767,2023-04-12 21:00:00,2023-04-12 21:30:00,0.5,5437,5437,1,2,2360.5,Los Angeles,20.0,0.0,7.1666665,25.0,0.0,3.3333333,72.0,52.0,60.69167,0.00029999999,1e-04,6.25e-06
8769,2023-04-12 22:00:00,2023-04-12 23:00:00,1.0,3891,3891,3,1,3872.0,Los Angeles,23.0,0.0,8.4,29.0,0.0,2.875,72.0,52.0,60.395,0.00049999997,1e-04,6.2499994e-06
8771,2023-04-13 07:00:00,2023-04-13 07:45:00,0.75,4269,4269,1,3,3200.5,Los Angeles,20.0,0.0,7.25,26.0,0.0,0.9375,59.0,36.0,53.575,0.1,0.03,0.0015625
8773,2023-04-13 08:30:00,2023-04-13 08:45:00,0.25,3811,3811,1,1,952.75,Los Angeles,18.0,0.0,6.4375,26.0,0.0,1.625,57.2,42.0,52.5125,0.07,0.02,0.0021875
8775,2023-04-13 11:15:00,2023-04-13 12:15:00,1.0,6887,7196,2,3,5496.5,Los Angeles,22.0,0.0,6.6125,28.0,0.0,1.0,57.0,39.0,51.325,0.0,0.0,0.0
8777,2023-04-13 15:30:00,2023-04-13 16:30:00,1.0,5855,5979,3,2,5625.25,Los Angeles,29.0,0.0,7.1375,35.0,0.0,3.375,58.0,36.0,53.230003,0.0,0.0,0.0
8779,2023-04-13 19:00:00,2023-04-13 20:00:00,1.0,8852,8876,2,3,8786.25,Los Angeles,19.0,0.0,8.4,28.0,0.0,2.9875,65.0,46.0,56.765003,0.00029999999,1e-04,3.75e-06
8781,2023-04-15 00:00:00,2023-04-15 00:30:00,0.5,4289,4289,1,2,2144.25,Los Angeles,20.0,0.0,9.104167,20.0,0.0,1.4583334,67.0,53.0,60.474995,0.0,0.0,0.0
8783,2023-04-15 04:30:00,2023-04-15 04:45:00,0.25,4074,4074,1,1,1018.5,Los Angeles,18.0,0.0,5.65625,29.0,0.0,1.8125,60.8,46.0,54.525,0.0,0.0,0.0
8785,2023-04-15 10:30:00,2023-04-15 10:45:00,0.25,5769,5769,1,1,1442.25,Los Angeles,13.0,0.0,2.03125,0.0,0.0,0.0,56.0,37.0,48.65625,0.0,0.0,0.0
8787,2023-04-17 11:30:00,2023-04-17 11:45:00,0.25,9073,9073,1,1,2268.25,Los Angeles,20.0,0.0,4.5,30.0,0.0,1.8125,59.0,43.0,52.612503,0.0,0.0,0.0
8789,2023-04-18 15:30:00,2023-04-18 23:15:00,7.75,5734,6661,18,14,38335.5,Los Angeles,27.0,0.0,10.298828,33.0,0.0,5.529297,67.0,36.0,59.8082,0.00029999999,1e-04,5.8593747e-07
8791,2023-04-19 02:15:00,2023-04-19 02:30:00,0.25,6712,6712,1,1,1678.0,Los Angeles,22.0,0.0,10.125,33.0,0.0,4.875,62.0,41.0,56.043747,0.0,0.0,0.0
8793,2023-04-19 20:00:00,2023-04-19 20:30:00,0.5,3932,3932,2,1,1965.75,Los Angeles,21.0,3.0,11.458333,30.0,0.0,7.1875,72.0,46.0,63.791668,0.0,0.0,0.0
8795,2023-04-19 21:30:00,2023-04-19 21:45:00,0.25,3869,3869,1,1,967.25,Los Angeles,19.0,0.0,11.75,36.0,0.0,10.71875,74.0,48.0,64.943756,0.0,0.0,0.0
8797,2023-04-19 22:15:00,2023-04-19 22:45:00,0.5,3832,3832,2,1,1913.5,Los Angeles,23.0,0.0,12.708333,36.0,0.0,8.166667,75.0,48.0,64.791664,0.0,0.0,0.0
8799,2023-04-20 16:45:00,2023-04-20 17:00:00,0.25,5617,5617,1,1,1404.25,Los Angeles,11.0,0.0,3.75,16.0,0.0,1.0,73.0,51.0,65.9375,0.0,0.0,0.0
8801,2023-04-22 19:00:00,2023-04-22 20:00:00,1.0,4517,4517,3,2,4194.0,Los Angeles,12.0,0.0,6.275,21.0,0.0,2.225,89.0,64.0,78.5325,0.0,0.0,0.0
8803,2023-04-22 20:30:00,2023-04-22 22:15:00,1.75,4229,4268,3,4,7066.5,Los Angeles,14.0,0.0,7.296875,15.0,0.0,0.6875,88.0,65.0,78.904686,0.0,0.0,0.0
8805,2023-04-23 03:45:00,2023-04-23 04:00:00,0.25,6694,6694,1,1,1673.5,Los Angeles,18.0,0.0,5.8125,29.0,0.0,1.8125,86.0,55.0,67.837494,0.0,0.0,0.0
8807,2023-04-26 14:45:00,2023-04-26 15:45:00,1.0,5236,5236,3,1,5225.75,Los Angeles,15.0,0.0,2.3,26.0,0.0,1.55,66.0,52.0,58.382496,0.0,0.0,0.0
8809,2023-04-29 16:30:00,2023-04-29 17:00:00,0.5,4142,4142,2,1,2051.25,Los Angeles,5.0,0.0,2.0208333,0.0,0.0,0.0,82.0,52.0,65.004166,0.0,0.0,0.0
8811,2023-05-03 03:15:00,2023-05-03 04:00:00,0.75,36743,36743,3,1,27476.25,Los Angeles,15.0,0.0,8.140625,21.0,0.0,1.265625,60.0,38.0,53.553127,0.0,0.0,0.0
8813,2023-05-04 16:45:00,2023-05-04 17:30:00,0.75,5645,5645,3,1,3579.0,Los Angeles,14.0,0.0,7.0625,20.0,0.0,0.90625,64.4,39.0,54.11875,0.3402,0.05,0.005315625
8815,2023-05-04 17:45:00,2023-05-04 19:15:00,1.5,10929,11200,2,5,9225.0,Los Angeles,16.0,0.0,8.526786,22.0,0.0,2.455357,66.2,39.2,56.69643,0.22109999,0.03,0.001974107
8817,2023-05-04 21:15:00,2023-05-04 21:30:00,0.25,3814,3814,1,1,953.5,Los Angeles,18.0,0.0,10.6875,27.0,0.0,4.84375,69.8,46.0,59.50625,0.0,0.0,0.0
8820,2023-05-12 00:00:00,2023-05-12 00:15:00,0.25,4539,4539,1,1,1134.75,Los Angeles,16.0,0.0,9.78125,18.0,0.0,3.0,80.0,56.0,67.2625,0.0,0.0,0.0
8822,2023-05-12 07:15:00,2023-05-12 07:45:00,0.5,6705,6705,1,2,3351.5,Los Angeles,14.0,0.0,4.9583335,14.0,0.0,0.875,64.4,52.0,58.579166,0.0,0.0,0.0
8824,2023-05-12 14:30:00,2023-05-12 14:45:00,0.25,9171,9171,1,1,2292.75,Los Angeles,9.0,0.0,2.5625,0.0,0.0,0.0,62.0,53.0,57.6125,0.0,0.0,0.0
8826,2023-05-13 05:00:00,2023-05-13 06:45:00,1.75,12186,12368,3,5,20255.0,Los Angeles,19.0,0.0,5.453125,27.0,0.0,1.625,75.2,54.0,63.328125,0.0,0.0,0.0
8828,2023-05-13 16:00:00,2023-05-13 17:00:00,1.0,6509,6509,4,1,5788.0,Los Angeles,21.0,0.0,4.5375,30.0,0.0,1.8,80.0,54.0,66.427505,0.0,0.0,0.0
8830,2023-05-14 00:45:00,2023-05-14 01:30:00,0.75,11270,11270,3,1,8439.0,Los Angeles,18.0,2.0,8.90625,22.0,0.0,1.171875,90.0,58.0,69.69687,0.0,0.0,0.0
8832,2023-05-14 15:30:00,2023-05-14 15:45:00,0.25,4597,4597,1,1,1149.25,Los Angeles,10.0,0.0,3.9375,0.0,0.0,0.0,82.0,54.0,63.481247,0.0,0.0,0.0
8834,2023-05-14 22:30:00,2023-05-14 22:45:00,0.25,4903,4903,1,1,1225.75,Los Angeles,20.0,0.0,10.34375,27.0,0.0,5.96875,91.0,61.0,75.2875,0.0,0.0,0.0
8836,2023-05-14 23:30:00,2023-05-15 00:00:00,0.5,5286,5286,2,1,2468.0,Los Angeles,20.0,3.0,10.854167,26.0,0.0,7.4375,90.0,59.0,73.07083,0.0,0.0,0.0
8838,2023-05-15 00:45:00,2023-05-15 02:00:00,1.25,6073,6114,4,2,7152.0,Los Angeles,17.0,0.0,8.291667,25.0,0.0,2.5,88.0,32.0,66.822914,0.0,0.0,0.0
8840,2023-05-16 21:30:00,2023-05-16 21:45:00,0.25,4109,4109,1,1,1027.25,Los Angeles,21.0,4.0,10.875,27.0,0.0,4.75,92.0,62.0,74.51875,0.0,0.0,0.0
8842,2023-05-17 05:45:00,2023-05-17 06:00:00,0.25,3891,3891,1,1,972.75,Los Angeles,10.0,0.0,5.09375,0.0,0.0,0.0,69.8,55.0,62.35,0.0,0.0,0.0
8844,2023-05-17 06:15:00,2023-05-17 06:45:00,0.5,3989,3989,1,2,1994.25,Los Angeles,10.0,0.0,5.1666665,0.0,0.0,0.0,69.8,55.0,61.829163,0.0,0.0,0.0
8846,2023-05-18 05:30:00,2023-05-18 09:00:00,3.5,4426,4526,4,7,15210.5,Los Angeles,14.0,0.0,4.9416666,24.0,0.0,0.95,76.0,51.0,62.856667,0.0,0.0,0.0
8848,2023-05-18 19:15:00,2023-05-18 20:00:00,0.75,4817,4817,1,2,3576.75,Los Angeles,17.0,0.0,8.15625,25.0,0.0,3.421875,96.0,56.0,70.18437,0.0,0.0,0.0
8850,2023-05-20 00:30:00,2023-05-20 01:30:00,1.0,6071,6071,2,3,5519.5,Los Angeles,20.0,0.0,8.4625,26.0,0.0,1.1375,86.0,56.0,68.292496,0.0,0.0,0.0
8852,2023-05-21 04:15:00,2023-05-21 04:45:00,0.5,8706,8706,2,1,3980.5,Los Angeles,11.0,0.0,5.7708335,22.0,0.0,1.375,76.0,56.0,64.450005,0.0,0.0,0.0
8854,2023-05-21 08:15:00,2023-05-21 11:45:00,3.5,13600,21576,5,7,27227.75,Los Angeles,11.0,0.0,3.275,0.0,0.0,0.0,70.0,54.0,61.445835,0.0,0.0,0.0
8856,2023-05-21 20:00:00,2023-05-21 20:45:00,0.75,3842,3844,2,2,2878.0,Los Angeles,11.0,0.0,7.140625,18.0,0.0,0.5625,92.0,59.0,73.6125,0.0,0.0,0.0
8858,2023-05-21 22:15:00,2023-05-21 22:30:00,0.25,4794,4794,1,1,1198.5,Los Angeles,21.0,0.0,9.96875,24.0,0.0,2.6875,88.0,58.0,73.41875,0.0,0.0,0.0
8860,2023-05-22 08:45:00,2023-05-22 12:45:00,4.0,4979,5332,4,7,17209.25,Los Angeles,15.0,0.0,4.1727943,24.0,0.0,0.3529412,80.6,54.0,62.317642,0.0,0.0,0.0
8862,2023-05-22 20:30:00,2023-05-22 20:45:00,0.25,4175,4175,1,1,1043.75,Los Angeles,19.0,0.0,8.0,22.0,0.0,1.28125,92.0,57.0,70.04375,0.0,0.0,0.0
8864,2023-05-23 17:15:00,2023-05-23 18:15:00,1.0,7883,7883,1,4,6002.0,Los Angeles,18.0,0.0,7.15,22.0,0.0,1.8,85.0,53.0,64.552505,0.0,0.0,0.0
8866,2023-05-23 18:45:00,2023-05-23 19:30:00,0.75,4905,4905,2,2,3675.0,Los Angeles,21.0,0.0,8.5625,29.0,0.0,2.921875,86.0,53.0,65.39375,0.0,0.0,0.0
8868,2023-05-25 15:15:00,2023-05-25 16:00:00,0.75,8647,8647,2,2,6106.5,Los Angeles,18.0,0.0,5.984375,0.0,0.0,0.0,65.0,44.0,59.375,1e-04,1e-04,1.5625e-06
8870,2023-05-25 16:45:00,2023-05-25 17:00:00,0.25,4659,4659,1,1,1164.75,Los Angeles,17.0,0.0,6.6875,20.0,0.0,1.21875,65.0,48.0,60.90625,0.0,0.0,0.0
8872,2023-05-27 23:30:00,2023-05-28 00:00:00,0.5,10429,10429,1,2,5214.25,Los Angeles,20.0,3.0,10.958333,26.0,0.0,4.8125,86.0,55.4,68.495834,0.0,0.0,0.0
8874,2023-05-28 06:00:00,2023-05-28 06:45:00,0.75,4290,4292,2,2,3146.5,Los Angeles,14.0,0.0,6.640625,27.0,0.0,1.46875,68.0,52.0,61.19375,0.0,0.0,0.0
8876,2023-06-01 03:30:00,2023-06-01 04:15:00,0.75,13185,13185,2,2,9639.0,Los Angeles,24.0,0.0,6.4375,29.0,0.0,0.796875,64.0,48.0,58.925,1e-04,1e-04,1.5625e-06
8878,2023-06-03 21:30:00,2023-06-03 22:15:00,0.75,5540,5540,1,3,4151.25,Los Angeles,20.0,0.0,9.671875,27.0,0.0,5.109375,92.0,63.0,73.921875,0.0,0.0,0.0
8880,2023-06-06 16:45:00,2023-06-06 17:00:00,0.25,5141,5141,1,1,1285.25,Los Angeles,17.0,0.0,6.375,0.0,0.0,0.0,66.2,46.0,61.2125,0.0,0.0,0.0
8882,2023-06-06 19:00:00,2023-06-06 19:15:00,0.25,5362,5362,1,1,1340.5,Los Angeles,15.0,0.0,7.1875,24.0,0.0,2.5,69.8,51.0,63.9375,0.0,0.0,0.0
8884,2023-06-07 21:45:00,2023-06-07 22:30:00,0.75,3942,3942,2,2,2946.75,Los Angeles,18.0,3.0,8.21875,24.0,0.0,2.375,72.0,57.0,66.243744,0.0,0.0,0.0
8886,2023-06-08 00:45:00,2023-06-08 01:00:00,0.25,3875,3875,1,1,968.75,Los Angeles,15.0,4.0,8.8125,16.0,0.0,0.9375,70.0,57.0,65.725006,0.0,0.0,0.0
8888,2023-06-09 05:15:00,2023-06-09 12:45:00,7.5,6107,6785,11,16,36966.25,Los Angeles,16.0,0.0,5.219758,27.0,0.0,0.20564516,71.6,53.0,60.35484,0.0,0.0,0.0
8890,2023-06-11 00:30:00,2023-06-11 01:00:00,0.5,11120,11120,1,2,5555.0,Los Angeles,19.0,5.0,8.979167,22.0,0.0,0.8125,74.0,54.0,64.74166,0.0,0.0,0.0
8892,2023-06-11 19:15:00,2023-06-11 20:00:00,0.75,5550,5572,2,2,4156.5,Los Angeles,26.0,0.0,8.8125,33.0,0.0,5.234375,71.6,51.0,64.175,0.010499999,0.01,0.00016406248
8894,2023-06-11 20:15:00,2023-06-11 20:30:00,0.25,4218,4218,1,1,1054.5,Los Angeles,27.0,0.0,8.90625,33.0,0.0,5.1875,71.6,51.0,64.19375,1e-04,1e-04,3.125e-06
8896,2023-06-12 17:15:00,2023-06-12 18:15:00,1.0,4025,4025,4,1,4011.0,Los Angeles,15.0,0.0,6.6875,18.0,0.0,1.0,72.0,51.0,64.927505,0.0,0.0,0.0
8898,2023-06-12 19:00:00,2023-06-12 20:15:00,1.25,4399,4403,2,4,5278.0,Los Angeles,21.0,0.0,9.6875,27.0,0.0,4.1666665,76.0,55.0,66.75208,0.0,0.0,0.0
8900,2023-06-13 07:30:00,2023-06-13 12:00:00,4.5,6485,7507,4,12,23248.5,Los Angeles,14.0,0.0,5.4605265,21.0,0.0,0.3223684,66.2,52.0,59.6204,0.0,0.0,0.0
8902,2023-06-17 00:30:00,2023-06-17 02:45:00,2.25,5013,5042,7,3,10669.5,Los Angeles,19.0,0.0,9.71875,22.0,0.0,1.6875,89.0,56.0,70.57875,0.0,0.0,0.0
8904,2023-06-17 12:15:00,2023-06-17 12:30:00,0.25,5654,5654,1,1,1413.5,Los Angeles,10.0,0.0,3.8125,0.0,0.0,0.0,75.2,57.0,62.956253,0.0,0.0,0.0
8906,2023-06-17 13:30:00,2023-06-17 18:45:00,5.25,5862,8322,12,8,25214.75,Los Angeles,13.0,0.0,3.846591,15.0,0.0,0.08522727,91.0,59.0,69.61136,0.0,0.0,0.0
8908,2023-06-20 22:00:00,2023-06-20 22:30:00,0.5,4500,4500,2,1,2249.0,Los Angeles,23.0,5.0,11.416667,30.0,0.0,5.2708335,83.0,49.0,73.441666,0.0,0.0,0.0
8910,2023-06-21 21:30:00,2023-06-21 21:45:00,0.25,3917,3917,1,1,979.25,Los Angeles,18.0,6.0,10.96875,23.0,0.0,5.375,84.0,64.0,75.48125,0.0,0.0,0.0
8912,2023-06-21 22:00:00,2023-06-21 22:15:00,0.25,3949,3949,1,1,987.25,Los Angeles,18.0,6.0,11.71875,24.0,0.0,6.15625,84.0,64.0,75.7625,0.0,0.0,0.0
8914,2023-06-22 23:00:00,2023-06-22 23:30:00,0.5,4755,4755,1,2,2317.75,Los Angeles,31.0,0.0,13.270833,40.0,0.0,10.958333,76.0,59.0,69.07083,0.0,0.0,0.0
8916,2023-06-23 04:30:00,2023-06-23 05:30:00,1.0,5653,5765,3,2,4635.25,Los Angeles,18.0,0.0,8.4125,22.0,0.0,1.975,69.8,49.0,60.3375,0.0,0.0,0.0
8918,2023-06-23 07:30:00,2023-06-23 08:30:00,1.0,3820,3820,1,4,3814.25,Los Angeles,14.0,0.0,6.4125,15.0,0.0,0.9375,69.8,47.0,58.8675,0.0,0.0,0.0
8920,2023-06-23 17:45:00,2023-06-23 19:45:00,2.0,6379,6379,5,4,12548.25,Los Angeles,14.0,0.0,6.2152777,19.0,0.0,0.9930556,76.0,57.0,68.09028,0.0,0.0,0.0
8922,2023-06-28 00:15:00,2023-06-28 00:30:00,0.25,6763,6763,1,1,1690.75,Los Angeles,19.0,0.0,10.3125,27.0,0.0,2.625,86.0,62.0,74.60625,0.0,0.0,0.0
8924,2023-06-28 01:15:00,2023-06-28 01:45:00,0.5,6219,6219,1,2,3089.75,Los Angeles,19.0,4.0,10.583333,27.0,0.0,3.4375,83.0,61.0,72.09583,0.0,0.0,0.0
8926,2023-06-29 03:30:00,2023-06-29 03:45:00,0.25,11762,11762,1,1,2940.5,Los Angeles,18.0,0.0,7.75,16.0,0.0,1.0,79.0,55.0,66.3875,0.0,0.0,0.0
8928,2023-06-29 08:45:00,2023-06-29 09:00:00,0.25,5304,5304,1,1,1326.0,Los Angeles,14.0,0.0,4.65625,25.0,0.0,1.5625,71.0,55.0,61.9125,0.0,0.0,0.0
8930,2023-06-29 16:30:00,2023-06-29 17:15:00,0.75,4409,4409,3,1,3194.0,Los Angeles,7.0,0.0,3.171875,0.0,0.0,0.0,84.0,57.0,68.45937,0.0,0.0,0.0
8932,2023-06-30 00:30:00,2023-06-30 02:30:00,2.0,5155,5484,5,4,9226.5,Los Angeles,22.0,0.0,8.756945,22.0,0.0,1.1527778,98.0,61.0,74.773605,0.0,0.0,0.0
8934,2023-06-30 06:45:00,2023-06-30 07:15:00,0.5,6331,6331,1,2,2993.25,Los Angeles,16.0,0.0,6.1458335,25.0,0.0,1.5625,80.6,57.0,66.875,0.0,0.0,0.0
8936,2023-06-30 07:45:00,2023-06-30 08:15:00,0.5,3996,3996,1,2,1997.75,Los Angeles,18.0,0.0,5.5416665,24.0,0.0,1.5,76.0,57.0,65.375,0.0,0.0,0.0
8938,2023-07-01 01:45:00,2023-07-01 04:00:00,2.25,4246,4254,3,5,9469.75,Los Angeles,17.0,0.0,8.1,26.0,0.0,1.4,98.0,58.0,73.93626,0.0,0.0,0.0
8940,2023-07-01 04:45:00,2023-07-01 05:15:00,0.5,4702,4702,2,1,2335.75,Los Angeles,17.0,0.0,6.3958335,0.0,0.0,0.0,86.0,58.0,70.22083,0.0,0.0,0.0
8942,2023-07-02 03:30:00,2023-07-02 05:15:00,1.75,7015,7697,5,3,11064.5,Los Angeles,18.0,0.0,7.484375,25.0,0.0,2.375,94.0,58.0,70.13437,0.0,0.0,0.0
8944,2023-07-02 14:00:00,2023-07-02 15:15:00,1.25,6652,6652,2,4,8257.75,Los Angeles,13.0,0.0,3.3229167,18.0,0.0,1.3020834,91.0,57.0,68.12292,0.0,0.0,0.0
8946,2023-07-02 16:15:00,2023-07-02 22:45:00,6.5,6491,9057,13,14,35063.5,Los Angeles,20.0,0.0,7.4444447,25.0,0.0,2.300926,107.0,58.0,79.285645,0.0,0.0,0.0
8948,2023-07-04 00:15:00,2023-07-04 00:30:00,0.25,8556,8556,1,1,2139.0,Los Angeles,23.0,2.0,11.625,31.0,0.0,7.09375,99.0,62.0,79.35,0.0,0.0,0.0
8950,2023-07-05 05:15:00,2023-07-05 06:30:00,1.25,3962,3965,3,3,4875.75,Los Angeles,17.0,0.0,8.3125,22.0,0.0,1.0416666,86.0,53.0,66.88333,0.0,0.0,0.0
8952,2023-07-08 04:30:00,2023-07-08 05:15:00,0.75,4234,4234,2,2,2975.75,Los Angeles,22.0,0.0,7.328125,35.0,0.0,2.421875,78.0,55.0,66.85625,0.0,0.0,0.0
8954,2023-07-09 08:15:00,2023-07-09 10:30:00,2.25,10024,10132,5,4,21996.75,Los Angeles,16.0,0.0,4.64375,25.0,0.0,0.15625,78.8,56.0,62.953747,0.0,0.0,0.0
8956,2023-07-09 18:30:00,2023-07-09 20:15:00,1.75,5566,7011,5,3,9123.25,Los Angeles,17.0,0.0,7.390625,22.0,0.0,2.421875,89.0,63.0,74.91875,0.0,0.0,0.0
8958,2023-07-09 21:30:00,2023-07-09 22:30:00,1.0,4095,4095,2,3,4076.25,Los Angeles,19.0,3.0,10.475,23.0,0.0,3.5,90.0,65.0,77.2125,0.0,0.0,0.0
8960,2023-07-10 00:00:00,2023-07-10 01:15:00,1.25,3964,3977,3,2,4818.25,Los Angeles,19.0,5.0,10.802083,23.0,0.0,2.1666667,88.0,62.0,76.06667,0.0,0.0,0.0
8962,2023-07-10 03:45:00,2023-07-10 04:00:00,0.25,12189,12189,1,1,3047.25,Los Angeles,17.0,0.0,8.0,0.0,0.0,0.0,76.0,58.0,67.79375,0.0,0.0,0.0
8964,2023-07-10 04:15:00,2023-07-10 04:30:00,0.25,5511,5511,1,1,1377.75,Los Angeles,17.0,0.0,7.46875,0.0,0.0,0.0,76.0,58.0,67.7,0.0,0.0,0.0
8966,2023-07-10 04:45:00,2023-07-10 05:15:00,0.5,6637,6637,1,2,2987.0,Los Angeles,14.0,0.0,7.2083335,0.0,0.0,0.0,75.2,58.0,67.137505,0.0,0.0,0.0
8968,2023-07-10 11:30:00,2023-07-10 12:15:00,0.75,7786,7786,1,3,5312.75,Los Angeles,11.0,0.0,2.390625,0.0,0.0,0.0,66.2,56.0,61.725,0.0,0.0,0.0
8970,2023-07-10 12:30:00,2023-07-10 13:30:00,1.0,6735,6735,4,1,6733.0,Los Angeles,9.0,0.0,2.1875,0.0,0.0,0.0,66.2,56.0,61.5,0.0,0.0,0.0
8972,2023-07-11 17:30:00,2023-07-11 17:45:00,0.25,3858,3858,1,1,964.5,Los Angeles,14.0,0.0,5.59375,21.0,0.0,1.875,93.0,62.0,77.84375,0.0,0.0,0.0
8974,2023-07-11 18:45:00,2023-07-11 19:30:00,0.75,4035,4035,1,3,2968.75,Los Angeles,16.0,0.0,7.71875,26.0,0.0,3.6875,94.0,63.0,80.640625,0.0,0.0,0.0
8976,2023-07-11 20:45:00,2023-07-11 21:30:00,0.75,4202,4202,2,2,2993.0,Los Angeles,20.0,0.0,9.171875,29.0,0.0,5.328125,97.0,65.0,83.28438,0.0,0.0,0.0
8978,2023-07-13 05:15:00,2023-07-13 11:45:00,6.5,6990,7298,10,14,38681.0,Los Angeles,17.0,0.0,5.726852,24.0,0.0,0.5694444,91.4,61.0,73.42176,0.0,0.0,0.0
8980,2023-07-13 16:45:00,2023-07-14 13:30:00,20.75,8931,15322,31,49,120849.0,Los Angeles,23.0,0.0,7.3072915,36.0,0.0,2.1659226,100.0,57.0,77.698814,0.0,0.0,0.0
8982,2023-07-14 14:15:00,2023-07-14 14:45:00,0.5,5185,5185,2,1,2384.75,Los Angeles,17.0,0.0,2.8958333,32.0,0.0,1.6666666,91.4,61.0,71.89167,0.0,0.0,0.0
8984,2023-07-15 21:15:00,2023-07-15 22:30:00,1.25,4431,4431,3,3,5124.75,Los Angeles,14.0,0.0,8.427083,24.0,0.0,2.8125,111.0,64.0,86.56875,0.0,0.0,0.0
8986,2023-07-16 09:15:00,2023-07-16 10:45:00,1.5,10999,11034,3,2,14560.25,Los Angeles,11.0,0.0,2.6875,0.0,0.0,0.0,87.0,60.0,70.33036,0.0,0.0,0.0
8988,2023-07-19 18:45:00,2023-07-19 19:45:00,1.0,3964,3964,2,3,3946.5,Los Angeles,17.0,0.0,8.3,23.0,0.0,0.9375,101.0,68.0,86.302505,0.0,0.0,0.0
8990,2023-07-20 03:45:00,2023-07-20 04:45:00,1.0,4070,4114,2,3,3971.5,Los Angeles,15.0,0.0,6.95,21.0,0.0,0.525,89.6,62.0,77.725,0.0,0.0,0.0
8992,2023-07-20 05:00:00,2023-07-20 05:30:00,0.5,3874,3874,2,1,1935.0,Los Angeles,14.0,0.0,6.2708335,21.0,0.0,0.875,89.6,62.0,77.2125,0.0,0.0,0.0
8994,2023-07-20 18:00:00,2023-07-20 19:00:00,1.0,14567,14700,2,3,6808.5,Los Angeles,14.0,0.0,7.025,18.0,0.0,1.5375,103.0,64.0,85.6875,0.0,0.0,0.0
8996,2023-07-20 19:30:00,2023-07-20 21:45:00,2.25,16564,17155,3,7,34105.0,Los Angeles,19.0,0.0,8.975,23.0,0.0,2.10625,105.0,64.0,88.895,0.0,0.0,0.0
8998,2023-07-20 22:15:00,2023-07-20 22:30:00,0.25,13905,13905,1,1,3476.25,Los Angeles,20.0,4.0,10.5,24.0,0.0,2.46875,105.0,65.0,89.875,0.0,0.0,0.0
9000,2023-07-22 19:15:00,2023-07-22 19:30:00,0.25,4401,4401,1,1,1100.25,Los Angeles,13.0,0.0,6.46875,19.0,0.0,2.0625,105.0,67.0,83.45625,0.0,0.0,0.0
9002,2023-07-22 21:45:00,2023-07-22 22:00:00,0.25,4116,4116,1,1,1029.0,Los Angeles,18.0,4.0,9.375,24.0,0.0,2.8125,108.0,67.0,86.25,0.0,0.0,0.0
9004,2023-07-22 22:15:00,2023-07-22 23:00:00,0.75,4804,4859,2,2,3239.25,Los Angeles,19.0,0.0,8.96875,23.0,0.0,1.296875,108.0,67.0,86.24375,0.0,0.0,0.0
9006,2023-07-24 01:15:00,2023-07-24 03:15:00,2.0,6207,6256,4,5,11556.0,Los Angeles,18.0,0.0,7.2152777,26.0,0.0,1.7222222,93.0,64.4,78.861115,0.0,0.0,0.0
9008,2023-07-25 05:15:00,2023-07-25 05:45:00,0.5,3863,3863,2,1,1930.25,Los Angeles,13.0,0.0,5.6041665,0.0,0.0,0.0,96.8,64.4,75.475,0.0,0.0,0.0
9010,2023-07-25 07:00:00,2023-07-25 08:15:00,1.25,5109,5192,4,2,5204.75,Los Angeles,15.0,0.0,4.5833335,22.0,0.0,0.45833334,84.2,60.8,73.14166,0.0,0.0,0.0
9012,2023-07-25 16:30:00,2023-07-25 17:45:00,1.25,4208,4247,4,2,4975.75,Los Angeles,10.0,0.0,5.0208335,18.0,0.0,1.4583334,99.0,63.0,81.645836,0.0,0.0,0.0
9014,2023-07-26 05:45:00,2023-07-26 07:00:00,1.25,4229,4231,4,2,5211.75,Los Angeles,14.0,0.0,5.1145835,0.0,0.0,0.0,89.6,69.0,77.57708,0.0,0.0,0.0
9016,2023-07-27 17:15:00,2023-07-27 18:15:00,1.0,4226,4226,4,1,4149.0,Los Angeles,13.0,0.0,5.4875,16.0,0.0,0.2,101.0,68.0,84.917496,0.0,0.0,0.0
9018,2023-07-27 18:45:00,2023-07-27 19:00:00,0.25,4522,4522,1,1,1130.5,Los Angeles,15.0,0.0,7.21875,20.0,0.0,0.625,106.0,68.0,87.55,0.0,0.0,0.0
9020,2023-07-27 19:15:00,2023-07-27 19:45:00,0.5,4538,4538,1,2,2164.0,Los Angeles,16.0,0.0,7.9791665,19.0,0.0,1.4791666,107.0,68.0,88.34167,0.0,0.0,0.0
9022,2023-07-27 20:00:00,2023-07-27 21:30:00,1.5,4120,4192,2,5,6023.5,Los Angeles,16.0,0.0,8.508928,23.0,0.0,3.3482144,107.0,70.0,89.216064,0.0,0.0,0.0
9024,2023-07-27 23:30:00,2023-07-27 23:45:00,0.25,5032,5032,1,1,1258.0,Los Angeles,18.0,0.0,10.375,14.0,0.0,0.4375,106.0,71.0,89.96875,0.0,0.0,0.0
9026,2023-07-28 23:30:00,2023-07-28 23:45:00,0.25,4328,4328,1,1,1082.0,Los Angeles,19.0,3.0,9.40625,22.0,0.0,2.0,104.0,74.0,84.275,0.0,0.0,0.0
9028,2023-07-29 18:15:00,2023-07-29 18:45:00,0.5,8088,8088,1,2,3362.5,Los Angeles,11.0,0.0,5.9583335,15.0,0.0,0.8958333,102.0,74.0,86.62917,0.0,0.0,0.0
9030,2023-07-29 23:15:00,2023-07-30 00:15:00,1.0,5133,5133,2,3,4812.75,Los Angeles,21.0,2.0,10.3875,27.0,0.0,3.15,105.0,74.0,86.985,0.0,0.0,0.0
9032,2023-07-30 10:45:00,2023-07-30 12:00:00,1.25,6315,6350,3,3,6123.25,Los Angeles,15.0,0.0,4.6354165,20.0,0.0,0.8333333,82.0,66.2,71.975,0.0,0.0,0.0
9034,2023-07-31 02:45:00,2023-07-31 03:30:00,0.75,4990,4990,3,1,3732.75,Los Angeles,20.0,3.0,8.578125,25.0,0.0,1.359375,91.0,68.0,80.262505,0.0,0.0,0.0
9036,2023-08-01 20:00:00,2023-08-01 21:15:00,1.25,5636,5905,3,3,5840.25,Los Angeles,18.0,0.0,8.9375,22.0,0.0,3.125,93.2,71.2,84.956245,0.0,0.0,0.0
9038,2023-08-03 05:15:00,2023-08-03 06:30:00,1.25,4430,4472,2,4,5059.75,Los Angeles,14.0,0.0,6.6875,0.0,0.0,0.0,82.4,62.0,71.450005,0.0,0.0,0.0
9040,2023-08-03 06:45:00,2023-08-03 07:30:00,0.75,4769,4770,2,2,3521.5,Los Angeles,12.0,0.0,5.96875,16.0,0.0,0.25,82.4,63.0,70.45,0.0,0.0,0.0
9042,2023-08-04 04:45:00,2023-08-04 12:15:00,7.5,8974,10722,18,12,47801.5,Los Angeles,24.0,0.0,5.324597,34.0,0.0,1.891129,80.6,58.0,67.575,0.0,0.0,0.0
9044,2023-08-05 16:00:00,2023-08-05 20:15:00,4.25,15618,16316,6,10,65007.5,Los Angeles,21.0,0.0,6.5416665,30.0,0.0,1.71875,99.0,69.8,79.520836,0.0,0.0,0.0
9046,2023-08-05 20:45:00,2023-08-05 22:15:00,1.5,4421,4528,2,4,6502.25,Los Angeles,16.0,3.0,9.25,23.0,0.0,3.517857,103.0,70.0,85.71786,0.0,0.0,0.0
9048,2023-08-05 22:30:00,2023-08-05 23:45:00,1.25,4547,4547,2,4,5496.25,Los Angeles,21.0,0.0,10.802083,25.0,0.0,4.9270835,103.0,70.0,85.762505,0.0,0.0,0.0
9050,2023-08-06 00:15:00,2023-08-06 05:30:00,5.25,10139,10507,10,11,51144.25,Los Angeles,23.0,0.0,8.755682,30.0,0.0,2.8607955,101.0,67.0,78.95568,0.0,0.0,0.0
9052,2023-08-06 17:45:00,2023-08-06 18:30:00,0.75,5359,5359,2,2,3693.25,Los Angeles,12.0,0.0,5.59375,22.0,0.0,1.5625,94.0,60.0,82.256256,0.0,0.0,0.0
9054,2023-08-07 14:30:00,2023-08-07 19:15:00,4.75,6012,6470,12,8,23341.0,Los Angeles,17.0,0.0,4.63125,23.0,0.0,1.128125,95.0,61.0,77.59875,0.0,0.0,0.0
9056,2023-08-11 08:30:00,2023-08-11 09:15:00,0.75,3909,3909,1,3,2905.25,Los Angeles,16.0,0.0,5.3125,22.0,0.0,0.875,72.0,58.0,67.01875,0.0,0.0,0.0
9058,2023-08-11 10:00:00,2023-08-11 11:45:00,1.75,7035,7035,3,5,10988.75,Los Angeles,16.0,0.0,4.4296875,21.0,0.0,0.1640625,72.0,59.0,66.88594,0.0,0.0,0.0
9060,2023-08-12 16:15:00,2023-08-12 20:30:00,4.25,11171,11420,7,11,35774.5,Los Angeles,12.0,0.0,6.2118053,22.0,0.0,0.8923611,93.0,65.0,77.321526,0.0,0.0,0.0
9062,2023-08-14 16:15:00,2023-08-14 17:00:00,0.75,8955,8955,3,1,6710.0,Los Angeles,11.0,0.0,4.09375,17.0,0.0,0.796875,86.0,62.0,73.859375,0.0,0.0,0.0
9064,2023-08-14 20:30:00,2023-08-14 20:45:00,0.25,5627,5627,1,1,1406.75,Los Angeles,18.0,5.0,8.71875,20.0,0.0,1.78125,98.0,68.0,83.85,0.0,0.0,0.0
9066,2023-08-14 22:00:00,2023-08-14 22:15:00,0.25,4068,4068,1,1,1017.0,Los Angeles,20.0,3.0,9.5,21.0,0.0,3.125,101.0,68.0,84.431244,0.0,0.0,0.0
9068,2023-08-16 23:00:00,2023-08-17 01:45:00,2.75,7031,7094,5,7,14886.25,Los Angeles,20.0,0.0,10.286458,24.0,0.0,3.4479167,103.0,66.0,84.41146,0.00059999997,1e-04,3.125e-06
9070,2023-08-17 08:15:00,2023-08-17 08:45:00,0.5,4952,4952,2,1,2224.25,Los Angeles,11.0,0.0,4.2708335,0.0,0.0,0.0,96.8,62.6,71.96667,0.0,0.0,0.0
9072,2023-08-17 11:00:00,2023-08-17 11:45:00,0.75,4130,4130,1,1,3097.5,Los Angeles,11.0,0.0,3.046875,0.0,0.0,0.0,77.0,62.0,69.274994,0.0,0.0,0.0
9074,2023-08-17 23:00:00,2023-08-17 23:45:00,0.75,3988,3988,2,2,2979.0,Los Angeles,21.0,0.0,11.140625,34.0,0.0,5.4375,101.0,68.0,84.046875,0.0,0.0,0.0
9076,2023-08-18 03:45:00,2023-08-18 07:15:00,3.5,5336,5569,6,8,15847.75,Los Angeles,11.0,0.0,6.608333,0.0,0.0,0.0,86.0,63.0,72.2575,0.0,0.0,0.0
9078,2023-08-19 11:00:00,2023-08-19 11:45:00,0.75,4161,4161,1,2,3113.75,Los Angeles,9.0,0.0,1.875,0.0,0.0,0.0,69.0,59.0,64.65938,0.0,0.0,0.0
9080,2023-08-20 16:15:00,2023-08-20 17:00:00,0.75,5218,5218,3,1,3409.75,Los Angeles,22.0,0.0,9.625,42.0,0.0,5.796875,78.8,60.0,70.993744,5.9702997,0.54,0.09328593
9082,2023-08-20 17:45:00,2023-08-22 06:00:00,36.25,44122,117369,73,72,635043.5,Los Angeles,25.0,0.0,8.015411,45.0,0.0,4.2054796,89.0,53.0,69.78981,96.17439,1.01,0.041170545
9084,2023-08-22 09:15:00,2023-08-22 10:00:00,0.75,5520,5520,1,3,3897.0,Los Angeles,8.0,0.0,1.9375,0.0,0.0,0.0,77.0,59.0,66.75938,0.0,0.0,0.0
9086,2023-08-22 10:15:00,2023-08-22 10:30:00,0.25,4567,4567,1,1,1141.75,Los Angeles,7.0,0.0,1.8125,0.0,0.0,0.0,77.0,59.0,66.43125,0.0,0.0,0.0
9088,2023-08-23 08:15:00,2023-08-23 09:30:00,1.25,5549,5550,2,4,6465.25,Los Angeles,9.0,0.0,2.1145833,0.0,0.0,0.0,82.4,60.8,69.0875,0.0,0.0,0.0
9090,2023-08-23 16:45:00,2023-08-23 17:00:00,0.25,4901,4901,1,1,1225.25,Los Angeles,11.0,0.0,3.75,19.0,0.0,1.1875,84.2,66.0,77.512505,0.0,0.0,0.0
9092,2023-08-26 23:00:00,2023-08-27 04:15:00,5.25,9020,11616,8,13,32742.75,Los Angeles,17.0,0.0,7.6448865,20.0,0.0,0.38636363,98.0,67.0,81.724434,0.0,0.0,0.0
9094,2023-08-28 16:30:00,2023-08-28 17:00:00,0.5,5563,5563,1,2,2479.25,Los Angeles,8.0,0.0,2.5833333,0.0,0.0,0.0,93.2,70.0,83.10833,0.0,0.0,0.0
9096,2023-08-28 22:15:00,2023-08-28 22:30:00,0.25,4731,4731,1,1,1182.75,Los Angeles,19.0,4.0,8.8125,19.0,0.0,1.1875,105.0,78.0,92.71875,0.0,0.0,0.0
9098,2023-08-28 23:30:00,2023-08-29 01:30:00,2.0,5584,5630,5,4,9693.25,Los Angeles,18.0,3.0,9.201389,24.0,0.0,1.2916666,106.0,73.0,90.63611,0.0,0.0,0.0
9100,2023-08-30 19:00:00,2023-08-30 21:45:00,2.75,21981,22874,5,7,21927.75,Los Angeles,17.0,0.0,8.036458,27.0,0.0,2.8958333,100.0,72.0,88.89478,0.0,0.0,0.0
9102,2023-08-31 00:15:00,2023-08-31 03:30:00,3.25,5388,6467,7,7,14826.5,Los Angeles,18.0,0.0,6.790179,28.0,0.0,0.91964287,96.0,70.0,82.033035,0.0,0.0,0.0
9104,2023-08-31 08:15:00,2023-08-31 09:00:00,0.75,6318,6318,2,2,4698.0,Los Angeles,14.0,0.0,2.96875,0.0,0.0,0.0,86.0,66.0,72.64375,0.0,0.0,0.0
9106,2023-09-01 19:45:00,2023-09-01 20:30:00,0.75,6378,6378,1,3,4757.0,Los Angeles,23.0,0.0,10.859375,40.0,0.0,9.28125,89.0,73.0,81.234375,0.0,0.0,0.0
9109,2023-09-06 19:15:00,2023-09-06 20:15:00,1.0,10123,10123,2,3,7699.25,Los Angeles,11.0,0.0,5.5125,18.0,0.0,0.675,87.0,69.0,77.3525,0.0,0.0,0.0
9111,2023-09-08 14:30:00,2023-09-08 15:00:00,0.5,5330,5330,2,1,2662.25,Los Angeles,7.0,0.0,1.6875,0.0,0.0,0.0,76.0,59.0,69.412506,0.0,0.0,0.0
9113,2023-09-08 16:45:00,2023-09-08 17:30:00,0.75,7989,7989,2,2,4187.25,Los Angeles,13.0,0.0,2.921875,23.0,0.0,1.25,87.0,72.0,78.6875,0.0,0.0,0.0
9115,2023-09-10 18:00:00,2023-09-10 19:15:00,1.25,6068,6071,2,4,6971.25,Los Angeles,13.0,0.0,5.0833335,0.0,0.0,0.0,98.6,77.0,86.40208,0.0,0.0,0.0
9117,2023-09-11 16:45:00,2023-09-11 18:00:00,1.25,6454,6454,5,1,6951.0,Los Angeles,10.0,0.0,3.1875,0.0,0.0,0.0,90.0,68.0,77.875,0.030199999,0.02,0.00031458333
9119,2023-09-12 13:15:00,2023-09-12 13:30:00,0.25,4257,4257,1,1,1064.25,Los Angeles,13.0,0.0,2.53125,0.0,0.0,0.0,77.0,60.8,68.175,0.0,0.0,0.0
9121,2023-09-12 23:15:00,2023-09-13 00:30:00,1.25,6396,6473,4,2,7444.25,Los Angeles,18.0,0.0,9.114583,22.0,0.0,1.1354166,89.0,64.0,77.82917,0.0,0.0,0.0
9123,2023-09-13 08:45:00,2023-09-13 09:45:00,1.0,4691,4691,3,1,4117.75,Los Angeles,16.0,0.0,4.45,23.0,0.0,0.575,75.2,61.0,67.5025,0.0,0.0,0.0
9125,2023-09-13 16:00:00,2023-09-13 17:45:00,1.75,5510,6127,3,5,8251.5,Los Angeles,14.0,0.0,5.78125,28.0,0.0,0.9453125,83.0,61.0,70.27031,0.0,0.0,0.0
9127,2023-09-13 18:00:00,2023-09-13 18:30:00,0.5,4828,4828,1,2,2409.75,Los Angeles,12.0,0.0,5.2291665,21.0,0.0,0.8125,83.0,66.0,72.51666,0.0,0.0,0.0
9129,2023-09-13 18:45:00,2023-09-13 19:30:00,0.75,5038,5038,1,3,3168.25,Los Angeles,12.0,0.0,5.421875,21.0,0.0,1.515625,86.0,67.0,74.60312,0.0,0.0,0.0
9131,2023-09-13 19:45:00,2023-09-13 20:30:00,0.75,4042,4086,2,2,2937.5,Los Angeles,14.0,0.0,6.859375,20.0,0.0,2.4375,88.0,67.0,76.10312,0.0,0.0,0.0
9133,2023-09-13 21:45:00,2023-09-13 22:00:00,0.25,3945,3945,1,1,986.25,Los Angeles,18.0,0.0,7.90625,18.0,0.0,1.53125,86.0,68.0,76.825,0.0,0.0,0.0
9135,2023-09-14 03:00:00,2023-09-14 05:15:00,2.25,5454,5545,4,6,11028.75,Los Angeles,15.0,0.0,6.925,0.0,0.0,0.0,78.8,61.0,69.60125,0.0,0.0,0.0
9137,2023-09-14 20:15:00,2023-09-14 20:30:00,0.25,5795,5795,1,1,1448.75,Los Angeles,13.0,0.0,7.78125,22.0,0.0,2.8125,89.0,64.0,75.912506,0.0,0.0,0.0
9139,2023-09-19 00:45:00,2023-09-19 01:00:00,0.25,4570,4570,1,1,1142.5,Los Angeles,17.0,3.0,10.09375,21.0,0.0,2.5,75.2,62.6,71.2,0.0,0.0,0.0
9141,2023-09-20 12:15:00,2023-09-20 12:30:00,0.25,4409,4409,1,1,1102.25,Los Angeles,13.0,0.0,4.65625,0.0,0.0,0.0,74.0,54.0,63.543747,0.0201,0.01,0.000628125
9143,2023-09-20 16:45:00,2023-09-20 17:00:00,0.25,4843,4843,1,1,1210.75,Los Angeles,13.0,0.0,5.5625,19.0,0.0,1.1875,73.0,62.6,68.712494,0.0,0.0,0.0
9145,2023-09-20 20:15:00,2023-09-21 01:00:00,4.75,6474,8176,9,11,26014.25,Los Angeles,22.0,0.0,9.975,27.0,0.0,2.534375,77.0,59.0,71.5175,0.0,0.0,0.0
9147,2023-09-22 06:45:00,2023-09-22 08:15:00,1.5,4499,4500,3,4,6456.25,Los Angeles,13.0,0.0,5.026786,0.0,0.0,0.0,72.0,50.0,62.733925,0.0,0.0,0.0
9149,2023-09-22 09:00:00,2023-09-22 09:30:00,0.5,3968,3968,2,1,1975.25,Los Angeles,11.0,0.0,3.375,0.0,0.0,0.0,72.0,50.0,60.12083,0.0,0.0,0.0
9151,2023-09-22 16:30:00,2023-09-22 16:45:00,0.25,4149,4149,1,1,1037.25,Los Angeles,8.0,0.0,3.25,0.0,0.0,0.0,70.0,59.0,65.875,0.0,0.0,0.0
9153,2023-09-22 17:00:00,2023-09-22 17:15:00,0.25,4115,4115,1,1,1028.75,Los Angeles,9.0,0.0,3.125,0.0,0.0,0.0,70.0,59.0,66.375,0.0,0.0,0.0
9155,2023-09-25 19:15:00,2023-09-25 19:30:00,0.25,6552,6552,1,1,1638.0,Los Angeles,12.0,0.0,5.46875,0.0,0.0,0.0,84.0,67.0,74.875,0.0,0.0,0.0
9157,2023-09-26 17:45:00,2023-09-26 19:00:00,1.25,4318,4318,2,4,5145.5,Los Angeles,16.0,0.0,4.4166665,18.0,0.0,0.5625,86.0,66.0,75.82708,0.0,0.0,0.0
9159,2023-09-26 19:45:00,2023-09-26 20:00:00,0.25,6614,6614,1,1,1653.5,Los Angeles,16.0,0.0,6.65625,0.0,0.0,0.0,88.0,70.0,78.7375,0.0,0.0,0.0
9161,2023-09-26 20:15:00,2023-09-27 01:45:00,5.5,4899,6118,10,13,24307.5,Los Angeles,21.0,0.0,8.9375,30.0,0.0,2.3804348,91.4,63.0,78.286964,0.0,0.0,0.0
9163,2023-09-27 07:15:00,2023-09-27 09:15:00,2.0,5830,5831,5,3,10610.5,Los Angeles,24.0,0.0,2.6597223,32.0,0.0,1.6944444,80.6,55.4,65.620834,0.0,0.0,0.0
9165,2023-09-27 18:30:00,2023-09-27 19:45:00,1.25,4104,4122,2,4,5010.25,Los Angeles,16.0,0.0,5.4895835,0.0,0.0,0.0,87.8,67.0,76.339584,0.0,0.0,0.0
9167,2023-09-28 20:00:00,2023-09-28 20:15:00,0.25,3838,3838,1,1,959.5,Los Angeles,15.0,0.0,7.53125,19.0,0.0,1.125,88.0,68.0,75.6375,0.0,0.0,0.0
9169,2023-09-29 13:30:00,2023-09-29 14:00:00,0.5,12412,12412,2,1,5847.0,Los Angeles,14.0,0.0,4.8333335,0.0,0.0,0.0,78.8,53.0,65.0,0.0,0.0,0.0
9171,2023-09-29 15:00:00,2023-09-29 15:30:00,0.5,7896,7896,2,1,2947.5,Los Angeles,11.0,0.0,4.4583335,0.0,0.0,0.0,78.8,59.0,65.77917,0.0,0.0,0.0
9173,2023-09-29 17:30:00,2023-09-29 21:15:00,3.75,6567,7225,6,10,17516.25,Los Angeles,21.0,0.0,6.6640625,24.0,0.0,0.65625,79.0,60.0,69.475784,0.0,0.0,0.0
9175,2023-10-01 00:30:00,2023-10-01 02:30:00,2.0,5222,5224,6,3,9434.5,Los Angeles,22.0,0.0,9.520833,29.0,0.0,2.3958333,78.8,49.0,64.38194,0.0002,1e-04,1.3888889e-06
9177,2023-10-01 14:45:00,2023-10-01 16:45:00,2.0,5672,5737,4,4,9668.75,Los Angeles,17.0,0.0,6.298611,36.0,0.0,2.5,89.6,42.0,61.629166,0.0202,0.01,0.00014027777
9179,2023-10-01 22:15:00,2023-10-01 23:45:00,1.5,4318,4320,4,2,6443.75,Los Angeles,17.0,0.0,8.125,36.0,0.0,2.544643,89.6,52.0,68.30178,0.0,0.0,0.0
9181,2023-10-03 06:15:00,2023-10-03 07:45:00,1.5,3950,3950,3,3,5918.75,Los Angeles,17.0,0.0,5.214286,36.0,0.0,2.4642856,89.6,51.0,62.5125,0.0,0.0,0.0
9183,2023-10-03 11:15:00,2023-10-03 11:30:00,0.25,5312,5312,1,1,1328.0,Los Angeles,17.0,0.0,4.3125,36.0,0.0,2.25,89.6,49.0,59.46875,0.0,0.0,0.0
9185,2023-10-03 13:30:00,2023-10-03 14:15:00,0.75,7467,7467,2,2,4232.0,Los Angeles,17.0,0.0,3.546875,36.0,0.0,2.25,89.6,44.0,58.734375,0.0,0.0,0.0
9187,2023-10-03 16:30:00,2023-10-04 06:00:00,13.5,39481,50002,24,30,187386.0,Los Angeles,17.0,0.0,6.385227,36.0,0.0,2.665909,89.6,56.0,74.11137,0.0,0.0,0.0
9189,2023-10-04 22:00:00,2023-10-04 22:15:00,0.25,3815,3815,1,1,953.75,Los Angeles,17.0,3.0,9.65625,29.0,0.0,4.375,95.0,75.0,85.1125,0.0,0.0,0.0
9191,2023-10-05 06:00:00,2023-10-05 06:30:00,0.5,4160,4160,2,1,2019.75,Los Angeles,10.0,0.0,3.5833333,0.0,0.0,0.0,84.2,59.0,71.129166,0.0,0.0,0.0
9193,2023-10-05 16:45:00,2023-10-05 18:45:00,2.0,4703,4720,4,4,8567.0,Los Angeles,18.0,0.0,3.7708333,30.0,0.0,1.6597222,95.0,70.0,83.575,0.0,0.0,0.0
9195,2023-10-05 20:00:00,2023-10-05 20:30:00,0.5,6996,6996,2,1,3451.0,Los Angeles,21.0,0.0,7.5625,30.0,0.0,2.5625,97.0,75.0,87.875,0.0,0.0,0.0
9197,2023-10-05 21:00:00,2023-10-05 21:15:00,0.25,4133,4133,1,1,1033.25,Los Angeles,15.0,2.0,7.5,27.0,0.0,2.6875,97.0,77.0,88.2625,0.0,0.0,0.0
9199,2023-10-05 21:30:00,2023-10-05 22:30:00,1.0,32389,32399,2,3,25505.25,Los Angeles,14.0,0.0,7.8375,25.0,0.0,2.3,99.0,77.0,88.2175,0.0,0.0,0.0
9201,2023-10-06 00:30:00,2023-10-06 03:15:00,2.75,7891,9643,9,3,15627.5,Los Angeles,17.0,0.0,7.0989585,25.0,0.0,0.9583333,96.0,68.0,79.50208,0.0,0.0,0.0
9203,2023-10-06 04:00:00,2023-10-06 11:30:00,7.5,9250,15231,11,19,42395.25,Los Angeles,11.0,0.0,3.512097,0.0,0.0,0.0,87.8,55.0,70.60241,0.0,0.0,0.0
9205,2023-10-06 19:45:00,2023-10-06 20:00:00,0.25,9393,9393,1,1,2348.25,Los Angeles,13.0,0.0,7.34375,23.0,0.0,1.4375,99.0,77.0,87.775,0.0,0.0,0.0
9207,2023-10-07 03:00:00,2023-10-07 04:15:00,1.25,6089,6501,3,3,7125.25,Los Angeles,8.0,0.0,4.2916665,17.0,0.0,1.0625,93.2,68.0,77.58542,0.0,0.0,0.0
9209,2023-10-07 06:30:00,2023-10-07 07:45:00,1.25,5435,5435,4,2,6768.75,Los Angeles,9.0,0.0,3.3854167,17.0,0.0,0.17708333,93.2,58.0,73.575005,0.0,0.0,0.0
9211,2023-10-07 09:45:00,2023-10-07 13:30:00,3.75,6281,6841,4,9,18767.25,Los Angeles,12.0,0.0,2.2265625,0.0,0.0,0.0,78.0,50.0,66.02734,0.0,0.0,0.0
9213,2023-10-07 22:15:00,2023-10-08 01:30:00,3.25,10348,12992,9,5,18988.0,Los Angeles,11.0,0.0,6.526786,19.0,0.0,0.16517857,99.0,64.0,83.567856,0.0,0.0,0.0
9215,2023-10-08 18:30:00,2023-10-08 20:00:00,1.5,5915,5960,5,2,8118.5,Los Angeles,13.0,0.0,6.035714,16.0,0.0,0.85714287,95.0,60.8,80.43392,0.0,0.0,0.0
9217,2023-10-08 23:30:00,2023-10-09 01:45:00,2.25,7955,7973,4,6,13276.25,Los Angeles,15.0,0.0,8.15625,21.0,0.0,1.0875,94.0,60.8,76.7125,0.0,0.0,0.0
9219,2023-10-09 08:45:00,2023-10-09 09:15:00,0.5,3907,3907,1,2,1953.25,Los Angeles,9.0,0.0,3.0416667,0.0,0.0,0.0,78.8,60.8,65.666664,0.0,0.0,0.0
9221,2023-10-09 21:30:00,2023-10-09 23:45:00,2.25,4526,4526,3,6,9718.5,Los Angeles,18.0,0.0,9.10625,22.0,0.0,0.875,90.0,66.0,77.38,0.0,0.0,0.0
9223,2023-10-10 16:30:00,2023-10-11 00:15:00,7.75,9736,13002,11,20,45141.5,Los Angeles,23.0,0.0,8.060547,30.0,0.0,2.4941406,80.0,60.8,71.09726,0.0008,1e-04,1.5625e-06
9225,2023-10-11 08:45:00,2023-10-11 09:45:00,1.0,3959,3959,2,1,3957.75,Los Angeles,35.0,0.0,8.475,39.0,0.0,7.75,71.0,51.0,63.365,0.0,0.0,0.0
9227,2023-10-11 16:45:00,2023-10-11 21:45:00,5.0,7555,8036,11,10,28084.25,Los Angeles,37.0,0.0,12.336309,52.0,0.0,9.395833,80.0,44.0,69.33095,0.0,0.0,0.0
9229,2023-10-11 22:00:00,2023-10-11 23:15:00,1.25,4122,4122,2,4,5086.5,Los Angeles,32.0,5.0,14.59375,51.0,0.0,12.666667,80.0,53.0,70.972916,0.0,0.0,0.0
9231,2023-10-12 08:15:00,2023-10-12 09:00:00,0.75,4141,4141,3,1,2961.5,Los Angeles,23.0,0.0,3.703125,32.0,0.0,1.90625,71.6,47.0,59.768745,0.0,0.0,0.0
9233,2023-10-12 09:15:00,2023-10-12 14:30:00,5.25,4527,4991,9,8,21643.75,Los Angeles,23.0,0.0,2.2556818,30.0,0.0,0.14772727,68.0,42.0,57.99432,0.0,0.0,0.0
9235,2023-10-12 16:00:00,2023-10-12 22:45:00,6.75,8259,10814,13,15,41189.5,Los Angeles,18.0,0.0,6.035714,32.0,0.0,2.9308035,88.0,53.0,72.58125,0.0,0.0,0.0
9237,2023-10-13 04:00:00,2023-10-13 05:15:00,1.25,4531,4550,2,4,5595.0,Los Angeles,13.0,0.0,4.9166665,0.0,0.0,0.0,73.4,50.0,65.55625,0.0,0.0,0.0
9239,2023-10-13 05:45:00,2023-10-13 08:00:00,2.25,9690,9903,3,4,11479.25,Los Angeles,14.0,0.0,3.89375,0.0,0.0,0.0,73.4,46.0,64.1075,0.0,0.0,0.0
9241,2023-10-13 08:15:00,2023-10-13 10:00:00,1.75,5112,5113,4,4,8483.5,Los Angeles,14.0,0.0,3.046875,0.0,0.0,0.0,73.4,44.0,60.520313,0.0,0.0,0.0
9243,2023-10-13 17:15:00,2023-10-13 19:00:00,1.75,4328,4328,6,2,7174.0,Los Angeles,13.0,0.0,3.390625,20.0,0.0,0.46875,82.4,61.0,72.137505,0.0,0.0,0.0
9245,2023-10-13 19:30:00,2023-10-13 19:45:00,0.25,3912,3912,1,1,978.0,Los Angeles,10.0,0.0,5.40625,0.0,0.0,0.0,85.0,68.0,75.7875,0.0,0.0,0.0
9247,2023-10-14 05:15:00,2023-10-14 07:45:00,2.5,4706,5302,6,5,10999.5,Los Angeles,7.0,0.0,2.9886363,0.0,0.0,0.0,73.4,53.0,64.56136,0.0,0.0,0.0
9249,2023-10-15 00:00:00,2023-10-15 01:45:00,1.75,5507,5508,4,4,9539.5,Los Angeles,13.0,0.0,6.5078125,0.0,0.0,0.0,85.0,66.0,75.1875,0.0,0.0,0.0
9251,2023-10-16 00:45:00,2023-10-16 01:15:00,0.5,5047,5047,1,1,2523.5,Los Angeles,11.0,0.0,6.5208335,0.0,0.0,0.0,89.6,70.0,79.42083,0.0,0.0,0.0
9253,2023-10-17 18:15:00,2023-10-17 23:15:00,5.0,5770,6208,10,10,26654.75,Los Angeles,11.0,0.0,5.282738,17.0,0.0,0.0952381,90.0,68.0,78.68393,0.0,0.0,0.0
9255,2023-10-18 15:30:00,2023-10-18 20:45:00,5.25,7176,10053,14,7,27502.5,Los Angeles,14.0,0.0,4.5426135,21.0,0.0,0.59659094,100.4,51.0,75.49261,0.0,0.0,0.0
9257,2023-10-18 22:00:00,2023-10-18 22:30:00,0.5,4137,4137,1,2,2067.75,Los Angeles,13.0,0.0,7.2083335,22.0,0.0,2.1875,99.0,64.0,81.89166,0.0,0.0,0.0
9260,2023-10-19 16:15:00,2023-10-19 20:15:00,4.0,6019,6203,7,10,19018.25,Los Angeles,13.0,0.0,5.6875,18.0,0.0,0.5294118,96.0,62.0,77.03455,0.0,0.0,0.0
9262,2023-10-20 15:00:00,2023-10-20 16:00:00,1.0,4139,4139,4,1,4130.75,Los Angeles,10.0,0.0,2.5375,0.0,0.0,0.0,84.2,56.0,68.697495,0.0,0.0,0.0
9264,2023-10-22 15:45:00,2023-10-22 16:00:00,0.25,4255,4255,1,1,1063.75,Los Angeles,11.0,0.0,4.59375,0.0,0.0,0.0,77.0,58.0,63.73125,0.0,0.0,0.0
9266,2023-10-23 18:00:00,2023-10-24 02:30:00,8.5,7425,9544,13,21,52004.0,Los Angeles,25.0,0.0,8.444643,41.0,0.0,2.9714286,78.8,50.0,68.799286,0.00049999997,1e-04,8.928571e-07
9268,2023-10-24 03:15:00,2023-10-24 04:30:00,1.25,5480,5620,3,3,6061.25,Los Angeles,22.0,0.0,4.75,33.0,0.0,1.6666666,71.6,51.0,64.76458,0.0,0.0,0.0
9270,2023-10-24 17:15:00,2023-10-24 20:15:00,3.0,5811,5977,6,7,12298.25,Los Angeles,10.0,0.0,3.9278846,18.0,0.0,0.41346154,80.6,63.0,70.284615,0.0,0.0,0.0
9272,2023-10-25 06:15:00,2023-10-25 06:30:00,0.25,6142,6142,1,1,1535.5,Los Angeles,13.0,0.0,4.09375,0.0,0.0,0.0,71.6,57.0,64.44375,0.0,0.0,0.0
9274,2023-10-25 14:00:00,2023-10-25 14:30:00,0.5,4001,4001,1,2,1999.75,Los Angeles,17.0,0.0,6.0625,22.0,0.0,1.7083334,75.0,50.0,62.2,0.0004,1e-04,8.333333e-06
9276,2023-10-25 17:00:00,2023-10-25 21:45:00,4.75,4481,4486,7,13,20454.0,Los Angeles,24.0,0.0,8.053125,31.0,0.0,4.190625,73.4,52.0,66.72875,0.0301,0.01,9.4062496e-05
9278,2023-10-26 13:15:00,2023-10-26 15:15:00,2.0,4086,4170,5,3,7970.25,Los Angeles,23.0,0.0,4.0208335,32.0,0.0,2.125,75.2,33.8,59.930557,0.0,0.0,0.0
9280,2023-10-26 16:15:00,2023-10-26 20:45:00,4.5,5930,6831,8,10,23273.25,Los Angeles,22.0,0.0,7.0263157,30.0,0.0,2.1348684,78.8,45.0,67.22632,0.0,0.0,0.0
9282,2023-10-26 21:00:00,2023-10-26 22:00:00,1.0,4771,4771,1,2,4748.0,Los Angeles,24.0,0.0,9.2375,28.0,0.0,2.925,78.8,56.0,70.4,0.0,0.0,0.0
9284,2023-10-27 05:30:00,2023-10-27 05:45:00,0.25,4184,4184,1,1,1046.0,Los Angeles,10.0,0.0,3.15625,20.0,0.0,1.25,69.0,46.0,60.64375,0.0,0.0,0.0
9286,2023-10-27 07:45:00,2023-10-27 15:45:00,8.0,7692,9761,12,19,46497.5,Los Angeles,19.0,0.0,2.5814395,25.0,0.0,0.25,70.0,40.0,56.717804,0.0,0.0,0.0
9288,2023-10-28 11:00:00,2023-10-28 11:45:00,0.75,9858,9858,1,2,5414.5,Los Angeles,31.0,0.0,4.5625,49.0,0.0,3.40625,62.0,45.0,54.959373,0.0,0.0,0.0
9290,2023-10-28 16:15:00,2023-10-28 17:15:00,1.0,5534,5535,3,2,5447.5,Los Angeles,22.0,0.0,4.525,28.0,0.0,2.6625,80.0,45.0,63.057503,0.0,0.0,0.0
9292,2023-10-29 20:45:00,2023-10-29 21:30:00,0.75,4792,4792,3,1,3433.25,Los Angeles,28.0,0.0,10.921875,37.0,0.0,7.953125,82.4,55.0,74.175,0.0,0.0,0.0
9294,2023-10-30 01:15:00,2023-10-30 04:30:00,3.25,6957,7138,8,6,18617.0,Los Angeles,24.0,0.0,8.004464,43.0,0.0,5.357143,83.0,43.0,66.542854,0.0,0.0,0.0
9296,2023-10-30 16:45:00,2023-10-30 19:15:00,2.5,5595,5649,7,4,11783.5,Los Angeles,23.0,0.0,7.755682,39.0,0.0,4.4602275,80.0,47.0,68.58523,0.0,0.0,0.0
9298,2023-10-31 17:15:00,2023-10-31 17:45:00,0.5,4480,4480,1,2,2077.5,Los Angeles,17.0,0.0,3.5625,29.0,0.0,1.8125,81.0,48.0,70.979164,0.0,0.0,0.0
9300,2023-10-31 20:00:00,2023-10-31 20:30:00,0.5,5687,5687,1,2,2780.75,Los Angeles,18.0,0.0,6.7291665,29.0,0.0,3.3958333,88.0,62.0,78.86667,0.0,0.0,0.0
9302,2023-11-03 00:45:00,2023-11-03 01:45:00,1.0,4505,4505,2,3,4299.25,Los Angeles,9.0,0.0,4.4,0.0,0.0,0.0,84.2,57.0,72.8375,0.0,0.0,0.0
9304,2023-11-03 05:15:00,2023-11-03 06:00:00,0.75,4632,4632,1,3,3418.25,Los Angeles,10.0,0.0,3.078125,0.0,0.0,0.0,75.2,47.0,64.01875,0.0,0.0,0.0
9306,2023-11-03 14:15:00,2023-11-03 15:30:00,1.25,5072,5072,5,1,6161.75,Los Angeles,11.0,0.0,1.9375,0.0,0.0,0.0,82.4,31.0,55.67917,0.0,0.0,0.0
9308,2023-11-03 16:00:00,2023-11-03 17:45:00,1.75,4977,5166,5,3,8302.25,Los Angeles,11.0,0.0,2.109375,0.0,0.0,0.0,82.4,46.0,67.02344,0.0,0.0,0.0
9310,2023-11-04 19:45:00,2023-11-04 21:00:00,1.25,4553,4553,1,4,5685.25,Los Angeles,11.0,0.0,5.0520835,0.0,0.0,0.0,91.0,67.0,77.4125,0.0,0.0,0.0
9312,2023-11-05 16:45:00,2023-11-05 19:00:00,2.25,5210,6025,5,5,10957.75,Los Angeles,15.0,0.0,2.825,20.0,0.0,0.475,84.0,63.0,72.659996,0.0,0.0,0.0
9314,2023-11-08 17:30:00,2023-11-08 21:15:00,3.75,4631,5105,5,8,16361.5,Los Angeles,22.0,0.0,9.605469,36.0,0.0,6.9335938,78.8,52.0,69.88046,0.0,0.0,0.0
9316,2023-11-08 21:30:00,2023-11-08 22:00:00,0.5,4320,4320,1,2,2140.0,Los Angeles,22.0,0.0,10.770833,33.0,0.0,6.7708335,79.0,58.0,72.137505,0.0,0.0,0.0
9318,2023-11-08 22:30:00,2023-11-08 22:45:00,0.25,4437,4437,1,1,1109.25,Los Angeles,20.0,0.0,10.34375,29.0,0.0,7.8125,79.0,57.0,72.46875,0.0,0.0,0.0
9320,2023-11-09 10:30:00,2023-11-09 11:00:00,0.5,4311,4311,1,1,2155.5,Los Angeles,17.0,0.0,5.7291665,28.0,0.0,1.5,73.4,32.0,55.30833,0.0,0.0,0.0
9322,2023-11-09 13:00:00,2023-11-09 14:15:00,1.25,4380,4380,1,3,5299.0,Los Angeles,17.0,0.0,5.9166665,35.0,0.0,2.4895833,73.4,28.0,53.545837,0.0,0.0,0.0
9324,2023-11-09 18:45:00,2023-11-09 19:45:00,1.0,6889,7196,3,2,5441.75,Los Angeles,18.0,0.0,7.6375,23.0,0.0,2.675,80.6,56.0,72.3525,0.0,0.0,0.0
9326,2023-11-12 18:00:00,2023-11-12 18:45:00,0.75,6856,6856,1,3,4538.75,Los Angeles,15.0,0.0,3.953125,21.0,0.0,0.65625,83.0,56.0,74.17812,0.0,0.0,0.0
9328,2023-11-14 05:00:00,2023-11-14 05:30:00,0.5,5030,5030,2,1,2254.75,Los Angeles,10.0,0.0,2.6041667,0.0,0.0,0.0,73.4,48.0,59.145832,0.0,0.0,0.0
9330,2023-11-14 16:45:00,2023-11-14 17:45:00,1.0,4726,4726,4,1,4457.75,Los Angeles,10.0,0.0,3.1625,0.0,0.0,0.0,75.2,49.0,64.0475,0.0,0.0,0.0
9332,2023-11-15 06:45:00,2023-11-15 10:15:00,3.5,4605,4891,4,4,15399.25,Los Angeles,11.0,0.0,3.4666667,0.0,0.0,0.0,73.0,35.0,56.1175,0.0,0.0,0.0
9334,2023-11-15 20:00:00,2023-11-15 20:30:00,0.5,4797,4797,1,2,2271.25,Los Angeles,19.0,2.0,7.8541665,30.0,0.0,3.0208333,68.0,48.0,61.391666,0.46069998,0.07,0.009597916
9336,2023-11-15 20:45:00,2023-11-15 21:00:00,0.25,3925,3925,1,1,981.25,Los Angeles,19.0,0.0,8.0625,30.0,0.0,2.375,65.0,48.0,59.25,0.71029997,0.19,0.022196874
9338,2023-11-15 21:45:00,2023-11-15 22:00:00,0.25,4535,4535,1,1,1133.75,Los Angeles,13.0,3.0,7.09375,0.0,0.0,0.0,64.0,44.6,58.78125,0.5106,0.1,0.01595625
9340,2023-11-16 02:45:00,2023-11-16 03:15:00,0.5,4975,4975,1,2,2424.5,Los Angeles,15.0,0.0,6.2083335,25.0,0.0,1.0416666,60.0,46.0,56.1125,0.8609,0.11,0.017935416
9342,2023-11-16 03:30:00,2023-11-16 09:00:00,5.5,8585,12948,8,11,35283.25,Los Angeles,16.0,0.0,5.1086955,26.0,0.0,0.64402175,73.0,46.0,57.466305,1.0036,0.06,0.002727174
9344,2023-11-16 22:00:00,2023-11-16 22:15:00,0.25,5646,5646,1,1,1411.5,Los Angeles,10.0,0.0,5.15625,16.0,0.0,0.5,75.2,54.0,68.975006,0.0,0.0,0.0
9346,2023-11-16 23:30:00,2023-11-16 23:45:00,0.25,4046,4046,1,1,1011.5,Los Angeles,11.0,0.0,5.875,0.0,0.0,0.0,74.0,54.0,67.375,0.0,0.0,0.0
9348,2023-11-17 05:30:00,2023-11-17 13:45:00,8.25,6664,8065,10,13,41334.5,Los Angeles,9.0,0.0,2.2555146,0.0,0.0,0.0,70.0,42.0,56.909927,0.0,0.0,0.0
9350,2023-11-18 23:30:00,2023-11-19 00:15:00,0.75,6978,6978,2,2,4680.0,Los Angeles,16.0,3.0,8.109375,22.0,0.0,0.671875,73.0,50.0,64.9875,0.00059999997,1e-04,9.3749995e-06
9353,2023-11-19 19:30:00,2023-11-19 23:30:00,4.0,6022,7258,7,9,19093.5,Los Angeles,26.0,0.0,11.573529,34.0,0.0,7.569853,75.0,38.0,66.3228,0.0,0.0,0.0
9355,2023-11-20 00:00:00,2023-11-20 00:30:00,0.5,7225,7225,1,2,3519.5,Los Angeles,25.0,4.0,11.0625,31.0,0.0,8.979167,73.4,40.0,64.729164,0.0,0.0,0.0
9357,2023-11-20 03:45:00,2023-11-20 08:15:00,4.5,6026,8146,10,8,23573.75,Los Angeles,31.0,0.0,6.5460525,41.0,0.0,3.4078948,71.0,39.0,57.91053,0.00029999999,1e-04,9.868421e-07
9359,2023-11-20 16:15:00,2023-11-21 03:45:00,11.5,11402,16579,22,24,88026.0,Los Angeles,35.0,0.0,9.058511,61.0,0.0,6.555851,79.0,38.0,65.56782,0.0,0.0,0.0
9361,2023-11-21 06:15:00,2023-11-21 06:45:00,0.5,3847,3847,2,1,1922.25,Los Angeles,25.0,0.0,6.2708335,41.0,0.0,2.8541667,69.8,40.0,58.520832,0.0,0.0,0.0
9363,2023-11-21 08:30:00,2023-11-21 08:45:00,0.25,3926,3926,1,1,981.5,Los Angeles,18.0,0.0,5.625,32.0,0.0,2.0,72.0,37.0,55.56875,0.0,0.0,0.0
9365,2023-11-21 11:45:00,2023-11-21 13:30:00,1.75,4270,4270,2,2,7157.25,Los Angeles,30.0,0.0,5.8828125,48.0,0.0,3.65625,66.2,32.0,52.68594,0.0,0.0,0.0
9367,2023-11-21 21:00:00,2023-11-21 21:30:00,0.5,5421,5421,1,2,2644.75,Los Angeles,23.0,0.0,6.6041665,32.0,0.0,3.2708333,83.0,57.0,74.808334,0.0,0.0,0.0
9369,2023-11-21 22:00:00,2023-11-21 23:30:00,1.5,11085,11940,3,3,9868.0,Los Angeles,23.0,0.0,6.375,31.0,0.0,2.7410715,85.0,55.0,75.783936,0.0,0.0,0.0
9371,2023-11-28 01:45:00,2023-11-28 02:00:00,0.25,31433,31433,1,1,7858.25,Los Angeles,22.0,0.0,4.625,35.0,0.0,2.1875,67.0,46.0,59.2125,0.0,0.0,0.0
9373,2023-11-29 13:45:00,2023-11-29 14:00:00,0.25,6530,6530,1,1,1632.5,Los Angeles,10.0,0.0,2.40625,0.0,0.0,0.0,67.0,29.0,50.7625,0.0,0.0,0.0
9375,2023-11-29 22:00:00,2023-11-29 22:30:00,0.5,3855,3855,1,1,1927.5,Los Angeles,17.0,0.0,8.25,19.0,0.0,1.5625,66.0,48.0,61.75417,0.0,0.0,0.0
9377,2023-12-03 17:00:00,2023-12-03 17:15:00,0.25,11841,11841,1,1,2960.25,Los Angeles,10.0,0.0,3.6875,0.0,0.0,0.0,62.2,49.0,55.8375,0.0,0.0,0.0
9379,2023-12-05 22:15:00,2023-12-05 23:45:00,1.5,4651,4651,1,5,6886.25,Los Angeles,15.0,0.0,5.767857,24.0,0.0,1.0,86.0,59.0,76.21607,0.0,0.0,0.0
9381,2023-12-10 18:00:00,2023-12-10 18:30:00,0.5,6672,6672,2,1,3320.75,Los Angeles,23.0,0.0,5.9583335,43.0,0.0,3.5416667,84.0,44.0,63.87083,0.0,0.0,0.0
9383,2023-12-11 16:00:00,2023-12-11 18:45:00,2.75,4642,4642,7,1,11624.5,Los Angeles,7.0,0.0,1.9166666,0.0,0.0,0.0,70.0,31.0,58.715626,0.0,0.0,0.0
9385,2023-12-12 19:00:00,2023-12-12 20:00:00,1.0,6263,6263,1,4,5694.0,Los Angeles,11.0,0.0,3.4,19.0,0.0,0.7125,68.0,55.4,62.142506,0.0,0.0,0.0
9387,2023-12-13 05:45:00,2023-12-13 06:30:00,0.75,6508,6609,2,2,4837.75,Los Angeles,9.0,0.0,2.921875,0.0,0.0,0.0,58.0,36.0,51.140625,0.0,0.0,0.0
9389,2023-12-17 00:15:00,2023-12-17 00:45:00,0.5,6653,6653,2,1,3322.5,Los Angeles,13.0,0.0,6.1666665,18.0,0.0,1.3958334,77.0,54.0,67.30417,0.0,0.0,0.0
9391,2023-12-18 06:30:00,2023-12-18 11:30:00,5.0,5794,5818,3,5,28502.5,Los Angeles,13.0,0.0,3.1130953,0.0,0.0,0.0,68.0,41.0,58.19345,0.0,0.0,0.0
9393,2023-12-19 11:30:00,2023-12-19 12:30:00,1.0,5073,5073,4,1,4671.5,Los Angeles,13.0,0.0,3.85,22.0,0.0,1.275,62.0,47.0,56.7,0.071899995,0.01,0.0008987499
9395,2023-12-20 06:45:00,2023-12-20 07:45:00,1.0,5655,5655,1,4,5162.25,Los Angeles,18.0,0.0,5.25,25.0,0.0,1.525,63.0,47.0,58.05,0.32079998,0.07,0.00401
9397,2023-12-20 17:15:00,2023-12-20 17:30:00,0.25,6735,6735,1,1,1683.75,Los Angeles,18.0,0.0,7.8125,30.0,0.0,3.8125,64.0,47.0,57.5625,0.1203,0.02,0.003759375
9399,2023-12-21 02:45:00,2023-12-21 04:00:00,1.25,6091,6098,3,2,5623.5,Los Angeles,21.0,2.0,6.6458335,32.0,0.0,3.40625,62.0,47.0,57.822918,1.5207,0.13,0.015840625
9401,2023-12-21 04:15:00,2023-12-21 04:45:00,0.5,4611,4611,1,1,2305.5,Los Angeles,14.0,0.0,6.4583335,25.0,0.0,3.2083333,62.0,47.0,57.63333,0.7705,0.1,0.016052084
9403,2023-12-21 05:00:00,2023-12-21 09:45:00,4.75,7694,13032,9,8,29806.0,Los Angeles,20.0,0.0,7.246875,32.0,0.0,3.3875,62.0,45.0,57.42562,3.9046,0.11,0.0122018745
9405,2023-12-21 21:30:00,2023-12-22 00:30:00,3.0,6068,6245,7,6,17473.75,Los Angeles,20.0,0.0,7.125,28.0,0.0,3.3076923,69.8,44.0,61.006733,3.2413,0.3,0.015583173
9407,2023-12-22 09:15:00,2023-12-22 12:45:00,3.5,8136,8136,6,5,20629.25,Los Angeles,22.0,0.0,8.004167,35.0,0.0,7.304167,62.6,47.0,55.85,6.1812997,0.27,0.025755415
9409,2023-12-27 17:30:00,2023-12-27 20:30:00,3.0,5150,5888,8,4,14091.0,Los Angeles,8.0,0.0,2.6009614,18.0,0.0,0.17307693,67.0,44.0,60.197117,0.0,0.0,0.0
9411,2023-12-30 18:00:00,2023-12-30 18:15:00,0.25,4123,4123,1,1,1030.75,Los Angeles,16.0,0.0,5.0625,21.0,0.0,0.65625,62.0,40.0,54.943752,0.0905,0.03,0.002828125
9413,2024-01-02 02:15:00,2024-01-02 02:30:00,0.25,4214,4214,1,1,1053.5,Los Angeles,11.0,0.0,4.90625,0.0,0.0,0.0,63.0,40.0,55.14375,0.0,0.0,0.0
9415,2024-01-02 23:00:00,2024-01-03 00:45:00,1.75,8886,8995,5,3,15281.5,Los Angeles,74.0,0.0,8.1796875,17.0,0.0,0.2421875,67.0,45.0,59.226562,0.0,0.0,0.0
9417,2024-01-04 17:15:00,2024-01-04 23:30:00,6.25,7887,10560,13,10,33308.0,Los Angeles,28.0,0.0,8.872596,33.0,0.0,5.4951925,66.2,34.0,56.216824,0.0004,1e-04,9.615385e-07
9419,2024-01-04 23:45:00,2024-01-05 00:30:00,0.75,4010,4010,1,2,2991.5,Los Angeles,16.0,0.0,6.84375,24.0,0.0,1.734375,66.2,35.0,58.396873,0.0,0.0,0.0
9421,2024-01-07 11:00:00,2024-01-07 11:30:00,0.5,4846,4846,1,2,2163.5,Los Angeles,35.0,0.0,12.8125,47.0,0.0,14.916667,57.0,31.0,49.325,0.00029999999,1e-04,6.25e-06
9423,2024-01-07 12:45:00,2024-01-08 00:30:00,11.75,22039,29909,24,21,128270.5,Los Angeles,30.0,2.0,13.520833,49.0,0.0,17.71875,61.0,28.0,50.1974,0.0224,0.01,2.9166666e-05
9425,2024-01-08 01:00:00,2024-01-08 01:30:00,0.5,3967,3967,2,1,1975.25,Los Angeles,20.0,3.0,12.270833,30.0,0.0,11.6875,58.0,30.0,49.662495,0.0,0.0,0.0
9427,2024-01-08 02:00:00,2024-01-08 02:45:00,0.75,4608,4608,3,1,3321.25,Los Angeles,21.0,3.0,11.84375,32.0,0.0,13.203125,56.0,30.0,48.199997,0.0,0.0,0.0
9429,2024-01-08 18:00:00,2024-01-08 19:15:00,1.25,6376,7811,2,4,6390.25,Los Angeles,13.0,0.0,3.8958333,20.0,0.0,1.3541666,62.6,35.0,53.024998,0.0,0.0,0.0
9431,2024-01-10 06:15:00,2024-01-10 06:30:00,0.25,4193,4193,1,1,1048.25,Los Angeles,17.0,0.0,3.96875,22.0,0.0,1.1875,60.8,38.0,49.1,0.0,0.0,0.0
9433,2024-01-10 08:00:00,2024-01-10 08:15:00,0.25,3943,3943,1,1,985.75,Los Angeles,22.0,0.0,5.0,24.0,0.0,2.53125,54.0,35.6,46.275,0.0,0.0,0.0
9435,2024-01-10 09:15:00,2024-01-10 10:45:00,1.5,4400,4417,2,3,6336.75,Los Angeles,24.0,0.0,5.044643,33.0,0.0,2.3214285,50.0,35.0,44.067852,0.0,0.0,0.0
9437,2024-01-16 18:00:00,2024-01-16 18:15:00,0.25,5138,5138,1,1,1284.5,Los Angeles,8.0,0.0,2.34375,0.0,0.0,0.0,69.8,47.0,57.66875,0.0,0.0,0.0
9439,2024-01-17 18:15:00,2024-01-17 19:00:00,0.75,5019,5019,2,2,3737.75,Los Angeles,22.0,0.0,4.578125,29.0,0.0,3.03125,66.0,50.0,57.753128,0.0,0.0,0.0
9441,2024-01-18 20:00:00,2024-01-18 20:30:00,0.5,4087,4087,1,2,2040.5,Los Angeles,19.0,0.0,4.625,25.0,0.0,1.5208334,69.8,54.0,62.070835,0.0,0.0,0.0
9443,2024-01-18 22:15:00,2024-01-18 23:00:00,0.75,3999,3999,1,3,2944.5,Los Angeles,13.0,0.0,4.65625,0.0,0.0,0.0,69.8,53.0,62.8625,0.0,0.0,0.0
9445,2024-01-19 18:15:00,2024-01-19 19:15:00,1.0,5357,5357,2,3,4788.0,Los Angeles,13.0,0.0,5.5875,17.0,0.0,0.3875,63.0,48.0,57.7925,0.0,0.0,0.0
9447,2024-01-21 05:30:00,2024-01-21 06:30:00,1.0,4510,4510,1,4,4227.0,Los Angeles,12.0,0.0,4.7375,0.0,0.0,0.0,59.0,44.0,54.0125,0.1405,0.11,0.0017562499
9449,2024-01-21 07:30:00,2024-01-21 08:30:00,1.0,9150,9150,3,1,9107.5,Los Angeles,11.0,0.0,4.4875,0.0,0.0,0.0,62.0,41.0,54.05,2.4006,0.22,0.0300075
9451,2024-01-22 18:00:00,2024-01-22 18:15:00,0.25,4066,4066,1,1,1016.5,Los Angeles,16.0,0.0,8.4375,19.0,0.0,4.4375,61.0,44.0,55.399998,0.5504,0.11,0.0172
9453,2024-01-22 18:30:00,2024-01-22 18:45:00,0.25,3888,3888,1,1,972.0,Los Angeles,16.0,5.0,9.25,24.0,0.0,5.40625,63.0,44.0,55.306248,1.0204,0.17,0.0318875
9455,2024-01-22 19:45:00,2024-01-22 20:00:00,0.25,4577,4577,1,1,1144.25,Los Angeles,13.0,3.0,7.75,20.0,0.0,3.09375,62.0,46.0,55.981247,0.48039997,0.11,0.015012499
9457,2024-01-22 22:15:00,2024-01-23 01:00:00,2.75,6033,6055,5,6,14698.0,Los Angeles,16.0,0.0,4.7604165,18.0,0.0,0.45833334,62.0,44.0,56.280212,2.8709,0.16,0.014952604
9459,2024-01-23 03:15:00,2024-01-23 06:30:00,3.25,4464,4656,6,5,14085.5,Los Angeles,19.0,0.0,4.808036,29.0,0.0,1.5133928,59.0,43.0,54.604465,0.041699998,0.01,0.0001861607
9461,2024-01-23 17:30:00,2024-01-23 23:45:00,6.25,13615,16095,11,10,46457.5,Los Angeles,26.0,0.0,9.449519,39.0,0.0,7.03125,69.8,43.0,61.0774,0.38079998,0.05,0.00091538456
9463,2024-01-24 00:00:00,2024-01-24 00:45:00,0.75,5716,5716,1,3,4088.0,Los Angeles,26.0,0.0,10.984375,42.0,0.0,7.59375,68.0,42.8,60.8125,0.0,0.0,0.0
9465,2024-01-27 10:30:00,2024-01-27 11:45:00,1.25,4645,4645,1,1,5806.25,Los Angeles,19.0,0.0,4.8541665,32.0,0.0,2.5520833,69.8,34.0,53.57083,0.0,0.0,0.0
9467,2024-01-28 20:45:00,2024-01-28 22:00:00,1.25,5884,5907,3,3,5943.0,Los Angeles,19.0,0.0,8.0,24.0,0.0,2.8125,80.6,48.2,71.68125,0.0,0.0,0.0
9469,2024-01-28 23:15:00,2024-01-28 23:30:00,0.25,7050,7050,1,1,1762.5,Los Angeles,16.0,0.0,7.8125,23.0,0.0,1.90625,80.0,48.2,70.5875,0.0,0.0,0.0
9471,2024-01-30 18:15:00,2024-01-30 19:45:00,1.5,5705,6106,3,4,7141.0,Los Angeles,14.0,0.0,2.8214285,30.0,0.0,2.267857,75.2,45.0,65.625,0.0,0.0,0.0
9473,2024-01-31 00:30:00,2024-01-31 00:45:00,0.25,5844,5844,1,1,1461.0,Los Angeles,14.0,0.0,5.59375,30.0,0.0,1.875,74.0,45.0,65.61875,0.0,0.0,0.0
9475,2024-01-31 04:45:00,2024-01-31 05:00:00,0.25,3809,3809,1,1,952.25,Los Angeles,14.0,0.0,3.5,30.0,0.0,1.875,73.4,44.0,57.712498,0.0,0.0,0.0
9477,2024-02-01 18:00:00,2024-02-01 18:15:00,0.25,4716,4716,1,1,1179.0,Los Angeles,21.0,0.0,8.75,29.0,0.0,8.0,60.0,41.0,50.5625,0.59020007,0.28,0.018443752
9479,2024-02-03 02:30:00,2024-02-03 03:30:00,1.0,4384,4384,1,3,4316.5,Los Angeles,19.0,0.0,10.0875,28.0,0.0,5.425,61.0,37.0,53.325,0.0002,1e-04,2.5e-06
9481,2024-02-03 12:30:00,2024-02-03 13:00:00,0.5,16572,16572,2,1,7560.25,Los Angeles,14.0,0.0,4.7708335,16.0,0.0,1.3333334,61.0,34.0,46.5,0.0,0.0,0.0
9483,2024-02-03 13:15:00,2024-02-03 14:00:00,0.75,8010,8010,2,2,4441.75,Los Angeles,15.0,0.0,4.78125,18.0,0.0,1.28125,61.0,34.0,46.15625,0.0,0.0,0.0
9485,2024-02-04 07:45:00,2024-02-04 09:15:00,1.5,4319,4319,2,1,6462.5,Los Angeles,13.0,0.0,5.669643,20.0,0.0,1.9196428,59.0,34.0,50.260715,0.6007,0.03,0.005363393
9487,2024-02-04 23:15:00,2024-02-06 10:30:00,35.25,17488,53140,70,66,357838.25,Los Angeles,39.0,0.0,8.314701,64.0,0.0,7.0470953,61.0,34.0,52.252377,138.1755,0.66,0.060816683
9489,2024-02-06 12:30:00,2024-02-07 09:00:00,20.5,10013,30210,37,41,137179.5,Los Angeles,19.0,0.0,4.6506023,26.0,0.0,0.64683735,58.0,34.0,48.745934,30.6156,0.39,0.023053916
9491,2024-02-07 19:00:00,2024-02-07 19:30:00,0.5,4832,4832,1,2,2232.75,Los Angeles,20.0,0.0,8.645833,26.0,0.0,2.7708333,59.0,40.0,53.420834,0.0,0.0,0.0
9493,2024-02-07 22:00:00,2024-02-08 05:15:00,7.25,10385,18599,14,15,51427.75,Los Angeles,27.0,0.0,11.5625,44.0,0.0,11.552083,60.0,32.0,52.252083,6.3624,0.25,0.013255
9495,2024-02-08 05:30:00,2024-02-08 06:00:00,0.5,4490,4490,1,2,2077.5,Los Angeles,23.0,0.0,9.75,36.0,0.0,9.75,57.0,32.0,48.779163,2.2705998,0.28,0.047304165
9497,2024-02-08 07:00:00,2024-02-08 07:45:00,0.75,3919,3929,2,2,2931.25,Los Angeles,25.0,0.0,10.203125,38.0,0.0,11.921875,57.0,30.0,48.268753,0.1608,0.09,0.0025125
9499,2024-02-08 08:45:00,2024-02-08 09:45:00,1.0,4004,4056,3,2,3965.75,Los Angeles,21.0,0.0,9.0875,30.0,0.0,7.3125,54.0,29.0,46.645,0.0106999995,0.01,0.00013375
9501,2024-02-09 17:00:00,2024-02-09 18:00:00,1.0,4415,4415,2,3,4211.0,Los Angeles,14.0,0.0,5.075,22.0,0.0,0.8,58.0,33.0,50.6875,0.0101,0.01,0.00012625
9503,2024-02-09 18:15:00,2024-02-09 18:45:00,0.5,3992,3992,2,1,1991.5,Los Angeles,12.0,0.0,5.0208335,0.0,0.0,0.0,59.0,36.0,52.716663,1e-04,1e-04,2.0833334e-06
9505,2024-02-09 19:15:00,2024-02-09 20:15:00,1.0,4863,4863,1,3,4764.0,Los Angeles,11.0,0.0,4.0375,18.0,0.0,0.9,59.0,37.0,54.0125,0.0,0.0,0.0
9507,2024-02-10 00:00:00,2024-02-10 00:30:00,0.5,17974,17974,1,2,6313.75,Los Angeles,22.0,0.0,10.791667,30.0,0.0,7.5,60.0,34.0,54.720837,0.0,0.0,0.0
9509,2024-02-10 12:00:00,2024-02-10 12:15:00,0.25,4256,4256,1,1,1064.0,Los Angeles,22.0,0.0,6.65625,31.0,0.0,5.625,59.0,32.0,45.75,0.0,0.0,0.0
9511,2024-02-13 21:15:00,2024-02-13 21:45:00,0.5,5215,5215,1,2,2601.0,Los Angeles,13.0,0.0,6.9791665,15.0,0.0,0.3125,67.0,54.0,62.095837,0.0,0.0,0.0
9513,2024-02-14 00:45:00,2024-02-14 01:45:00,1.0,9201,9716,2,3,8756.75,Los Angeles,16.0,2.0,7.3125,21.0,0.0,0.525,63.0,44.0,57.652504,0.0,0.0,0.0
9515,2024-02-14 03:00:00,2024-02-14 03:45:00,0.75,4248,4248,1,2,3146.0,Los Angeles,15.0,0.0,5.4375,0.0,0.0,0.0,59.0,42.0,53.784378,0.0,0.0,0.0
9517,2024-02-15 19:00:00,2024-02-15 20:30:00,1.5,4116,4231,3,3,6063.0,Los Angeles,17.0,0.0,7.321429,22.0,0.0,2.1339285,66.2,48.0,60.32143,0.0,0.0,0.0
9519,2024-02-15 21:45:00,2024-02-15 22:00:00,0.25,3904,3904,1,1,976.0,Los Angeles,22.0,3.0,9.84375,27.0,0.0,3.03125,67.0,50.0,62.225,0.0,0.0,0.0
9521,2024-02-15 22:45:00,2024-02-16 01:30:00,2.75,4637,4681,5,7,11933.5,Los Angeles,24.0,0.0,10.796875,29.0,0.0,6.140625,68.0,42.0,60.721874,0.0,0.0,0.0
9523,2024-02-16 01:45:00,2024-02-16 02:15:00,0.5,3809,3809,1,1,1904.5,Los Angeles,18.0,3.0,9.4375,25.0,0.0,2.3125,62.6,42.0,57.016666,0.0,0.0,0.0
9525,2024-02-17 05:45:00,2024-02-17 06:45:00,1.0,6771,6771,2,2,5791.75,Los Angeles,7.0,0.0,2.8,0.0,0.0,0.0,61.0,44.0,54.627502,0.0,0.0,0.0
9527,2024-02-18 08:45:00,2024-02-18 11:15:00,2.5,7798,8113,6,4,12689.25,Los Angeles,17.0,0.0,3.375,18.0,0.0,0.48863637,61.0,40.0,53.336365,0.09069999,0.02,0.0005153409
9529,2024-02-18 19:00:00,2024-02-18 21:45:00,2.75,6273,7011,5,5,13142.0,Los Angeles,18.0,0.0,7.03125,26.0,0.0,3.4322917,66.2,44.6,60.216663,0.0,0.0,0.0
9531,2024-02-19 22:30:00,2024-02-19 22:45:00,0.25,5281,5281,1,1,1320.25,Los Angeles,19.0,4.0,10.4375,35.0,0.0,4.96875,61.0,47.0,56.475,0.1204,0.02,0.0037625
9533,2024-02-19 23:15:00,2024-02-19 23:45:00,0.5,4186,4186,1,2,2005.5,Los Angeles,20.0,4.0,10.541667,36.0,0.0,5.9583335,61.0,46.0,56.2375,0.2703,0.06,0.00563125
9535,2024-02-20 21:45:00,2024-02-20 22:15:00,0.5,3933,3933,1,2,1946.5,Los Angeles,15.0,0.0,8.604167,23.0,0.0,3.7708333,61.0,44.6,56.25833,2.5805001,0.62,0.05376042
9537,2024-02-20 22:30:00,2024-02-21 00:15:00,1.75,5701,5710,5,3,9230.75,Los Angeles,19.0,2.0,8.734375,28.0,0.0,4.4609375,61.0,44.0,56.025,1.4013999,0.07,0.010948436
9539,2024-02-21 01:00:00,2024-02-21 01:45:00,0.75,4201,4228,2,2,3111.0,Los Angeles,15.0,0.0,6.40625,25.0,0.0,2.40625,61.0,44.0,55.765625,0.15120001,0.05,0.0023625002
9541,2024-02-21 18:30:00,2024-02-21 19:15:00,0.75,3855,3855,3,1,2870.25,Los Angeles,15.0,0.0,6.578125,20.0,0.0,2.453125,66.0,45.0,59.13125,0.0,0.0,0.0
9543,2024-02-21 20:15:00,2024-02-21 21:15:00,1.0,3896,3896,2,3,3848.5,Los Angeles,22.0,0.0,9.0875,26.0,0.0,3.3125,66.2,46.0,60.1775,0.0,0.0,0.0
9545,2024-02-21 21:45:00,2024-02-21 23:00:00,1.25,4874,4874,2,4,5981.25,Los Angeles,19.0,2.0,9.635417,22.0,0.0,3.1354167,66.2,48.0,60.89792,0.0,0.0,0.0
9547,2024-02-22 18:00:00,2024-02-22 18:15:00,0.25,4398,4398,1,1,1099.5,Los Angeles,8.0,0.0,2.8125,0.0,0.0,0.0,62.0,49.0,57.3625,0.0,0.0,0.0
9549,2024-02-22 18:45:00,2024-02-22 19:30:00,0.75,4168,4168,1,3,3091.25,Los Angeles,10.0,0.0,3.4375,18.0,0.0,0.53125,68.0,52.0,59.806248,0.0,0.0,0.0
9551,2024-02-22 22:15:00,2024-02-22 22:30:00,0.25,7025,7025,1,1,1756.25,Los Angeles,12.0,0.0,6.03125,17.0,0.0,1.0625,71.6,54.0,63.96875,0.0,0.0,0.0
9553,2024-02-26 10:15:00,2024-02-26 10:45:00,0.5,13858,13858,1,1,6929.0,Los Angeles,11.0,0.0,2.7291667,0.0,0.0,0.0,69.8,46.0,53.775005,0.0,0.0,0.0
9555,2024-02-27 21:15:00,2024-02-27 21:30:00,0.25,3822,3822,1,1,955.5,Los Angeles,15.0,0.0,7.0,24.0,0.0,1.40625,66.0,46.0,61.5625,0.0,0.0,0.0
9557,2024-02-29 10:00:00,2024-02-29 13:15:00,3.25,14524,14524,2,6,45842.75,Los Angeles,17.0,0.0,4.174107,24.0,0.0,0.66071427,61.0,42.0,54.954468,0.0,0.0,0.0
9559,2024-03-02 10:45:00,2024-03-02 11:00:00,0.25,3828,3828,1,1,957.0,Los Angeles,22.0,0.0,8.53125,32.0,0.0,6.1875,61.0,41.0,53.99375,0.1805,0.11,0.005640625
9561,2024-03-03 16:30:00,2024-03-03 17:15:00,0.75,11654,11661,2,2,7207.25,Los Angeles,24.0,0.0,7.359375,29.0,0.0,4.078125,59.0,38.0,52.24375,0.08,0.02,0.00125
9563,2024-03-04 06:00:00,2024-03-04 06:30:00,0.5,4946,4946,2,1,2333.75,Los Angeles,22.0,0.0,7.5208335,33.0,0.0,6.3333335,58.0,37.0,51.9375,0.0,0.0,0.0
9565,2024-03-04 10:15:00,2024-03-04 12:45:00,2.5,5478,6575,3,6,11259.0,Los Angeles,21.0,0.0,6.2045455,29.0,0.0,3.9318182,55.0,35.0,48.19773,0.0,0.0,0.0
9567,2024-03-05 06:45:00,2024-03-05 07:00:00,0.25,6958,6958,1,1,1739.5,Los Angeles,20.0,0.0,5.4375,26.0,0.0,1.5625,59.0,37.0,51.88125,0.0,0.0,0.0
9569,2024-03-08 08:45:00,2024-03-08 09:30:00,0.75,4079,4187,2,2,3000.75,Los Angeles,18.0,0.0,4.34375,27.0,0.0,1.578125,60.8,38.0,50.603127,0.0,0.0,0.0
9571,2024-03-09 23:30:00,2024-03-10 00:30:00,1.0,4240,4324,2,2,4216.5,Los Angeles,15.0,2.0,8.3875,15.0,0.0,1.65,72.0,54.0,65.729996,0.0,0.0,0.0
9573,2024-03-10 00:45:00,2024-03-10 01:15:00,0.5,3888,3888,1,1,1944.0,Los Angeles,15.0,5.0,9.020833,16.0,0.0,1.8958334,69.8,54.0,63.475002,0.0,0.0,0.0
9575,2024-03-11 19:45:00,2024-03-11 21:00:00,1.25,5068,5734,3,3,5495.5,Los Angeles,19.0,0.0,8.854167,26.0,0.0,4.21875,67.0,49.0,61.608337,0.0,0.0,0.0
9577,2024-03-12 00:15:00,2024-03-12 00:30:00,0.25,16242,16242,1,1,4060.5,Los Angeles,18.0,3.0,9.96875,23.0,0.0,4.125,66.0,48.0,60.11875,0.0,0.0,0.0
9579,2024-03-12 06:30:00,2024-03-12 07:00:00,0.5,3957,3957,2,1,1969.75,Los Angeles,15.0,0.0,6.2083335,18.0,0.0,0.375,60.0,43.0,54.80417,1e-04,1e-04,2.0833334e-06
9581,2024-03-12 07:45:00,2024-03-12 11:15:00,3.5,6527,6596,8,4,15743.5,Los Angeles,18.0,0.0,5.2,26.0,0.0,1.4083333,59.0,41.0,52.595833,0.0,0.0,0.0
9583,2024-03-14 15:30:00,2024-03-15 12:15:00,20.75,29245,49131,36,46,294854.25,Los Angeles,38.0,0.0,10.838542,56.0,0.0,12.473214,72.0,35.0,60.04985,0.0,0.0,0.0
9585,2024-03-15 12:30:00,2024-03-16 01:45:00,13.25,10049,14498,23,27,110464.75,Los Angeles,207.0,0.0,7.971065,30.0,0.0,2.6041667,69.0,32.0,58.894215,0.00049999997,1e-04,5.787037e-07
9587,2024-03-16 02:45:00,2024-03-16 03:15:00,0.5,4737,4737,1,2,2184.75,Los Angeles,14.0,0.0,5.5208335,0.0,0.0,0.0,69.0,41.0,57.3125,1e-04,1e-04,2.0833334e-06
9589,2024-03-16 09:15:00,2024-03-16 09:30:00,0.25,6614,6614,1,1,1653.5,Los Angeles,6.0,0.0,2.28125,0.0,0.0,0.0,59.0,40.0,51.9,0.0,0.0,0.0
9593,2024-03-20 16:15:00,2024-03-20 17:30:00,1.25,4332,4334,3,3,5258.5,Los Angeles,9.0,0.0,3.5416667,26.0,0.0,2.0625,67.0,53.0,59.666668,0.0,0.0,0.0
9595,2024-03-20 18:15:00,2024-03-20 19:15:00,1.0,3971,3976,2,2,3944.25,Los Angeles,11.0,0.0,5.6,23.0,0.0,1.6375,72.0,57.0,64.545,0.0,0.0,0.0
9597,2024-03-20 19:30:00,2024-03-20 20:30:00,1.0,3828,3828,1,2,3826.5,Los Angeles,14.0,0.0,6.6125,25.0,0.0,2.1625,76.0,60.0,67.21751,0.0,0.0,0.0
9599,2024-03-20 20:45:00,2024-03-20 21:00:00,0.25,3984,3984,1,1,996.0,Los Angeles,14.0,0.0,7.84375,25.0,0.0,2.65625,75.0,60.0,68.4875,0.0,0.0,0.0
9601,2024-03-20 23:30:00,2024-03-21 00:30:00,1.0,4453,4782,2,3,4178.25,Los Angeles,22.0,0.0,9.9125,30.0,0.0,3.325,74.0,57.0,67.205,0.0,0.0,0.0
9603,2024-03-21 04:00:00,2024-03-21 04:15:00,0.25,4720,4720,1,1,1180.0,Los Angeles,16.0,2.0,6.65625,24.0,0.0,1.5,68.0,53.0,59.86875,0.0,0.0,0.0
9605,2024-03-21 05:30:00,2024-03-21 10:00:00,4.5,4416,4558,4,7,19270.25,Los Angeles,19.0,0.0,4.8717103,28.0,0.0,1.3815789,68.0,50.0,56.984863,0.0,0.0,0.0
9607,2024-03-21 11:15:00,2024-03-21 11:30:00,0.25,4266,4266,1,1,1066.5,Los Angeles,13.0,0.0,3.46875,23.0,0.0,0.71875,60.0,47.0,54.53125,0.0,0.0,0.0
9609,2024-03-21 18:30:00,2024-03-21 19:00:00,0.5,4411,4411,1,2,2189.0,Los Angeles,17.0,0.0,5.6875,20.0,0.0,1.875,71.0,55.4,63.55,0.0,0.0,0.0
9611,2024-03-22 05:45:00,2024-03-22 15:45:00,10.0,4837,5472,12,13,42522.75,Los Angeles,13.0,0.0,2.8140244,18.0,0.0,0.30182928,66.2,45.0,54.802437,0.0,0.0,0.0
9613,2024-03-23 23:30:00,2024-03-24 00:15:00,0.75,4870,4870,2,2,3435.75,Los Angeles,30.0,2.0,15.609375,40.0,0.0,20.421875,65.0,46.0,59.05625,0.11999999,0.04,0.0018749998
9615,2024-03-24 03:15:00,2024-03-24 03:30:00,0.25,3809,3809,1,1,952.25,Los Angeles,30.0,3.0,13.71875,33.0,0.0,12.53125,66.2,37.0,54.3,0.34,0.17,0.010625
9617,2024-03-24 05:15:00,2024-03-24 06:00:00,0.75,3948,3948,2,2,2934.5,Los Angeles,24.0,0.0,13.34375,32.0,0.0,15.0,66.2,36.0,53.671875,1e-04,1e-04,1.5625e-06
9619,2024-03-24 12:30:00,2024-03-24 12:45:00,0.25,8878,8878,1,1,2219.5,Los Angeles,30.0,0.0,9.84375,40.0,0.0,8.125,55.0,34.0,48.0375,0.0004,1e-04,1.25e-05
9621,2024-03-25 17:15:00,2024-03-25 18:15:00,1.0,8287,8287,1,2,7517.25,Los Angeles,21.0,0.0,7.7625,26.0,0.0,3.9875,63.0,40.0,57.6175,0.0,0.0,0.0
9623,2024-03-26 05:45:00,2024-03-26 11:45:00,6.0,12591,12718,9,6,68197.25,Los Angeles,20.0,0.0,6.1875,28.0,0.0,1.7075,62.6,40.0,51.95,0.0,0.0,0.0
9625,2024-03-29 09:30:00,2024-03-29 10:00:00,0.5,4968,4968,1,1,2484.0,Los Angeles,12.0,0.0,4.6875,17.0,0.0,0.35416666,56.0,39.0,49.949997,0.0,0.0,0.0
9627,2024-03-29 12:00:00,2024-03-29 12:30:00,0.5,4081,4081,1,1,2040.5,Los Angeles,16.0,0.0,4.75,21.0,0.0,2.0208333,56.0,36.0,48.933334,0.0,0.0,0.0
9629,2024-03-30 15:15:00,2024-03-31 02:45:00,11.5,35143,61378,20,25,175248.5,Los Angeles,25.0,0.0,9.151596,43.0,0.0,5.3603725,67.0,35.0,51.571808,7.9257,0.18,0.010539495
9631,2024-03-31 03:00:00,2024-03-31 03:30:00,0.5,6783,6783,1,2,2887.75,Los Angeles,19.0,4.0,8.770833,28.0,0.0,4.9166665,57.0,36.0,50.645832,0.1507,0.04,0.0031395834
9633,2024-03-31 04:00:00,2024-03-31 05:30:00,1.5,15165,16844,3,3,16234.25,Los Angeles,16.0,2.0,8.669642,27.0,0.0,4.821429,57.0,37.0,50.401787,1.1515999,0.08,0.010282142
9635,2024-03-31 14:00:00,2024-03-31 14:45:00,0.75,3860,3860,1,1,2895.0,Los Angeles,13.0,0.0,5.265625,0.0,0.0,0.0,58.0,36.0,48.328125,0.4306,0.08,0.006728125
9637,2024-03-31 15:15:00,2024-03-31 16:00:00,0.75,3807,3807,1,1,2855.25,Los Angeles,12.0,0.0,5.6875,19.0,0.0,1.109375,58.0,36.0,49.55,0.41089997,0.16,0.006420312
9639,2024-03-31 16:30:00,2024-03-31 17:00:00,0.5,4597,4597,2,1,2298.25,Los Angeles,14.0,0.0,6.5,19.0,0.0,1.4166666,64.0,37.0,52.1375,0.0701,0.03,0.0014604167
9641,2024-03-31 18:15:00,2024-03-31 19:15:00,1.0,4312,4312,3,1,4246.75,Los Angeles,17.0,2.0,9.225,24.0,0.0,6.6375,64.0,40.0,56.3125,0.0905,0.03,0.0011312499
9644,2024-04-04 08:15:00,2024-04-04 09:15:00,1.0,4685,4685,2,1,4567.25,Los Angeles,14.0,0.0,6.55,23.0,0.0,0.825,71.6,45.0,55.3875,0.0,0.0,0.0
9646,2024-04-04 15:45:00,2024-04-04 16:00:00,0.25,4765,4765,1,1,1191.25,Los Angeles,19.0,0.0,8.375,31.0,0.0,5.21875,60.0,40.0,54.949997,0.0,0.0,0.0
9648,2024-04-05 01:15:00,2024-04-05 04:45:00,3.5,4488,4503,5,5,14847.25,Los Angeles,26.0,0.0,10.345834,38.0,0.0,6.0958333,59.0,32.0,50.560833,0.13170001,0.03,0.00054875005
9650,2024-04-05 15:45:00,2024-04-05 16:45:00,1.0,3865,3865,3,1,3846.75,Los Angeles,20.0,0.0,8.6875,25.0,0.0,3.925,59.0,33.8,47.635,0.061399996,0.02,0.00076749997
9652,2024-04-05 17:45:00,2024-04-05 19:00:00,1.25,7289,8326,3,3,7411.5,Los Angeles,27.0,0.0,9.03125,37.0,0.0,6.9479165,61.0,31.0,50.816666,0.231,0.05,0.00240625
9654,2024-04-05 22:15:00,2024-04-06 00:00:00,1.75,7145,7145,5,3,8710.5,Los Angeles,29.0,7.0,16.890625,39.0,0.0,23.03125,60.0,37.0,53.189064,0.050499998,0.02,0.00039453123
9656,2024-04-08 06:00:00,2024-04-08 10:30:00,4.5,4932,4932,2,6,19455.25,Los Angeles,15.0,0.0,5.0460525,34.0,0.0,2.569079,62.6,35.0,50.142105,0.0,0.0,0.0
9658,2024-04-08 17:15:00,2024-04-08 18:45:00,1.5,4714,4932,5,2,6475.75,Los Angeles,19.0,0.0,7.5,33.0,0.0,4.669643,68.0,46.0,59.75,0.0,0.0,0.0
9660,2024-04-08 19:15:00,2024-04-08 20:30:00,1.25,5153,5153,3,1,6046.75,Los Angeles,24.0,0.0,9.729167,41.0,0.0,6.4270835,74.0,48.0,64.50625,0.0,0.0,0.0
9663,2024-04-18 05:30:00,2024-04-18 06:15:00,0.75,6626,6626,3,1,4271.0,Los Angeles,11.0,0.0,4.859375,18.0,0.0,1.125,71.6,55.0,61.809376,0.0,0.0,0.0
9665,2024-04-18 15:30:00,2024-04-18 16:15:00,0.75,4059,4059,3,1,3004.0,Los Angeles,10.0,0.0,3.9375,0.0,0.0,0.0,69.0,55.0,59.192192,0.0,0.0,0.0
9667,2024-04-20 04:00:00,2024-04-20 04:45:00,0.75,3824,3824,3,1,2866.5,Los Angeles,13.0,0.0,6.78125,0.0,0.0,0.0,64.4,50.0,58.75625,0.0,0.0,0.0
9670,2024-04-21 19:45:00,2024-04-21 20:30:00,0.75,12856,12856,2,2,8940.5,Los Angeles,14.0,0.0,6.765625,16.0,0.0,1.1875,85.0,60.0,71.868744,0.0,0.0,0.0
9672,2024-04-22 09:30:00,2024-04-22 09:45:00,0.25,16712,16712,1,1,4178.0,Los Angeles,10.0,0.0,2.875,0.0,0.0,0.0,62.0,53.0,58.0,0.0,0.0,0.0
9674,2024-04-23 19:15:00,2024-04-23 20:30:00,1.25,5542,5542,4,2,5936.5,Los Angeles,24.0,0.0,9.104167,31.0,0.0,5.25,70.0,52.0,63.270832,0.0,0.0,0.0
9676,2024-04-24 05:00:00,2024-04-24 05:30:00,0.5,4737,4737,1,1,2368.5,Los Angeles,13.0,0.0,6.1041665,0.0,0.0,0.0,64.4,44.0,56.779163,0.0,0.0,0.0
9678,2024-04-26 16:45:00,2024-04-26 21:00:00,4.25,5778,5804,7,11,19202.0,Los Angeles,105.0,0.0,12.559028,44.0,0.0,12.090278,72.0,41.0,62.067707,0.00049999997,1e-04,1.736111e-06
9680,2024-04-26 21:15:00,2024-04-26 21:30:00,0.25,4093,4093,1,1,1023.25,Los Angeles,33.0,6.0,15.4375,44.0,0.0,15.125,72.0,48.0,64.95,0.0,0.0,0.0
9682,2024-04-27 10:15:00,2024-04-27 12:45:00,2.5,3858,3877,2,2,9563.25,Los Angeles,21.0,0.0,5.4829545,31.0,0.0,3.6079545,59.0,39.0,52.83295,0.0,0.0,0.0
9686,2024-04-30 19:30:00,2024-04-30 22:30:00,3.0,10930,11337,2,11,25974.75,Los Angeles,18.0,0.0,8.471154,23.0,0.0,4.2259617,82.0,63.0,72.0625,0.0,0.0,0.0
9688,2024-05-02 07:30:00,2024-05-02 08:00:00,0.5,4042,4042,1,1,2021.0,Los Angeles,16.0,0.0,5.0208335,19.0,0.0,0.7916667,75.0,50.0,60.466663,0.0,0.0,0.0
9690,2024-05-02 11:00:00,2024-05-02 12:30:00,1.5,6368,6368,2,4,9250.75,Los Angeles,23.0,0.0,3.9285715,35.0,0.0,2.107143,75.0,49.0,58.04643,0.0,0.0,0.0
9695,2024-05-05 11:15:00,2024-05-05 11:30:00,0.25,4568,4568,1,1,1142.0,Los Angeles,23.0,0.0,10.8125,31.0,0.0,6.65625,59.0,36.0,51.9375,1e-04,1e-04,3.125e-06
9697,2024-05-05 11:45:00,2024-05-05 12:15:00,0.5,5611,5611,1,2,2603.25,Los Angeles,24.0,0.0,10.8125,30.0,0.0,5.75,59.0,35.6,51.3875,0.0004,1e-04,8.333333e-06
9699,2024-05-06 04:30:00,2024-05-06 05:00:00,0.5,4132,4132,1,1,2066.0,Los Angeles,25.0,0.0,11.833333,44.0,0.0,9.375,68.0,39.0,58.658337,0.0,0.0,0.0
9701,2024-05-07 07:30:00,2024-05-07 10:45:00,3.25,6456,6677,4,4,13388.25,Los Angeles,22.0,0.0,4.370536,32.0,0.0,3.0625,64.4,44.0,56.174995,0.0,0.0,0.0
9703,2024-05-07 15:00:00,2024-05-07 18:00:00,3.0,6289,6289,10,1,16669.0,Los Angeles,21.0,0.0,5.4134617,29.0,0.0,1.9807693,75.0,47.0,63.59711,0.0,0.0,0.0
9705,2024-05-07 19:15:00,2024-05-07 20:45:00,1.5,4523,4584,4,3,6463.0,Los Angeles,26.0,0.0,9.544642,38.0,0.0,6.517857,81.0,59.0,70.77411,0.0,0.0,0.0
9707,2024-05-12 07:45:00,2024-05-12 09:15:00,1.5,7931,8251,3,2,11463.25,Los Angeles,11.0,0.0,4.544643,0.0,0.0,0.0,75.2,55.4,60.94643,0.0,0.0,0.0
9712,2024-05-19 21:00:00,2024-05-19 23:15:00,2.25,4859,4864,5,3,10509.0,Los Angeles,24.0,0.0,11.0375,34.0,0.0,8.43125,87.0,63.0,70.005,0.0,0.0,0.0
9714,2024-05-20 06:15:00,2024-05-20 07:15:00,1.0,5304,5382,3,2,4582.0,Los Angeles,19.0,0.0,6.9625,26.0,0.0,1.1375,72.0,53.0,60.05,0.0,0.0,0.0
9716,2024-05-20 08:30:00,2024-05-20 08:45:00,0.25,5494,5494,1,1,1373.5,Los Angeles,18.0,0.0,5.09375,24.0,0.0,2.46875,72.0,53.0,58.65625,0.0,0.0,0.0
9718,2024-05-20 17:30:00,2024-05-20 19:00:00,1.5,7214,7367,4,3,7384.0,Los Angeles,24.0,0.0,7.410714,35.0,0.0,2.7410715,87.8,47.0,62.542854,0.0,0.0,0.0
9720,2024-05-21 22:00:00,2024-05-21 22:30:00,0.5,4492,4492,1,2,2234.5,Los Angeles,15.0,0.0,8.583333,18.0,0.0,3.2291667,93.0,60.0,71.5625,0.0,0.0,0.0
9722,2024-05-22 01:00:00,2024-05-22 02:45:00,1.75,5361,5364,4,3,7514.0,Los Angeles,18.0,0.0,9.125,23.0,0.0,1.3828125,93.0,58.0,67.30704,0.0,0.0,0.0
9724,2024-05-22 16:00:00,2024-05-22 22:30:00,6.5,8536,11194,13,11,41785.5,Los Angeles,20.0,0.0,6.571759,32.0,0.0,3.5763888,84.0,51.0,65.15741,0.0,0.0,0.0
9726,2024-05-23 18:45:00,2024-05-23 20:30:00,1.75,4145,4169,3,5,6837.75,Los Angeles,23.0,0.0,6.609375,30.0,0.0,2.3515625,85.0,53.0,65.28125,0.0,0.0,0.0
9729,2024-05-24 21:30:00,2024-05-24 22:45:00,1.25,3915,3915,1,4,4845.25,Los Angeles,29.0,0.0,10.354167,38.0,0.0,6.5729165,71.0,52.0,64.86667,0.0,0.0,0.0
9731,2024-05-24 23:15:00,2024-05-25 01:00:00,1.75,8157,8157,3,1,14260.0,Los Angeles,27.0,0.0,10.7578125,39.0,0.0,7.796875,71.0,53.0,63.3625,0.0,0.0,0.0
9733,2024-05-26 16:45:00,2024-05-26 18:15:00,1.5,13713,13713,5,2,17254.5,Los Angeles,15.0,0.0,4.375,22.0,0.0,0.39285713,75.0,52.0,62.835712,0.0,0.0,0.0
9735,2024-05-27 20:15:00,2024-05-27 21:15:00,1.0,8192,8192,1,4,5728.0,Los Angeles,16.0,0.0,8.525,24.0,0.0,4.3125,85.0,58.0,70.355,0.0,0.0,0.0
9737,2024-05-30 17:00:00,2024-05-30 20:30:00,3.5,5967,6444,5,5,19309.5,Los Angeles,12.0,0.0,5.241667,19.0,0.0,0.6625,91.0,56.0,69.33083,0.0,0.0,0.0
9739,2024-06-06 19:45:00,2024-06-06 20:00:00,0.25,4523,4523,1,1,1130.75,Los Angeles,15.0,0.0,8.5,32.0,0.0,3.125,101.0,60.0,76.225006,0.0,0.0,0.0
9741,2024-06-07 19:45:00,2024-06-07 21:15:00,1.5,4113,4129,2,4,6089.0,Los Angeles,24.0,0.0,8.348214,32.0,0.0,5.955357,95.0,59.0,72.248215,0.0,0.0,0.0
9743,2024-06-08 21:15:00,2024-06-08 21:30:00,0.25,3824,3824,1,1,956.0,Los Angeles,22.0,0.0,9.625,29.0,0.0,7.59375,90.0,57.0,71.06875,0.0,0.0,0.0
9745,2024-06-08 22:30:00,2024-06-08 23:15:00,0.75,3839,3853,2,2,2868.25,Los Angeles,26.0,0.0,9.125,37.0,0.0,6.96875,90.0,57.0,71.51875,1e-04,1e-04,1.5625e-06
9747,2024-06-10 16:15:00,2024-06-10 17:00:00,0.75,5264,5264,2,2,3894.75,Los Angeles,10.0,0.0,3.5625,18.0,0.0,1.40625,84.0,57.0,65.078125,0.0,0.0,0.0
9749,2024-06-10 20:30:00,2024-06-10 21:15:00,0.75,4244,4244,1,3,3167.0,Los Angeles,11.0,0.0,6.859375,19.0,0.0,2.15625,92.0,60.0,74.28906,0.0,0.0,0.0
9751,2024-06-11 00:30:00,2024-06-11 01:00:00,0.5,3911,3911,2,1,1943.75,Los Angeles,19.0,0.0,10.416667,23.0,0.0,2.7916667,93.0,58.0,72.604164,1e-04,1e-04,2.0833334e-06
9753,2024-06-12 04:45:00,2024-06-12 05:45:00,1.0,5075,5084,2,2,5071.75,Los Angeles,12.0,0.0,5.025,16.0,0.0,0.775,83.0,55.0,65.0125,1e-04,1e-04,1.25e-06
9755,2024-06-13 10:15:00,2024-06-13 11:30:00,1.25,6115,6185,2,2,6151.25,Los Angeles,13.0,0.0,4.3020835,16.0,0.0,0.16666667,76.0,53.0,61.556248,0.0,0.0,0.0
9757,2024-06-16 21:15:00,2024-06-16 21:45:00,0.5,4730,4730,2,1,2355.25,Los Angeles,24.0,0.0,10.333333,33.0,0.0,6.8333335,93.0,57.4,75.8375,0.0,0.0,0.0
9759,2024-06-17 05:45:00,2024-06-17 06:00:00,0.25,3890,3890,1,1,972.5,Los Angeles,21.0,0.0,7.40625,31.0,0.0,3.0625,82.4,57.4,67.424995,0.0,0.0,0.0
9761,2024-06-21 22:00:00,2024-06-21 23:45:00,1.75,4304,4360,3,3,7118.0,Los Angeles,16.0,0.0,8.421875,21.0,0.0,2.140625,98.0,60.0,80.626564,0.0,0.0,0.0
9763,2024-06-22 00:15:00,2024-06-22 00:30:00,0.25,4183,4183,1,1,1045.75,Los Angeles,17.0,0.0,8.53125,19.0,0.0,1.5,97.0,60.0,79.8875,0.0,0.0,0.0
9765,2024-06-22 07:45:00,2024-06-22 09:00:00,1.25,10023,10023,1,4,8432.75,Los Angeles,10.0,0.0,4.5104165,0.0,0.0,0.0,84.2,60.0,67.89167,0.0,0.0,0.0
9767,2024-06-22 14:00:00,2024-06-22 18:00:00,4.0,13510,15068,8,7,26463.75,Los Angeles,10.0,0.0,2.9779413,17.0,0.0,0.3529412,93.0,60.0,72.5625,0.0,0.0,0.0
9769,2024-06-22 18:15:00,2024-06-22 19:45:00,1.5,4113,4117,3,3,6136.5,Los Angeles,16.0,0.0,6.241071,22.0,0.0,1.2321428,99.0,60.0,81.06072,0.0,0.0,0.0
9771,2024-06-23 23:45:00,2024-06-24 00:30:00,0.75,4205,4205,3,1,3152.75,Los Angeles,22.0,0.0,10.25,30.0,0.0,3.328125,98.0,60.0,84.74375,0.0,0.0,0.0
9773,2024-06-24 01:15:00,2024-06-24 02:45:00,1.5,7267,7273,4,3,8133.5,Los Angeles,21.0,0.0,8.955358,24.0,0.0,2.5714285,98.0,60.0,81.02143,0.0,0.0,0.0
9775,2024-06-24 03:30:00,2024-06-24 05:45:00,2.25,5143,5553,5,5,10402.25,Los Angeles,17.0,0.0,6.85625,26.0,0.0,1.2625,89.6,60.0,76.85,1e-04,1e-04,6.25e-07
9777,2024-06-25 07:15:00,2024-06-25 08:00:00,0.75,4314,4314,3,1,3220.0,Los Angeles,13.0,0.0,5.578125,19.0,0.0,0.296875,84.2,60.0,73.5375,0.0,0.0,0.0
9779,2024-06-26 01:30:00,2024-06-26 02:30:00,1.0,11258,11265,2,2,11185.75,Los Angeles,21.0,0.0,9.875,26.0,0.0,2.9875,91.0,60.0,74.4225,0.0,0.0,0.0
9781,2024-06-26 16:30:00,2024-06-26 18:45:00,2.25,5158,5202,5,4,10948.75,Los Angeles,20.0,0.0,7.1875,29.0,0.0,2.29375,96.0,60.0,74.93626,0.0,0.0,0.0
9783,2024-06-26 22:45:00,2024-06-26 23:15:00,0.5,4991,4991,1,2,2428.5,Los Angeles,19.0,0.0,9.708333,29.0,0.0,5.2916665,99.0,60.0,79.5875,0.0,0.0,0.0
9785,2024-06-27 04:00:00,2024-06-27 04:15:00,0.25,4230,4230,1,1,1057.5,Los Angeles,15.0,0.0,7.4375,20.0,0.0,1.21875,85.0,60.0,71.6375,0.0,0.0,0.0
9787,2024-06-29 10:00:00,2024-06-29 10:30:00,0.5,4272,4272,1,1,2136.0,Los Angeles,11.0,0.0,4.0416665,14.0,0.0,0.875,70.0,55.0,64.479164,0.0,0.0,0.0
9789,2024-06-29 16:00:00,2024-06-29 16:15:00,0.25,7304,7304,1,1,1826.0,Los Angeles,13.0,0.0,4.8125,14.0,0.0,0.875,84.0,60.0,68.89375,0.0,0.0,0.0
9791,2024-06-30 03:30:00,2024-06-30 04:00:00,0.5,19739,19739,1,2,9780.0,Los Angeles,14.0,0.0,8.229167,14.0,0.0,0.875,85.0,59.0,71.50833,0.0,0.0,0.0
9793,2024-06-30 05:15:00,2024-06-30 06:15:00,1.0,10963,10967,2,3,10193.25,Los Angeles,14.0,0.0,6.7875,16.0,0.0,0.9,84.2,58.0,69.7175,0.0,0.0,0.0
9795,2024-06-30 14:45:00,2024-06-30 15:15:00,0.5,4043,4043,1,1,2021.5,Los Angeles,13.0,0.0,3.125,18.0,0.0,1.125,85.0,59.0,68.558334,0.0,0.0,0.0
9797,2024-07-02 17:45:00,2024-07-02 18:00:00,0.25,4179,4179,1,1,1044.75,Los Angeles,12.0,0.0,5.125,28.0,0.0,1.75,92.0,60.0,75.91875,0.0,0.0,0.0
9799,2024-07-02 20:00:00,2024-07-02 20:45:00,0.75,4502,4502,1,3,3348.25,Los Angeles,14.0,0.0,7.90625,26.0,0.0,2.921875,104.0,60.0,81.32031,0.0,0.0,0.0
9801,2024-07-04 05:00:00,2024-07-04 06:00:00,1.0,7999,9059,2,3,7162.75,Los Angeles,16.0,0.0,6.6125,21.0,0.0,0.5,89.0,60.0,72.75,1e-04,1e-04,1.25e-06
9803,2024-07-05 01:15:00,2024-07-05 01:30:00,0.25,4217,4217,1,1,1054.25,Los Angeles,22.0,0.0,9.59375,28.0,0.0,3.1875,104.0,60.0,79.44375,0.0,0.0,0.0
9805,2024-07-05 07:00:00,2024-07-05 07:45:00,0.75,3826,3826,1,1,2869.5,Los Angeles,15.0,0.0,5.421875,22.0,0.0,0.6875,91.0,60.0,72.54062,0.0,0.0,0.0
9807,2024-07-05 08:00:00,2024-07-05 08:45:00,0.75,4258,4258,1,3,3169.75,Los Angeles,15.0,0.0,4.59375,19.0,0.0,0.890625,90.0,60.0,71.15,0.0,0.0,0.0
9809,2024-07-10 00:15:00,2024-07-10 00:45:00,0.5,3826,3826,2,1,1908.0,Los Angeles,20.0,0.0,9.6875,26.0,0.0,4.7083335,106.0,60.0,82.69167,0.0,0.0,0.0
9811,2024-07-12 02:15:00,2024-07-12 05:00:00,2.75,5343,6079,6,3,12226.75,Los Angeles,15.0,0.0,6.96875,19.0,0.0,0.78125,103.0,60.0,75.80105,0.0,0.0,0.0
9813,2024-07-12 05:15:00,2024-07-12 05:45:00,0.5,3962,3962,1,1,1981.0,Los Angeles,13.0,0.0,6.25,18.0,0.0,0.75,90.0,60.0,73.3875,0.0,0.0,0.0
9815,2024-07-12 07:30:00,2024-07-12 07:45:00,0.25,5256,5256,1,1,1314.0,Los Angeles,17.0,0.0,6.5625,27.0,0.0,1.6875,88.0,60.0,72.48125,0.0,0.0,0.0
9817,2024-07-12 09:30:00,2024-07-12 09:45:00,0.25,4673,4673,1,1,1168.25,Los Angeles,17.0,0.0,4.1875,25.0,0.0,1.5625,87.0,60.0,68.15,0.0,0.0,0.0
9819,2024-07-12 10:45:00,2024-07-12 12:30:00,1.75,5182,5567,2,5,8639.5,Los Angeles,14.0,0.0,3.9140625,0.0,0.0,0.0,84.0,57.2,67.48593,0.0,0.0,0.0
9821,2024-07-12 16:00:00,2024-07-12 20:00:00,4.0,9832,11846,9,7,27068.25,Los Angeles,14.0,0.0,5.3602943,19.0,0.0,0.45588234,106.0,60.0,75.51838,0.0,0.0,0.0
9823,2024-07-14 07:45:00,2024-07-14 09:30:00,1.75,6267,6339,2,4,10424.75,Los Angeles,12.0,0.0,4.8359375,12.0,0.0,0.375,80.0,59.0,68.725006,0.0,0.0,0.0
9825,2024-07-16 13:45:00,2024-07-16 15:15:00,1.5,4298,4306,4,2,6375.5,Los Angeles,13.0,0.0,4.410714,17.0,0.0,0.60714287,86.0,60.0,68.78393,0.0,0.0,0.0
9827,2024-07-16 16:15:00,2024-07-16 21:30:00,5.25,19255,19407,11,11,41871.75,Los Angeles,17.0,0.0,6.5767045,24.0,0.0,1.9488636,101.0,60.0,78.34091,0.0004,1e-04,1.1363636e-06
9830,2024-07-17 16:15:00,2024-07-18 06:00:00,13.75,10609,13210,19,23,94280.75,Los Angeles,20.0,0.0,7.5279016,27.0,0.0,2.2131696,103.0,60.0,77.77433,0.0002,1e-04,2.2321429e-07
9834,2024-07-20 20:00:00,2024-07-20 20:15:00,0.25,11341,11341,1,1,2835.25,Los Angeles,14.0,0.0,8.25,22.0,0.0,4.65625,103.0,60.0,85.524994,0.0,0.0,0.0
9836,2024-07-24 14:30:00,2024-07-24 14:45:00,0.25,3888,3888,1,1,972.0,Los Angeles,9.0,0.0,4.0,0.0,0.0,0.0,90.0,60.0,72.537506,0.0,0.0,0.0
9838,2024-07-24 19:30:00,2024-07-24 20:15:00,0.75,4108,4130,2,2,3039.5,Los Angeles,14.0,0.0,8.265625,21.0,0.0,3.1875,106.0,60.0,84.856255,0.0,0.0,0.0
9840,2024-07-24 22:30:00,2024-07-24 22:45:00,0.25,5730,5730,1,1,1432.5,Los Angeles,20.0,0.0,10.375,26.0,0.0,4.625,106.0,60.0,85.975,0.0,0.0,0.0
9842,2024-07-24 23:00:00,2024-07-24 23:15:00,0.25,5075,5075,1,1,1268.75,Los Angeles,22.0,0.0,10.71875,29.0,0.0,5.78125,105.0,60.0,85.9125,0.0,0.0,0.0
9844,2024-07-25 05:45:00,2024-07-25 09:30:00,3.75,7662,7897,7,7,18068.0,Los Angeles,12.0,0.0,5.2695312,0.0,0.0,0.0,89.0,60.0,74.623436,0.0,0.0,0.0
9846,2024-07-25 22:15:00,2024-07-26 01:00:00,2.75,9278,9920,5,6,24346.75,Los Angeles,21.0,0.0,10.666667,28.0,0.0,4.5,105.0,60.0,85.708336,0.0,0.0,0.0
9848,2024-07-30 20:45:00,2024-07-30 21:15:00,0.5,4876,4876,2,1,2372.5,Los Angeles,17.0,0.0,8.375,25.0,0.0,4.9791665,95.0,60.0,79.2625,0.0,0.0,0.0
9851,2024-08-03 02:15:00,2024-08-03 04:00:00,1.75,8988,8988,6,1,11994.75,Los Angeles,15.0,0.0,7.6484375,22.0,0.0,0.6484375,95.0,60.0,78.47969,0.0,0.0,0.0
9853,2024-08-05 19:30:00,2024-08-05 20:15:00,0.75,4580,4592,2,2,3414.5,Los Angeles,17.0,0.0,7.78125,23.0,0.0,3.234375,106.0,60.0,88.77187,0.0,0.0,0.0
9855,2024-08-06 01:30:00,2024-08-06 02:30:00,1.0,8051,8745,3,2,7824.5,Los Angeles,20.0,0.0,8.8625,24.0,0.0,1.35,101.0,60.0,83.302505,0.0,0.0,0.0
9857,2024-08-06 23:00:00,2024-08-06 23:15:00,0.25,8743,8743,1,1,2185.75,Los Angeles,19.0,0.0,9.46875,27.0,0.0,5.59375,106.0,60.0,86.1875,0.0,0.0,0.0
9860,2024-08-09 19:30:00,2024-08-09 20:45:00,1.25,24249,24249,2,4,19250.0,Los Angeles,15.0,0.0,7.6875,26.0,0.0,2.3541667,104.0,60.0,82.854164,0.0,0.0,0.0
9862,2024-08-18 04:00:00,2024-08-18 05:00:00,1.0,4345,4345,2,1,4344.75,Los Angeles,14.0,0.0,7.725,22.0,0.0,1.5125,84.2,60.0,71.725,0.0,0.0,0.0
9864,2024-08-22 18:15:00,2024-08-22 18:45:00,0.5,3996,3996,1,2,1996.0,Los Angeles,16.0,0.0,8.25,25.0,0.0,3.0,87.0,60.0,77.4,0.0,0.0,0.0
9866,2024-08-24 06:15:00,2024-08-24 08:45:00,2.5,5446,7815,4,4,12548.0,Los Angeles,14.0,0.0,5.7102275,15.0,0.0,0.76704544,77.0,52.0,65.39432,0.0,0.0,0.0
9868,2024-08-24 10:30:00,2024-08-24 12:00:00,1.5,4447,4447,1,2,6669.25,Los Angeles,16.0,0.0,4.026786,0.0,0.0,0.0,72.0,49.0,61.714287,0.0,0.0,0.0
9870,2024-08-26 20:30:00,2024-08-26 21:00:00,0.5,7160,7160,1,2,3576.5,Los Angeles,15.0,0.0,8.5625,23.0,0.0,3.7708333,92.0,60.0,82.0125,0.0,0.0,0.0
9872,2024-08-27 19:30:00,2024-08-27 20:00:00,0.5,4991,4991,1,2,2469.5,Los Angeles,11.0,0.0,6.875,18.0,0.0,1.6666666,94.0,60.0,79.145836,0.0,0.0,0.0
9874,2024-09-04 22:45:00,2024-09-04 23:00:00,0.25,7455,7455,1,1,1863.75,Los Angeles,19.0,0.0,10.46875,22.0,0.0,5.09375,106.0,60.0,88.925,0.0,0.0,0.0
9876,2024-09-05 00:15:00,2024-09-05 07:45:00,7.5,11966,15785,18,12,49848.25,Los Angeles,135.0,0.0,12.580646,25.0,0.0,4.032258,104.0,60.0,83.6004,1e-04,1e-04,2.0161289e-07
9878,2024-09-05 19:15:00,2024-09-05 19:45:00,0.5,3904,3904,2,1,1951.0,Los Angeles,15.0,0.0,6.8541665,20.0,0.0,1.875,111.2,60.0,93.200005,0.0,0.0,0.0
9880,2024-09-05 20:15:00,2024-09-05 20:30:00,0.25,3868,3868,1,1,967.0,Los Angeles,15.0,0.0,7.65625,20.0,0.0,2.28125,111.2,60.0,94.381256,0.0,0.0,0.0
9882,2024-09-05 23:00:00,2024-09-06 12:15:00,13.25,15246,20538,28,26,120512.75,Los Angeles,19.0,0.0,6.3078704,27.0,0.0,1.511574,111.2,57.2,84.868515,0.0004,1e-04,4.6296296e-07
9884,2024-09-06 14:45:00,2024-09-06 19:00:00,4.25,4902,5560,9,9,18319.0,Los Angeles,12.0,0.0,4.0833335,10.0,0.0,0.625,111.2,60.0,87.64445,0.0,0.0,0.0
9886,2024-09-06 19:30:00,2024-09-06 20:15:00,0.75,3937,3956,2,2,2942.0,Los Angeles,13.0,0.0,5.828125,10.0,0.0,0.625,111.2,60.0,97.18437,0.0,0.0,0.0
9888,2024-09-06 20:45:00,2024-09-06 21:15:00,0.5,4352,4352,2,1,2164.75,Los Angeles,13.0,0.0,7.1041665,14.0,0.0,1.1666666,113.0,60.0,100.38334,0.0,0.0,0.0
9890,2024-09-06 21:30:00,2024-09-11 02:45:00,101.25,29042,140958,181,218,1172720.75,Los Angeles,47.0,0.0,6.169643,36.0,0.0,2.1659484,113.0,50.0,83.22025,0.0012999999,1e-04,2.0012314e-07
9892,2024-09-11 03:15:00,2024-09-11 05:15:00,2.0,5504,5504,3,6,9537.5,Los Angeles,15.0,0.0,6.7291665,22.0,0.0,0.25694445,84.0,60.0,71.245834,0.0,0.0,0.0
9894,2024-09-11 06:15:00,2024-09-11 06:30:00,0.25,4039,4039,1,1,1009.75,Los Angeles,18.0,0.0,5.1875,0.0,0.0,0.0,80.6,60.0,69.037506,0.0,0.0,0.0
9896,2024-09-11 14:30:00,2024-09-11 16:15:00,1.75,7751,8872,3,5,10219.5,Los Angeles,19.0,0.0,4.71875,19.0,0.0,0.7109375,81.0,54.0,65.275,0.0,0.0,0.0
9898,2024-09-14 17:15:00,2024-09-14 22:00:00,4.75,38543,39135,8,8,59850.75,Los Angeles,17.0,0.0,5.878125,24.0,0.0,1.9625,91.0,60.0,73.6925,0.0,0.0,0.0
9900,2024-09-23 00:30:00,2024-09-23 01:30:00,1.0,4626,4671,3,2,4598.5,Los Angeles,15.0,0.0,8.9125,18.0,0.0,0.45,93.0,58.0,73.445,0.0,0.0,0.0
9902,2024-09-25 17:00:00,2024-09-25 17:45:00,0.75,5330,5330,1,3,3450.25,Los Angeles,11.0,0.0,3.75,0.0,0.0,0.0,88.0,56.0,67.4875,0.0,0.0,0.0
9904,2024-09-27 21:15:00,2024-09-28 06:45:00,9.5,11064,12141,17,16,79350.0,Los Angeles,15.0,0.0,6.7259617,18.0,0.0,0.6394231,98.0,59.0,71.386536,1e-04,1e-04,1.602564e-07
9906,2024-09-29 10:15:00,2024-09-29 10:45:00,0.5,4189,4189,1,1,2094.5,Los Angeles,14.0,0.0,4.1041665,0.0,0.0,0.0,72.0,55.0,61.029163,0.0,0.0,0.0
9908,2024-10-01 02:15:00,2024-10-01 03:15:00,1.0,7207,7207,2,3,7045.75,Los Angeles,10.0,0.0,5.725,0.0,0.0,0.0,90.0,60.0,72.395004,0.0,0.0,0.0
9910,2024-10-01 04:00:00,2024-10-01 08:00:00,4.0,7444,7700,7,5,26754.0,Los Angeles,10.0,0.0,4.154412,0.0,0.0,0.0,82.4,60.0,69.39264,0.0,0.0,0.0
9912,2024-10-01 23:45:00,2024-10-02 02:00:00,2.25,4632,4688,5,4,10246.5,Los Angeles,14.0,0.0,6.725,16.0,0.0,0.3,103.0,60.0,78.845,0.0,0.0,0.0
9914,2024-10-02 05:00:00,2024-10-02 05:15:00,0.25,4101,4101,1,1,1025.25,Los Angeles,11.0,0.0,4.875,0.0,0.0,0.0,84.2,60.0,70.65,0.0,0.0,0.0
9916,2024-10-03 21:15:00,2024-10-03 21:45:00,0.5,4032,4032,2,1,1988.25,Los Angeles,15.0,0.0,7.25,20.0,0.0,1.1875,103.0,60.0,82.35,0.0,0.0,0.0
9918,2024-10-06 17:00:00,2024-10-07 00:00:00,7.0,4217,4369,10,8,29015.0,Los Angeles,16.0,0.0,5.702586,17.0,0.0,0.036637932,101.0,60.0,79.396126,0.0,0.0,0.0
9920,2024-10-08 17:45:00,2024-10-08 18:15:00,0.5,5539,5539,1,2,2439.25,Los Angeles,10.0,0.0,5.3333335,18.0,0.0,1.125,86.0,57.0,72.42084,0.0,0.0,0.0
9922,2024-10-10 01:30:00,2024-10-10 03:00:00,1.5,7624,8935,3,4,8663.5,Los Angeles,13.0,0.0,6.4375,0.0,0.0,0.0,88.0,57.0,69.34107,0.0,0.0,0.0
9924,2024-10-10 22:45:00,2024-10-11 01:30:00,2.75,5297,5918,5,6,14011.0,Los Angeles,17.0,0.0,7.5833335,23.0,0.0,1.015625,90.0,57.0,74.50729,0.0,0.0,0.0
9926,2024-10-12 15:15:00,2024-10-12 15:30:00,0.25,3956,3956,1,1,989.0,Los Angeles,7.0,0.0,1.84375,0.0,0.0,0.0,69.8,55.0,61.5875,0.0,0.0,0.0
9928,2024-10-13 20:45:00,2024-10-13 22:00:00,1.25,12410,12559,4,2,10385.0,Los Angeles,14.0,0.0,7.2083335,24.0,0.0,1.2604166,88.0,57.0,73.35208,0.0,0.0,0.0
9930,2024-10-14 22:45:00,2024-10-15 01:00:00,2.25,10796,11635,3,7,15030.25,Los Angeles,16.0,0.0,6.40625,15.0,0.0,0.46875,87.0,57.0,70.90375,0.0,0.0,0.0
9932,2024-10-18 20:15:00,2024-10-18 22:00:00,1.75,4280,4357,4,4,6966.75,Los Angeles,27.0,0.0,11.2890625,48.0,0.0,11.9609375,84.0,59.0,73.32969,0.0,0.0,0.0
9934,2024-10-21 19:45:00,2024-10-21 22:00:00,2.25,4629,4629,2,6,10009.25,Los Angeles,16.0,0.0,6.78125,19.0,0.0,1.03125,88.0,60.0,77.86625,0.0,0.0,0.0
9936,2024-10-22 18:15:00,2024-10-22 19:30:00,1.25,4159,4177,3,3,5172.0,Los Angeles,9.0,0.0,4.5208335,14.0,0.0,0.14583333,88.0,60.0,76.47083,0.0,0.0,0.0
9938,2024-10-24 00:15:00,2024-10-24 03:45:00,3.5,5375,5863,3,10,17730.0,Los Angeles,16.0,0.0,5.625,25.0,0.0,0.8,89.0,60.0,72.79834,0.0,0.0,0.0
9940,2024-10-25 08:00:00,2024-10-25 08:45:00,0.75,4943,4943,2,1,3616.75,Los Angeles,8.0,0.0,2.046875,0.0,0.0,0.0,73.4,51.0,60.6,0.0,0.0,0.0
9942,2024-10-25 11:30:00,2024-10-25 12:00:00,0.5,3976,3976,1,2,1971.25,Los Angeles,8.0,0.0,1.4166666,0.0,0.0,0.0,68.0,47.0,57.162502,0.0,0.0,0.0
9944,2024-10-25 16:45:00,2024-10-25 17:15:00,0.5,5927,5927,1,2,2957.75,Los Angeles,7.0,0.0,2.9791667,0.0,0.0,0.0,76.0,55.4,65.208336,0.0,0.0,0.0
9946,2024-10-26 16:30:00,2024-10-26 17:00:00,0.5,4598,4598,1,2,2140.0,Los Angeles,7.0,0.0,1.9375,0.0,0.0,0.0,78.0,55.0,66.25417,0.0,0.0,0.0
9948,2024-10-29 18:15:00,2024-10-29 18:30:00,0.25,5402,5402,1,1,1350.5,Los Angeles,23.0,0.0,10.5625,32.0,0.0,9.875,68.0,40.0,61.425003,0.0,0.0,0.0
9950,2024-11-03 17:30:00,2024-11-03 18:45:00,1.25,6223,6223,4,2,6765.5,Los Angeles,29.0,0.0,11.34375,47.0,0.0,12.083333,72.0,40.0,63.470837,0.0002,1e-04,2.0833334e-06
9952,2024-11-03 21:45:00,2024-11-03 23:30:00,1.75,5016,5045,3,3,7548.25,Los Angeles,30.0,0.0,13.0390625,44.0,0.0,12.265625,78.0,44.0,68.1375,0.0,0.0,0.0
9954,2024-11-06 15:30:00,2024-11-07 06:30:00,15.0,14227,20625,32,26,123257.0,Los Angeles,45.0,0.0,10.714139,61.0,0.0,9.036885,78.8,38.0,63.891598,0.0012999999,1e-04,1.331967e-06
9956,2024-11-07 08:45:00,2024-11-07 09:00:00,0.25,3846,3846,1,1,961.5,Los Angeles,24.0,0.0,7.6875,23.0,0.0,2.6875,70.0,32.0,56.075,0.0,0.0,0.0
9958,2024-11-07 12:30:00,2024-11-07 13:15:00,0.75,4207,4207,1,2,3076.25,Los Angeles,19.0,0.0,5.1875,30.0,0.0,1.875,70.0,26.0,52.184372,0.0,0.0,0.0
9960,2024-11-10 16:30:00,2024-11-10 17:45:00,1.25,4224,4224,2,4,5155.25,Los Angeles,14.0,0.0,3.1666667,19.0,0.0,0.39583334,72.0,43.0,62.68958,1e-04,1e-04,1.0416667e-06
9962,2024-11-12 01:30:00,2024-11-12 02:15:00,0.75,5048,5048,1,3,3543.5,Los Angeles,27.0,0.0,10.125,39.0,0.0,4.09375,69.8,43.0,60.09375,1e-04,1e-04,1.5625e-06
9965,2024-11-13 16:30:00,2024-11-13 20:15:00,3.75,7999,8024,8,7,21476.5,Los Angeles,14.0,0.0,4.0195312,19.0,0.0,0.1484375,77.0,35.0,65.80078,0.00029999999,1e-04,1.1718749e-06
9967,2024-11-16 05:00:00,2024-11-16 05:45:00,0.75,4329,4329,2,1,3198.75,Los Angeles,20.0,0.0,8.65625,28.0,0.0,7.046875,63.0,35.0,52.418747,0.0,0.0,0.0
9969,2024-11-16 10:30:00,2024-11-16 13:30:00,3.0,17688,17688,7,4,45333.0,Los Angeles,20.0,0.0,4.639423,29.0,0.0,2.5769231,64.0,33.0,48.21154,1e-04,1e-04,4.8076924e-07
9971,2024-11-16 16:15:00,2024-11-16 16:30:00,0.25,4895,4895,1,1,1223.75,Los Angeles,21.0,0.0,5.875,26.0,0.0,2.5625,64.0,35.0,51.6625,0.0,0.0,0.0
9973,2024-11-16 18:00:00,2024-11-16 18:15:00,0.25,6676,6676,1,1,1669.0,Los Angeles,23.0,0.0,7.59375,30.0,0.0,5.3125,64.0,38.0,57.35,0.0,0.0,0.0
9975,2024-11-16 18:30:00,2024-11-16 19:00:00,0.5,4444,4444,2,1,2214.75,Los Angeles,22.0,0.0,7.4791665,30.0,0.0,5.2291665,67.0,40.0,59.0,0.0,0.0,0.0
9977,2024-11-20 06:45:00,2024-11-20 10:15:00,3.5,4609,4620,4,3,16075.75,Los Angeles,14.0,0.0,2.5833333,0.0,0.0,0.0,60.0,28.0,50.196663,0.0,0.0,0.0
9979,2024-11-20 18:30:00,2024-11-20 19:15:00,0.75,3914,3914,1,3,2921.25,Los Angeles,12.0,0.0,2.875,21.0,0.0,1.3125,71.0,46.0,63.8,0.0,0.0,0.0
9981,2024-11-21 19:15:00,2024-11-21 19:45:00,0.5,4596,4596,2,1,2295.5,Los Angeles,11.0,0.0,2.8333333,0.0,0.0,0.0,75.0,54.0,67.6,0.0,0.0,0.0
9983,2024-11-21 23:00:00,2024-11-21 23:30:00,0.5,4649,4649,1,2,2272.75,Los Angeles,16.0,0.0,6.2083335,0.0,0.0,0.0,79.0,60.0,69.23334,0.0,0.0,0.0
9985,2024-11-22 01:15:00,2024-11-22 02:00:00,0.75,4039,4049,2,2,2935.25,Los Angeles,10.0,0.0,4.953125,0.0,0.0,0.0,71.6,53.0,61.059372,0.0,0.0,0.0
9987,2024-11-23 22:30:00,2024-11-23 23:15:00,0.75,4264,4269,2,2,3132.75,Los Angeles,22.0,0.0,5.34375,27.0,0.0,2.671875,69.0,47.0,58.534374,1e-04,1e-04,1.5625e-06
9989,2024-11-23 23:45:00,2024-11-24 00:15:00,0.5,5849,5849,1,2,2924.0,Los Angeles,20.0,0.0,4.9166665,28.0,0.0,3.0416667,69.0,47.0,58.32083,1e-04,1e-04,2.0833334e-06
9991,2024-11-24 09:45:00,2024-11-24 10:15:00,0.5,9066,9066,2,1,3462.5,Los Angeles,16.0,0.0,3.75,0.0,0.0,0.0,66.0,39.0,54.970837,0.01,0.01,0.00020833332
9993,2024-11-24 11:30:00,2024-11-24 12:00:00,0.5,3853,3853,1,1,1926.5,Los Angeles,13.0,0.0,4.2916665,0.0,0.0,0.0,66.0,39.0,54.6375,1e-04,1e-04,2.0833334e-06
9995,2024-11-24 13:15:00,2024-11-24 13:30:00,0.25,4772,4772,1,1,1193.0,Los Angeles,12.0,0.0,4.3125,0.0,0.0,0.0,66.0,39.0,54.1875,0.0,0.0,0.0
9997,2024-11-27 06:45:00,2024-11-27 07:00:00,0.25,7195,7195,1,1,1798.75,Los Angeles,16.0,0.0,3.78125,0.0,0.0,0.0,63.0,48.0,58.8875,1e-04,1e-04,3.125e-06
9999,2024-11-27 07:30:00,2024-11-27 15:15:00,7.75,7197,8164,10,10,39752.25,Los Angeles,20.0,0.0,3.7011719,16.0,0.0,0.03125,62.6,41.0,57.538277,0.18049999,0.01,0.00035253903
10001,2024-11-27 15:45:00,2024-11-27 17:00:00,1.25,5250,5378,3,3,6469.5,Los Angeles,7.0,0.0,2.8125,0.0,0.0,0.0,63.0,44.0,57.9375,0.0,0.0,0.0
10012,2024-12-06 14:15:00,2024-12-06 15:15:00,1.0,6670,6670,2,2,6545.5,Los Angeles,13.0,0.0,3.025,22.0,0.0,0.5,68.0,29.0,50.345,0.0,0.0,0.0
10014,2024-12-06 19:00:00,2024-12-06 19:30:00,0.5,4310,4310,1,1,2155.0,Los Angeles,22.0,0.0,5.875,33.0,0.0,2.0625,81.0,52.0,65.291664,0.0,0.0,0.0
10016,2024-12-06 19:45:00,2024-12-06 20:00:00,0.25,4319,4319,1,1,1079.75,Los Angeles,15.0,0.0,5.53125,20.0,0.0,1.84375,81.0,52.0,67.25625,0.0,0.0,0.0
10018,2024-12-06 20:15:00,2024-12-06 21:00:00,0.75,4319,4319,1,3,3234.0,Los Angeles,16.0,0.0,5.90625,23.0,0.0,2.03125,84.0,52.0,68.34375,0.0,0.0,0.0
10020,2024-12-07 01:45:00,2024-12-07 02:00:00,0.25,3896,3896,1,1,974.0,Los Angeles,10.0,0.0,3.75,0.0,0.0,0.0,78.8,50.0,63.15,0.0,0.0,0.0
10022,2024-12-07 03:45:00,2024-12-07 09:00:00,5.25,10151,11041,10,7,30195.5,Los Angeles,14.0,0.0,3.627841,18.0,0.0,0.17897727,78.8,33.0,59.044888,0.0,0.0,0.0
10024,2024-12-08 16:00:00,2024-12-08 16:30:00,0.5,12005,12005,2,1,6001.5,Los Angeles,11.0,0.0,2.2708333,0.0,0.0,0.0,65.0,34.0,52.149998,0.0,0.0,0.0
10026,2024-12-10 09:30:00,2024-12-10 11:30:00,2.0,3898,3903,2,2,7769.75,Los Angeles,24.0,0.0,6.2430553,38.0,0.0,4.923611,66.2,27.0,49.255554,0.0,0.0,0.0
10028,2024-12-10 16:30:00,2024-12-11 21:15:00,28.75,15516,24469,22,37,351812.0,Los Angeles,23.0,0.0,5.804957,49.0,0.0,2.6368535,77.0,19.0,56.519505,0.0,0.0,0.0
10030,2024-12-11 22:00:00,2024-12-11 22:15:00,0.25,5118,5118,1,1,1279.5,Los Angeles,15.0,0.0,6.625,25.0,0.0,3.40625,74.0,50.0,65.1,0.0,0.0,0.0
10033,2024-12-16 20:00:00,2024-12-16 22:15:00,2.25,6438,6469,3,4,13887.75,Los Angeles,12.0,0.0,5.475,22.0,0.0,0.275,74.0,55.0,65.815,0.0,0.0,0.0
10035,2024-12-17 16:15:00,2024-12-17 16:30:00,0.25,4363,4363,1,1,1090.75,Los Angeles,12.0,0.0,3.34375,21.0,0.0,1.3125,60.0,43.0,51.58125,0.0002,1e-04,6.25e-06
10037,2024-12-20 04:45:00,2024-12-20 06:00:00,1.25,15344,15345,4,2,17047.5,Los Angeles,14.0,0.0,3.2395833,0.0,0.0,0.0,69.8,41.0,56.93333,0.0,0.0,0.0
10039,2024-12-23 23:15:00,2024-12-23 23:30:00,0.25,4160,4160,1,1,1040.0,Los Angeles,14.0,0.0,6.0,0.0,0.0,0.0,72.0,57.0,63.86875,0.0,0.0,0.0
10041,2024-12-24 00:45:00,2024-12-24 02:45:00,2.0,4296,4298,3,3,8385.5,Los Angeles,14.0,0.0,4.375,19.0,0.0,0.49305555,66.2,53.6,59.20555,0.0,0.0,0.0
10043,2024-12-24 23:00:00,2024-12-25 06:30:00,7.5,40281,52066,15,13,252934.0,Los Angeles,35.0,0.0,7.897177,53.0,0.0,5.6875,62.6,37.0,54.6246,0.0119,0.01,2.3991935e-05
10046,2024-12-28 18:45:00,2024-12-28 19:15:00,0.5,3889,3889,1,1,1944.5,Los Angeles,21.0,0.0,5.5416665,27.0,0.0,2.2291667,71.0,52.0,58.19583,0.00029999999,1e-04,6.25e-06
10053,2025-01-01 20:00:00,2025-01-01 21:00:00,1.0,4113,4114,3,2,4110.0,Los Angeles,13.0,0.0,6.175,0.0,0.0,0.0,74.0,52.5,61.85,0.0,0.0,0.0
10058,2025-01-03 18:15:00,2025-01-03 18:30:00,0.25,4340,4340,1,1,1085.0,Los Angeles,17.0,0.0,2.65625,23.0,0.0,1.34375,64.4,47.0,55.800003,0.0,0.0,0.0
10060,2025-01-03 18:45:00,2025-01-03 19:00:00,0.25,4387,4387,1,1,1096.75,Los Angeles,13.0,0.0,3.84375,20.0,0.0,1.25,64.4,50.0,57.375,0.0,0.0,0.0
10065,2025-01-07 15:45:00,2025-01-07 16:30:00,0.75,8066,8066,3,1,5283.25,Los Angeles,32.0,0.0,9.96875,54.0,0.0,12.046875,64.4,38.0,53.640625,0.0,0.0,0.0
10067,2025-01-07 16:45:00,2025-01-07 17:45:00,1.0,6040,6040,3,2,4997.75,Los Angeles,34.0,0.0,11.275,56.0,0.0,14.975,66.2,42.0,57.525,0.00029999999,1e-04,3.75e-06
10069,2025-01-07 19:00:00,2025-01-07 21:15:00,2.25,10176,10634,7,3,19585.25,Los Angeles,30.0,0.0,12.9875,50.0,0.0,17.7875,74.0,50.0,63.67625,0.0011,1e-04,6.875e-06
10071,2025-01-07 21:30:00,2025-01-07 23:45:00,2.25,33376,33727,6,4,38138.5,Los Angeles,45.0,0.0,15.14375,68.0,0.0,21.14375,74.0,40.0,64.73375,0.0,0.0,0.0
10073,2025-01-08 00:15:00,2025-01-08 02:00:00,1.75,30802,32576,3,5,47868.5,Los Angeles,30.0,0.0,13.7265625,45.0,0.0,17.1875,71.0,35.0,61.54844,0.0,0.0,0.0
10075,2025-01-08 02:15:00,2025-01-08 03:00:00,0.75,80170,80170,3,1,52291.75,Los Angeles,32.0,0.0,15.84375,55.0,0.0,22.078125,67.0,35.0,60.128124,0.0,0.0,0.0
10077,2025-01-08 03:15:00,2025-01-08 03:30:00,0.25,44429,44429,1,1,11107.25,Los Angeles,32.0,0.0,16.375,49.0,0.0,26.5,67.0,36.0,60.01875,0.0,0.0,0.0
10079,2025-01-08 03:45:00,2025-01-08 04:15:00,0.5,54001,54001,2,1,24856.0,Los Angeles,35.0,0.0,16.979166,64.0,0.0,30.25,67.0,42.0,60.0125,0.0,0.0,0.0
10081,2025-01-08 05:00:00,2025-01-08 08:45:00,3.75,331150,334198,9,7,281989.5,Los Angeles,33.0,0.0,13.53125,62.0,0.0,20.363281,66.2,39.0,58.489063,0.0,0.0,0.0
10083,2025-01-08 09:00:00,2025-01-08 17:30:00,8.5,73426,82492,16,8,519845.75,Los Angeles,41.0,0.0,11.814285,61.0,0.0,13.898214,66.2,37.0,55.482143,0.0004,1e-04,7.142857e-07
10085,2025-01-08 17:45:00,2025-01-19 13:45:00,260.0,1717886,5099775,291,441,20416112.5,Los Angeles,31.0,0.0,5.5216136,54.0,0.0,2.1197767,76.0,16.0,53.574284,0.0106,1e-04,6.3640726e-07
10087,2025-01-19 14:00:00,2025-01-24 20:45:00,126.75,30284,72021,139,125,1749524.25,Los Angeles,42.0,0.0,6.671875,64.0,0.0,3.9276574,81.0,15.0,55.616955,0.0012999999,1e-04,1.5994092e-07
10089,2025-01-24 21:00:00,2025-01-24 22:15:00,1.25,10099,10099,1,5,11539.25,Los Angeles,10.0,0.0,4.9270835,17.0,0.0,0.6145833,73.4,49.0,66.24792,0.0,0.0,0.0
10091,2025-01-24 22:30:00,2025-01-25 19:30:00,21.0,10973,12609,25,24,184621.75,Los Angeles,22.0,0.0,4.6154413,40.0,0.0,1.8507353,74.0,35.0,54.426033,0.0,0.0,0.0
10093,2025-01-25 21:15:00,2025-01-27 22:15:00,49.0,22067,51829,74,80,658740.75,Los Angeles,25.0,0.0,5.782043,39.0,0.0,1.7404822,64.4,29.0,48.986107,25.1734,0.35,0.007986485
10095,2025-01-27 22:30:00,2025-01-28 01:45:00,3.25,9455,9486,7,6,29579.75,Los Angeles,18.0,0.0,7.339286,23.0,0.0,1.7678572,60.8,32.0,53.535713,0.0,0.0,0.0
10097,2025-01-28 02:00:00,2025-01-29 17:15:00,39.25,11132,20943,38,52,336269.75,Los Angeles,21.0,0.0,3.995253,34.0,0.0,0.45213607,60.8,27.0,48.365112,0.0301,0.01,1.1906645e-05
10099,2025-01-29 17:45:00,2025-01-30 14:45:00,21.0,8014,8453,16,18,165057.5,Los Angeles,18.0,0.0,4.3911767,21.0,0.0,0.24558823,62.6,30.0,51.538383,0.0,0.0,0.0
10101,2025-01-30 15:00:00,2025-01-30 18:30:00,3.5,8166,8166,5,1,27723.25,Los Angeles,13.0,0.0,2.6041667,16.0,0.0,0.06666667,60.0,30.2,49.967503,0.0,0.0,0.0
10103,2025-01-30 18:45:00,2025-02-01 01:45:00,31.0,10594,12898,31,31,253922.25,Los Angeles,15.0,0.0,3.6595,19.0,0.0,0.2985,116.6,26.0,51.3526,0.0,0.0,0.0
10105,2025-02-01 02:45:00,2025-02-04 19:30:00,88.75,9298,12848,52,49,710225.25,Los Angeles,22.0,0.0,4.7201543,37.0,0.0,1.1794242,83.0,40.0,57.339603,0.06,0.01,1.0533708e-05
10107,2025-02-04 20:15:00,2025-02-10 07:15:00,131.0,19868,54819,140,137,1240938.0,Los Angeles,30.0,0.0,6.3991666,44.0,0.0,2.4591668,73.0,28.0,55.376,19.648,0.25,0.0023390476
10109,2025-02-10 07:30:00,2025-02-10 15:15:00,7.75,8860,8940,3,7,61986.0,Los Angeles,13.0,0.0,2.921875,0.0,0.0,0.0,60.8,26.0,46.807816,0.0,0.0,0.0
10111,2025-02-10 15:30:00,2025-02-11 16:45:00,25.25,14253,19156,22,28,197802.0,Los Angeles,28.0,0.0,6.0539217,38.0,0.0,1.3866421,62.6,26.0,52.262005,0.0016999999,1e-04,1.0416666e-06
10113,2025-02-11 17:00:00,2025-02-15 14:00:00,93.0,18435,86074,131,133,768290.25,Los Angeles,36.0,0.0,8.635054,63.0,0.0,5.5901475,63.0,30.0,52.76012,42.952297,0.5,0.0071971007
10115,2025-02-15 17:45:00,2025-02-15 18:45:00,1.0,8582,10149,2,3,6039.0,Los Angeles,14.0,0.0,4.2375,22.0,0.0,1.3375,63.0,45.0,56.092506,0.0,0.0,0.0
10117,2025-02-18 11:00:00,2025-02-18 11:15:00,0.25,11471,11471,1,1,2867.75,Los Angeles,14.0,0.0,4.40625,29.0,0.0,2.375,68.0,36.0,51.4125,0.0,0.0,0.0
10119,2025-02-18 19:15:00,2025-02-18 20:15:00,1.0,7398,7398,3,1,7360.75,Los Angeles,13.0,0.0,4.6,20.0,0.0,1.4625,65.0,50.0,60.6575,0.0,0.0,0.0
10121,2025-02-18 20:30:00,2025-02-18 21:30:00,1.0,7352,7352,1,4,6755.0,Los Angeles,15.0,0.0,6.2,24.0,0.0,1.8875,72.0,54.0,62.202503,0.0,0.0,0.0
10123,2025-02-18 22:30:00,2025-02-18 23:00:00,0.5,4996,4996,2,1,2428.25,Los Angeles,15.0,0.0,7.6458335,14.0,0.0,0.5833333,69.8,56.0,62.99584,0.0,0.0,0.0
10125,2025-02-18 23:30:00,2025-02-19 00:30:00,1.0,4167,4167,1,3,4157.25,Los Angeles,15.0,0.0,7.325,0.0,0.0,0.0,69.8,51.0,62.204998,0.0,0.0,0.0
10127,2025-02-25 01:15:00,2025-02-25 02:30:00,1.25,4837,4837,4,1,5738.5,Los Angeles,28.0,0.0,8.697917,39.0,0.0,5.78125,78.0,53.0,64.933334,0.00049999997,1e-04,5.208333e-06
10129,2025-02-27 21:45:00,2025-02-27 22:00:00,0.25,5259,5259,1,1,1314.75,Los Angeles,20.0,0.0,9.03125,37.0,0.0,4.46875,87.0,59.0,76.375,0.0,0.0,0.0
10131,2025-03-02 23:30:00,2025-03-02 23:45:00,0.25,3811,3811,1,1,952.75,Los Angeles,23.0,0.0,15.09375,31.0,0.0,21.375,64.0,39.0,55.76875,0.29,0.12,0.0090625
10133,2025-03-03 02:00:00,2025-03-03 02:15:00,0.25,3817,3817,1,1,954.25,Los Angeles,28.0,0.0,13.59375,30.0,0.0,12.4375,60.0,32.0,52.10625,0.040200002,0.02,0.0012562501
10135,2025-03-03 03:00:00,2025-03-03 03:15:00,0.25,3829,3829,1,1,957.25,Los Angeles,23.0,0.0,13.59375,31.0,0.0,16.34375,60.0,33.0,51.193752,1e-04,1e-04,3.125e-06
10137,2025-03-04 17:45:00,2025-03-04 18:15:00,0.5,5139,5139,2,1,2569.0,Los Angeles,8.0,0.0,3.6666667,0.0,0.0,0.0,60.0,46.0,56.166668,0.0,0.0,0.0
10139,2025-03-06 18:45:00,2025-03-06 20:15:00,1.5,4372,4551,3,3,6451.25,Los Angeles,19.0,0.0,12.357142,28.0,0.0,11.678572,60.0,34.0,52.7,0.04,0.02,0.00035714285
10141,2025-03-08 02:15:00,2025-03-08 03:45:00,1.5,4934,4937,2,3,7367.75,Los Angeles,13.0,0.0,5.491071,24.0,0.0,0.5714286,62.0,35.0,53.06429,0.0,0.0,0.0
10143,2025-03-08 05:15:00,2025-03-08 06:00:00,0.75,6200,6200,3,1,4506.25,Los Angeles,12.0,0.0,3.921875,0.0,0.0,0.0,60.0,35.0,50.49375,0.0,0.0,0.0
10145,2025-03-10 16:45:00,2025-03-10 19:15:00,2.5,26851,40881,3,5,56946.5,Los Angeles,12.0,0.0,4.443182,21.0,0.0,1.0113636,71.6,46.0,60.7,0.0,0.0,0.0
10147,2025-03-12 11:15:00,2025-03-12 11:30:00,0.25,4058,4058,1,1,1014.5,Los Angeles,15.0,0.0,4.53125,22.0,0.0,0.6875,60.0,39.0,52.168747,0.02,0.01,0.000625
10149,2025-03-12 18:30:00,2025-03-12 19:00:00,0.5,4731,4731,1,2,2358.75,Los Angeles,21.0,0.0,10.5625,38.0,0.0,7.9583335,61.0,42.0,56.74583,0.20019999,0.06,0.004170833
10151,2025-03-13 06:15:00,2025-03-13 06:30:00,0.25,3817,3817,1,1,954.25,Los Angeles,23.0,0.0,11.0,39.0,0.0,9.59375,60.0,39.0,53.743748,0.4001,0.15,0.012503125
10153,2025-03-13 11:00:00,2025-03-13 11:15:00,0.25,4909,4909,1,1,1227.25,Los Angeles,21.0,0.0,9.1875,29.0,0.0,4.28125,60.0,32.0,47.6875,1.86,0.39,0.058125
10155,2025-03-13 12:00:00,2025-03-13 12:45:00,0.75,5803,5803,2,1,3406.75,Los Angeles,17.0,0.0,7.625,25.0,0.0,1.8125,60.0,31.0,47.1875,2.1403,0.16,0.033442188
10157,2025-03-13 21:30:00,2025-03-13 21:45:00,0.25,7775,7775,1,1,1943.75,Los Angeles,30.0,0.0,18.1875,40.0,0.0,25.34375,60.0,37.0,53.543747,0.010399999,0.01,0.00032499997
10159,2025-03-13 22:00:00,2025-03-14 11:45:00,13.75,16476,30970,24,24,123316.0,Los Angeles,32.0,0.0,12.503348,48.0,0.0,13.529017,60.0,28.0,48.857815,0.39229998,0.06,0.0004378348
10161,2025-03-15 15:15:00,2025-03-15 17:15:00,2.0,5061,5064,6,2,9856.0,Los Angeles,27.0,0.0,6.8680553,38.0,0.0,3.75,60.0,32.0,50.031944,0.0,0.0,0.0
10163,2025-03-15 20:45:00,2025-03-15 21:15:00,0.5,4378,4378,1,2,2149.75,Los Angeles,22.0,0.0,9.5625,29.0,0.0,5.3541665,64.4,40.0,58.9375,0.0,0.0,0.0
10165,2025-03-21 09:15:00,2025-03-21 09:30:00,0.25,3970,3970,1,1,992.5,Los Angeles,25.0,0.0,3.71875,35.0,0.0,2.15625,61.0,39.0,50.98125,0.0002,1e-04,6.25e-06
10167,2025-03-21 10:15:00,2025-03-21 10:45:00,0.5,4538,4538,1,1,2269.0,Los Angeles,24.0,0.0,3.5416667,37.0,0.0,2.5208333,61.0,39.0,51.033337,0.0,0.0,0.0
10169,2025-03-24 06:45:00,2025-03-24 08:00:00,1.25,4668,4668,1,2,5834.0,Los Angeles,10.0,0.0,3.96875,0.0,0.0,0.0,75.2,52.0,59.91042,0.0,0.0,0.0
10171,2025-03-24 22:15:00,2025-03-24 22:30:00,0.25,9233,9233,1,1,2308.25,Los Angeles,16.0,0.0,8.78125,22.0,0.0,3.59375,91.4,59.0,74.8875,0.0,0.0,0.0
10173,2025-03-24 23:30:00,2025-03-25 04:15:00,4.75,12108,13950,7,9,45090.75,Los Angeles,15.0,0.0,6.784375,18.0,0.0,0.796875,90.0,55.0,68.53688,0.0,0.0,0.0
10175,2025-03-26 16:30:00,2025-03-27 00:00:00,7.5,8103,9879,11,16,49139.0,Los Angeles,23.0,0.0,6.316532,31.0,0.0,2.471774,77.0,51.0,60.761696,0.0,0.0,0.0
10177,2025-03-28 09:45:00,2025-03-28 10:30:00,0.75,4592,4592,1,1,3444.0,Los Angeles,20.0,0.0,6.078125,29.0,0.0,2.84375,60.0,40.0,53.959373,0.0,0.0,0.0
10181,2025-04-05 15:30:00,2025-04-05 15:45:00,0.25,5627,5627,1,1,1406.75,Los Angeles,11.0,0.0,4.3125,21.0,0.0,2.28125,66.2,42.0,58.65625,0.0,0.0,0.0
10183,2025-04-05 18:30:00,2025-04-05 18:45:00,0.25,3804,3804,1,1,951.0,Los Angeles,25.0,0.0,9.5625,41.0,0.0,7.0625,77.0,57.0,70.131256,0.0,0.0,0.0
10185,2025-04-06 02:45:00,2025-04-06 03:30:00,0.75,4376,4376,3,1,3247.25,Los Angeles,16.0,0.0,9.15625,26.0,0.0,5.84375,78.8,50.0,65.19375,0.0,0.0,0.0
10188,2025-04-08 02:45:00,2025-04-08 04:15:00,1.5,6385,6385,5,1,9358.75,Los Angeles,18.0,0.0,6.821429,21.0,0.0,0.9375,71.6,54.0,62.532143,0.0,0.0,0.0
10190,2025-04-08 11:00:00,2025-04-08 11:15:00,0.25,5192,5192,1,1,1298.0,Los Angeles,26.0,0.0,4.6875,34.0,0.0,2.9375,60.8,47.0,55.875,0.0,0.0,0.0
10192,2025-04-09 11:30:00,2025-04-09 11:45:00,0.25,4016,4016,1,1,1004.0,Los Angeles,15.0,0.0,1.75,24.0,0.0,1.5,62.6,50.0,56.4625,0.0,0.0,0.0
10194,2025-04-11 23:00:00,2025-04-11 23:15:00,0.25,4466,4466,1,1,1116.5,Los Angeles,21.0,0.0,8.09375,28.0,0.0,4.15625,87.0,60.0,77.55,0.0,0.0,0.0
10196,2025-04-12 04:15:00,2025-04-12 04:45:00,0.5,9822,9822,1,1,4911.0,Los Angeles,15.0,0.0,5.625,15.0,0.0,0.9375,80.6,58.0,66.112495,0.0,0.0,0.0
10200,2025-04-16 15:30:00,2025-04-16 16:00:00,0.5,4614,4614,1,1,2307.0,Los Angeles,20.0,0.0,4.8958335,28.0,0.0,2.0833333,63.0,39.0,56.6125,0.0,0.0,0.0
10204,2025-04-22 16:30:00,2025-04-22 17:45:00,1.25,9862,11065,4,2,10043.5,Los Angeles,15.0,0.0,4.09375,15.0,0.0,0.7708333,74.0,53.0,60.7375,0.0,0.0,0.0
10206,2025-04-22 18:00:00,2025-04-22 22:15:00,4.25,7037,7334,8,8,23320.0,Los Angeles,22.0,0.0,8.559028,27.0,0.0,5.53125,81.0,55.0,65.65486,0.0,0.0,0.0
10208,2025-04-22 22:30:00,2025-04-22 23:00:00,0.5,5043,5043,1,2,2514.25,Los Angeles,23.0,0.0,11.6875,30.0,0.0,10.270833,80.0,55.0,66.40417,0.0,0.0,0.0
10211,2025-04-24 06:00:00,2025-04-24 06:45:00,0.75,5719,5719,1,2,4289.0,Los Angeles,19.0,0.0,7.296875,24.0,0.0,2.796875,62.6,48.0,56.403126,0.0,0.0,0.0
10213,2025-04-26 14:30:00,2025-04-26 21:45:00,7.25,13856,19309,16,10,60151.5,Los Angeles,22.0,0.0,9.352083,31.0,0.0,6.7479167,63.0,32.0,53.545418,5.5225,0.36,0.011505208
10215,2025-04-27 03:15:00,2025-04-27 03:45:00,0.5,7926,7926,2,1,3242.25,Los Angeles,17.0,0.0,6.8958335,21.0,0.0,1.3125,61.0,36.0,53.0,1e-04,1e-04,2.0833334e-06
10217,2025-04-28 04:30:00,2025-04-28 04:45:00,0.25,5877,5877,1,1,1469.25,Los Angeles,17.0,0.0,7.46875,23.0,0.0,1.90625,60.0,40.0,54.449997,0.0,0.0,0.0
10219,2025-04-29 16:30:00,2025-04-29 17:15:00,0.75,4204,4204,3,1,3102.0,Los Angeles,9.0,0.0,3.734375,16.0,0.0,1.0,69.0,57.0,62.521873,0.0,0.0,0.0
10221,2025-04-30 18:30:00,2025-04-30 18:45:00,0.25,4620,4620,1,1,1155.0,Los Angeles,17.0,0.0,5.875,22.0,0.0,2.0625,77.0,52.0,62.25,0.0,0.0,0.0
10223,2025-04-30 19:30:00,2025-04-30 20:00:00,0.5,4745,4745,2,1,2144.5,Los Angeles,22.0,0.0,6.9583335,29.0,0.0,4.6041665,77.0,57.0,64.4,1e-04,1e-04,2.0833334e-06
10225,2025-05-01 00:00:00,2025-05-01 01:15:00,1.25,5833,5833,2,1,7290.25,Los Angeles,22.0,0.0,9.739583,32.0,0.0,5.8125,75.0,51.0,64.36041,0.0,0.0,0.0
10227,2025-05-01 06:30:00,2025-05-01 07:15:00,0.75,4435,4435,1,3,3313.25,Los Angeles,11.0,0.0,4.984375,14.0,0.0,0.875,69.8,50.0,58.753124,0.0,0.0,0.0
10229,2025-05-01 07:45:00,2025-05-01 09:15:00,1.5,4987,4987,2,4,6363.0,Los Angeles,10.0,0.0,4.196429,14.0,0.0,0.5,69.8,50.0,57.719643,0.0,0.0,0.0
10231,2025-05-02 04:00:00,2025-05-02 05:00:00,1.0,5926,5926,2,1,5888.0,Los Angeles,12.0,0.0,6.3125,0.0,0.0,0.0,66.2,51.0,59.2375,0.0,0.0,0.0
10233,2025-05-02 05:15:00,2025-05-02 05:30:00,0.25,5335,5335,1,1,1333.75,Los Angeles,12.0,0.0,6.15625,0.0,0.0,0.0,66.2,50.0,58.88125,0.0,0.0,0.0
10236,2025-05-06 17:45:00,2025-05-06 20:30:00,2.75,7122,8838,4,6,13331.25,Los Angeles,22.0,0.0,6.1041665,30.0,0.0,1.328125,74.0,53.0,61.479168,0.00029999999,1e-04,1.5625e-06
10238,2025-05-08 18:15:00,2025-05-08 18:45:00,0.5,4728,4728,1,2,2363.5,Los Angeles,12.0,0.0,5.6041665,20.0,0.0,1.2083334,82.0,60.0,71.4875,0.0,0.0,0.0
10240,2025-05-09 14:30:00,2025-05-09 15:30:00,1.0,5465,5465,3,1,5346.25,Los Angeles,7.0,0.0,2.525,0.0,0.0,0.0,78.0,55.0,64.9775,0.0,0.0,0.0
10242,2025-05-10 11:15:00,2025-05-10 11:30:00,0.25,4223,4223,1,1,1055.75,Los Angeles,13.0,0.0,2.09375,0.0,0.0,0.0,75.2,58.0,64.8125,0.0,0.0,0.0
10244,2025-05-10 17:00:00,2025-05-10 18:45:00,1.75,5866,5866,3,3,9848.5,Los Angeles,13.0,0.0,4.6953125,27.0,0.0,1.1875,96.8,60.0,82.30156,0.0,0.0,0.0
10246,2025-05-10 19:15:00,2025-05-11 14:15:00,19.0,8496,19132,25,26,117425.0,Los Angeles,22.0,0.0,6.607143,30.0,0.0,2.4431818,102.2,56.0,76.623215,0.0,0.0,0.0
10248,2025-05-11 16:00:00,2025-05-11 17:15:00,1.25,4953,5024,4,2,5869.0,Los Angeles,12.0,0.0,3.6458333,19.0,0.0,0.7916667,86.0,60.0,75.43542,0.0,0.0,0.0
10250,2025-05-11 20:45:00,2025-05-12 04:00:00,7.25,6255,6838,13,9,34255.75,Los Angeles,21.0,0.0,8.960417,30.0,0.0,3.3604167,93.0,59.0,76.65792,0.0,0.0,0.0
10252,2025-05-12 04:15:00,2025-05-12 06:00:00,1.75,8561,8617,3,4,14465.0,Los Angeles,15.0,0.0,6.2734375,24.0,0.0,0.859375,82.4,58.0,68.1125,0.0,0.0,0.0
10254,2025-05-12 17:00:00,2025-05-12 17:15:00,0.25,4637,4637,1,1,1159.25,Los Angeles,22.0,0.0,8.4375,23.0,0.0,4.15625,72.0,55.0,64.7,0.0,0.0,0.0
10256,2025-05-12 17:30:00,2025-05-12 17:45:00,0.25,5460,5460,1,1,1365.0,Los Angeles,22.0,0.0,9.0,29.0,0.0,6.40625,72.0,58.0,65.6875,0.0,0.0,0.0
10258,2025-05-12 20:45:00,2025-05-12 21:45:00,1.0,4184,4184,2,3,4111.5,Los Angeles,32.0,0.0,12.425,41.0,0.0,13.9,74.0,58.0,67.847496,0.0,0.0,0.0
10260,2025-05-13 08:30:00,2025-05-13 08:45:00,0.25,4208,4208,1,1,1052.0,Los Angeles,17.0,0.0,9.5,33.0,0.0,5.375,66.2,41.0,55.73125,0.0,0.0,0.0
10262,2025-05-14 18:15:00,2025-05-14 18:45:00,0.5,3915,3915,1,2,1952.25,Los Angeles,19.0,0.0,7.9166665,26.0,0.0,4.0208335,70.0,52.0,64.96667,0.0,0.0,0.0
10264,2025-05-16 07:45:00,2025-05-16 14:00:00,6.25,6636,7229,6,7,40399.0,Los Angeles,18.0,0.0,4.3076925,28.0,0.0,1.4134616,69.8,51.0,58.380287,0.0,0.0,0.0
10266,2025-05-19 01:00:00,2025-05-19 01:30:00,0.5,6170,6170,2,1,2944.75,Los Angeles,26.0,0.0,10.9375,34.0,0.0,6.1666665,72.0,56.0,65.72083,0.0,0.0,0.0
10269,2025-05-21 15:15:00,2025-05-21 16:00:00,0.75,23494,23494,1,2,13222.5,Los Angeles,14.0,0.0,2.796875,20.0,0.0,0.3125,77.0,60.0,68.0625,0.0,0.0,0.0
10271,2025-05-21 19:45:00,2025-05-21 20:15:00,0.5,6549,6549,2,1,2732.5,Los Angeles,13.0,0.0,7.6458335,17.0,0.0,1.2916666,90.0,60.0,80.200005,0.0,0.0,0.0
10277,2025-05-27 21:30:00,2025-05-27 21:45:00,0.25,11599,11599,1,1,2899.75,Los Angeles,15.0,0.0,7.8125,19.0,0.0,4.5625,88.0,60.0,73.73125,0.0,0.0,0.0
10279,2025-05-28 05:00:00,2025-05-28 05:15:00,0.25,8517,8517,1,1,2129.25,Los Angeles,13.0,0.0,6.375,0.0,0.0,0.0,69.8,55.0,62.825005,0.0,0.0,0.0
10282,2025-05-28 18:45:00,2025-05-28 21:00:00,2.25,3977,3982,3,4,8848.0,Los Angeles,17.0,0.0,8.43125,26.0,0.0,3.30625,89.0,54.0,69.932495,0.0,0.0,0.0
10284,2025-05-30 18:00:00,2025-05-30 18:15:00,0.25,3987,3987,1,1,996.75,Los Angeles,12.0,0.0,4.21875,19.0,0.0,1.1875,88.0,60.0,75.149994,0.0,0.0,0.0
10286,2025-05-31 03:00:00,2025-05-31 03:30:00,0.5,3905,3905,1,1,1952.5,Los Angeles,17.0,0.0,8.166667,21.0,0.0,1.875,93.2,59.0,74.354164,0.0,0.0,0.0
10288,2025-06-01 01:00:00,2025-06-01 02:45:00,1.75,16249,16535,4,4,15691.0,Los Angeles,26.0,0.0,10.140625,36.0,0.0,5.53125,91.0,60.0,75.59688,0.0,0.0,0.0
10290,2025-06-01 15:30:00,2025-06-01 16:15:00,0.75,4832,4832,3,1,3345.25,Los Angeles,23.0,0.0,6.421875,32.0,0.0,4.640625,79.0,60.0,70.30312,0.0,0.0,0.0
10292,2025-06-01 22:30:00,2025-06-02 00:00:00,1.5,12109,12158,4,3,16255.25,Los Angeles,26.0,0.0,10.544642,34.0,0.0,6.258929,87.0,60.0,76.65535,0.0,0.0,0.0
10294,2025-06-03 02:45:00,2025-06-03 03:15:00,0.5,5602,5602,1,1,2801.0,Los Angeles,19.0,0.0,8.270833,28.0,0.0,4.8333335,77.0,60.0,66.379166,0.0,0.0,0.0
10296,2025-06-03 03:30:00,2025-06-03 04:00:00,0.5,6287,6287,2,1,2829.0,Los Angeles,19.0,0.0,8.229167,27.0,0.0,5.3541665,75.2,58.0,65.4,0.0,0.0,0.0
10298,2025-06-05 18:30:00,2025-06-05 19:00:00,0.5,4511,4511,1,2,2252.5,Los Angeles,11.0,0.0,5.2708335,16.0,0.0,0.33333334,88.0,59.0,68.75833,0.0,0.0,0.0
10300,2025-06-06 02:15:00,2025-06-06 10:15:00,8.0,8619,18060,11,15,54645.25,Los Angeles,19.0,0.0,6.594697,22.0,0.0,1.0511364,81.0,54.0,63.346214,0.0,0.0,0.0
10302,2025-06-06 12:30:00,2025-06-06 12:45:00,0.25,3950,3950,1,1,987.5,Los Angeles,9.0,0.0,3.625,0.0,0.0,0.0,65.0,54.0,60.84375,0.0,0.0,0.0
10304,2025-06-07 18:00:00,2025-06-07 22:00:00,4.0,4235,4297,2,4,16794.5,Los Angeles,18.0,0.0,7.040441,26.0,0.0,3.797794,97.0,57.0,70.82427,0.0,0.0,0.0
10306,2025-06-12 11:30:00,2025-06-12 12:15:00,0.75,4844,4844,2,1,3629.75,Los Angeles,26.0,0.0,5.53125,34.0,0.0,3.140625,71.6,56.0,62.99375,0.0004,1e-04,6.25e-06
10308,2025-06-13 15:15:00,2025-06-13 15:30:00,0.25,4853,4853,1,1,1213.25,Los Angeles,23.0,0.0,4.9375,0.0,0.0,0.0,77.0,56.0,64.706245,0.0002,1e-04,6.25e-06
10310,2025-06-13 15:45:00,2025-06-13 16:00:00,0.25,4118,4118,1,1,1029.5,Los Angeles,23.0,0.0,5.59375,0.0,0.0,0.0,81.0,57.0,66.350006,0.0002,1e-04,6.25e-06
10312,2025-06-14 11:00:00,2025-06-14 12:00:00,1.0,4443,4443,1,1,4443.0,Los Angeles,16.0,0.0,4.0125,0.0,0.0,0.0,74.0,55.0,63.0625,0.0,0.0,0.0
10314,2025-06-14 15:15:00,2025-06-14 15:45:00,0.5,5820,5820,1,2,2889.5,Los Angeles,14.0,0.0,4.375,0.0,0.0,0.0,84.0,56.0,65.84583,0.0,0.0,0.0
10316,2025-06-14 16:15:00,2025-06-14 16:45:00,0.5,3912,3912,2,1,1951.5,Los Angeles,14.0,0.0,4.7708335,0.0,0.0,0.0,87.0,56.0,67.775,0.0,0.0,0.0
10318,2025-06-20 08:15:00,2025-06-20 10:00:00,1.75,5793,5793,1,1,10137.75,Los Angeles,24.0,0.0,5.953125,37.0,0.0,3.3359375,77.0,56.0,64.29532,0.0007,1e-04,5.46875e-06
10320,2025-06-21 23:15:00,2025-06-22 00:00:00,0.75,4158,4158,1,2,3118.25,Los Angeles,32.0,0.0,12.890625,41.0,0.0,10.5,76.0,60.0,69.975,0.0,0.0,0.0
10322,2025-06-23 16:30:00,2025-06-23 18:45:00,2.25,19889,20423,5,4,39492.25,Los Angeles,58.0,0.0,7.1375,19.0,0.0,2.4,82.0,59.0,69.302505,0.0,0.0,0.0
10324,2025-06-23 20:30:00,2025-06-23 21:30:00,1.0,4495,4495,1,4,4372.5,Los Angeles,16.0,0.0,9.3625,24.0,0.0,9.025,84.0,60.0,73.240005,0.0,0.0,0.0
10326,2025-06-25 15:45:00,2025-06-25 16:15:00,0.5,3845,3845,1,1,1922.5,Los Angeles,13.0,0.0,3.0416667,20.0,0.0,2.3125,80.0,58.0,65.4625,0.0,0.0,0.0
10328,2025-06-25 17:00:00,2025-06-25 18:45:00,1.75,4507,4507,3,5,7257.25,Los Angeles,12.0,0.0,4.84375,20.0,0.0,1.640625,90.0,59.0,70.359375,0.0,0.0,0.0
10330,2025-06-26 17:15:00,2025-06-26 17:45:00,0.5,3803,3803,1,1,1901.5,Los Angeles,10.0,0.0,3.8958333,16.0,0.0,0.9583333,91.0,59.0,71.479164,0.0,0.0,0.0
10332,2025-06-26 19:30:00,2025-06-26 20:00:00,0.5,4873,4873,2,1,2424.5,Los Angeles,17.0,0.0,7.4166665,23.0,0.0,5.875,95.0,60.0,77.00417,0.0,0.0,0.0
10335,2025-06-27 16:00:00,2025-06-28 00:00:00,8.0,5151,5423,13,14,37335.0,Los Angeles,23.0,0.0,8.100379,33.0,0.0,4.1875,95.0,59.0,76.49545,0.0,0.0,0.0
10337,2025-06-29 04:15:00,2025-06-29 04:45:00,0.5,35712,35712,1,1,17856.0,Los Angeles,16.0,0.0,7.0208335,0.0,0.0,0.0,87.8,58.0,72.43333,0.0,0.0,0.0
10340,2025-06-30 16:30:00,2025-06-30 18:00:00,1.5,4535,4535,2,2,6461.25,Los Angeles,13.0,0.0,5.910714,20.0,0.0,1.4285715,89.0,60.0,74.08392,0.0,0.0,0.0
10342,2025-06-30 18:15:00,2025-06-30 18:45:00,0.5,3849,3849,1,2,1912.75,Los Angeles,15.0,0.0,7.3125,20.0,0.0,2.5625,91.0,60.0,76.71667,0.0,0.0,0.0
10344,2025-07-01 14:00:00,2025-07-01 14:15:00,0.25,3948,3948,1,1,987.0,Los Angeles,10.0,0.0,4.21875,0.0,0.0,0.0,73.0,54.0,62.5625,0.0,0.0,0.0
10346,2025-07-02 07:30:00,2025-07-02 08:15:00,0.75,4968,4968,2,1,3249.5,Los Angeles,13.0,0.0,5.96875,17.0,0.0,0.265625,76.0,55.0,64.90938,0.0,0.0,0.0
10348,2025-07-03 06:45:00,2025-07-03 13:15:00,6.5,5801,5868,9,6,32905.25,Los Angeles,16.0,0.0,4.351852,27.0,0.0,1.1782408,77.0,56.0,64.10324,0.0,0.0,0.0
10350,2025-07-03 15:00:00,2025-07-03 17:00:00,2.0,5035,5035,7,1,8489.0,Los Angeles,10.0,0.0,3.7291667,17.0,0.0,0.8055556,88.0,56.0,68.38194,0.0,0.0,0.0
10352,2025-07-05 04:45:00,2025-07-05 05:45:00,1.0,6280,6280,4,1,5113.25,Los Angeles,16.0,0.0,7.225,20.0,0.0,1.6625,80.6,59.0,68.7875,0.0,0.0,0.0
10354,2025-07-07 14:30:00,2025-07-07 14:45:00,0.25,6617,6617,1,1,1654.25,Los Angeles,11.0,0.0,3.34375,0.0,0.0,0.0,79.0,55.0,64.225,0.0,0.0,0.0
10356,2025-07-09 16:30:00,2025-07-09 17:15:00,0.75,9427,9427,2,1,7041.75,Los Angeles,14.0,0.0,4.828125,19.0,0.0,1.03125,93.0,60.0,76.625,0.0,0.0,0.0
10358,2025-07-09 18:00:00,2025-07-09 19:00:00,1.0,10676,10685,2,3,10186.0,Los Angeles,16.0,0.0,7.675,20.0,0.0,1.8,98.0,60.0,80.235,0.0,0.0,0.0
10360,2025-07-09 22:15:00,2025-07-09 22:30:00,0.25,3875,3875,1,1,968.75,Los Angeles,21.0,0.0,10.65625,26.0,0.0,5.84375,100.0,60.0,81.88125,0.0,0.0,0.0
10362,2025-07-09 23:00:00,2025-07-09 23:15:00,0.25,3851,3851,1,1,962.75,Los Angeles,22.0,0.0,10.75,27.0,0.0,5.9375,100.0,60.0,82.575,0.0,0.0,0.0
10364,2025-07-12 09:30:00,2025-07-12 12:15:00,2.75,3838,3838,1,2,10553.5,Los Angeles,15.0,0.0,4.125,21.0,0.0,0.7916667,77.0,57.0,65.21041,0.0,0.0,0.0
10366,2025-07-17 22:15:00,2025-07-17 23:00:00,0.75,5172,5172,1,3,3814.75,Los Angeles,22.0,0.0,11.140625,32.0,0.0,9.734375,95.0,60.0,79.70937,0.0,0.0,0.0
10368,2025-07-18 20:00:00,2025-07-18 20:45:00,0.75,4078,4078,1,2,3046.0,Los Angeles,14.0,0.0,8.1875,22.0,0.0,2.71875,97.0,60.0,77.61875,0.0,0.0,0.0
10370,2025-07-18 21:30:00,2025-07-18 22:45:00,1.25,4113,4128,2,2,5080.0,Los Angeles,18.0,0.0,9.385417,24.0,0.0,4.2083335,99.0,60.0,78.231255,0.0,0.0,0.0
10372,2025-07-19 03:00:00,2025-07-19 05:00:00,2.0,17119,17119,3,6,26427.0,Los Angeles,18.0,0.0,8.5625,22.0,0.0,1.1875,85.0,57.0,71.04445,0.0,0.0,0.0
10374,2025-07-19 08:45:00,2025-07-19 09:45:00,1.0,4499,4616,3,2,4354.25,Los Angeles,18.0,0.0,5.025,0.0,0.0,0.0,81.0,58.0,66.515,0.0,0.0,0.0
10376,2025-07-19 17:30:00,2025-07-19 19:30:00,2.0,4460,4486,2,3,8730.0,Los Angeles,13.0,0.0,5.5069447,19.0,0.0,0.5625,94.0,60.0,74.352776,0.0,0.0,0.0
10379,2025-07-21 22:30:00,2025-07-21 23:30:00,1.0,4060,4114,2,2,4003.75,Los Angeles,22.0,0.0,9.2,30.0,0.0,4.15,90.0,59.0,73.45,0.0,0.0,0.0
10381,2025-07-22 16:30:00,2025-07-22 17:30:00,1.0,5036,5036,2,1,4943.5,Los Angeles,15.0,0.0,5.65,19.0,0.0,1.1125,78.0,58.0,67.375,0.0,0.0,0.0
10383,2025-07-24 19:00:00,2025-07-24 20:30:00,1.5,7017,7033,4,3,9424.25,Los Angeles,18.0,0.0,10.125,29.0,0.0,6.223214,88.0,60.0,75.748215,0.0,0.0,0.0
10385,2025-07-24 20:45:00,2025-07-24 23:15:00,2.5,4505,4747,5,6,10212.75,Los Angeles,24.0,0.0,11.857955,32.0,0.0,8.795455,89.0,60.0,76.785225,0.0,0.0,0.0
10387,2025-07-26 09:30:00,2025-07-26 14:45:00,5.25,4774,4819,2,3,22320.25,Los Angeles,15.0,0.0,4.15625,24.0,0.0,0.32954547,72.0,54.0,61.923294,0.0,0.0,0.0
10390,2025-07-30 18:45:00,2025-07-30 22:00:00,3.25,6072,6219,4,7,18537.25,Los Angeles,20.0,0.0,9.1875,28.0,0.0,5.513393,93.0,60.0,78.23214,0.0,0.0,0.0
10392,2025-07-31 21:30:00,2025-07-31 21:45:00,0.25,3878,3878,1,1,969.5,Los Angeles,17.0,0.0,9.125,26.0,0.0,6.25,97.0,60.0,80.75625,0.0,0.0,0.0
10394,2025-08-01 03:15:00,2025-08-01 04:00:00,0.75,5097,5097,2,1,3743.25,Los Angeles,18.0,0.0,7.5,23.0,0.0,0.984375,83.0,60.0,71.25938,0.0,0.0,0.0
10396,2025-08-01 05:45:00,2025-08-01 07:00:00,1.25,5682,6046,3,2,5424.75,Los Angeles,15.0,0.0,5.9375,15.0,0.0,0.15625,80.6,60.0,69.362495,0.0,0.0,0.0
10398,2025-08-01 08:30:00,2025-08-01 09:15:00,0.75,6106,6106,2,1,4206.0,Los Angeles,15.0,0.0,4.375,0.0,0.0,0.0,80.6,60.0,65.24062,0.0,0.0,0.0
10400,2025-08-01 20:00:00,2025-08-01 20:45:00,0.75,7907,7907,2,1,5247.25,Los Angeles,18.0,0.0,8.359375,21.0,0.0,4.0,96.0,60.0,78.59687,0.0,0.0,0.0
10402,2025-08-02 15:45:00,2025-08-02 17:00:00,1.25,5086,5101,2,3,5727.5,Los Angeles,14.0,0.0,4.1875,26.0,0.0,1.9270834,87.0,60.0,69.10208,0.0,0.0,0.0
10404,2025-08-03 16:30:00,2025-08-03 16:45:00,0.25,3880,3880,1,1,970.0,Los Angeles,12.0,0.0,4.3125,30.0,0.0,2.84375,89.0,60.0,71.325,0.0,0.0,0.0
10406,2025-08-05 16:30:00,2025-08-05 17:00:00,0.5,5771,5771,2,1,2885.25,Los Angeles,13.0,0.0,4.0625,17.0,0.0,0.7083333,86.0,60.0,73.012505,0.0,0.0,0.0
10408,2025-08-06 05:15:00,2025-08-06 05:45:00,0.5,13800,13800,1,2,4479.5,Los Angeles,14.0,0.0,5.0,0.0,0.0,0.0,84.2,60.0,71.862495,0.0,0.0,0.0
10410,2025-08-08 01:00:00,2025-08-08 02:15:00,1.25,6881,6881,3,3,7280.5,Los Angeles,18.0,0.0,9.010417,21.0,0.0,1.2083334,97.0,60.0,81.64166,0.0,0.0,0.0
10412,2025-08-11 05:15:00,2025-08-11 06:00:00,0.75,6393,6393,1,2,4638.25,Los Angeles,17.0,0.0,6.40625,30.0,0.0,1.40625,87.0,60.0,71.359375,0.0,0.0,0.0
10414,2025-08-11 18:30:00,2025-08-11 18:45:00,0.25,4443,4443,1,1,1110.75,Los Angeles,14.0,0.0,6.875,24.0,0.0,1.5,101.0,60.0,80.34375,0.0,0.0,0.0
10416,2025-08-12 08:30:00,2025-08-12 08:45:00,0.25,4175,4175,1,1,1043.75,Los Angeles,17.0,0.0,5.71875,0.0,0.0,0.0,89.0,60.0,71.025,0.0,0.0,0.0
10418,2025-08-12 09:45:00,2025-08-12 12:30:00,2.75,5443,5443,2,6,13507.25,Los Angeles,17.0,0.0,5.0052085,22.0,0.0,0.114583336,89.0,58.0,68.316666,0.0,0.0,0.0
10420,2025-08-12 12:45:00,2025-08-12 14:00:00,1.25,4364,4364,1,1,5455.0,Los Angeles,17.0,0.0,4.5,17.0,0.0,0.7083333,89.0,58.0,67.73333,0.0,0.0,0.0
10422,2025-08-12 14:30:00,2025-08-12 15:15:00,0.75,4251,4251,2,2,3147.5,Los Angeles,17.0,0.0,3.984375,17.0,0.0,0.53125,89.0,60.0,69.34062,0.0,0.0,0.0
10424,2025-08-12 16:45:00,2025-08-12 17:00:00,0.25,4318,4318,1,1,1079.5,Los Angeles,17.0,0.0,5.78125,16.0,0.0,0.5,96.0,60.0,74.0,0.0,0.0,0.0
10426,2025-08-12 18:15:00,2025-08-12 20:30:00,2.25,6889,9347,5,5,12652.75,Los Angeles,17.0,0.0,6.71875,22.0,0.0,1.85625,102.0,60.0,78.98125,0.0,0.0,0.0
10428,2025-08-12 21:15:00,2025-08-12 21:30:00,0.25,4411,4411,1,1,1102.75,Los Angeles,16.0,0.0,8.03125,21.0,0.0,4.5,103.0,60.0,81.48125,0.0,0.0,0.0
10430,2025-08-14 10:00:00,2025-08-14 21:45:00,11.75,11824,14453,17,16,93702.5,Los Angeles,25.0,0.0,6.5351562,35.0,0.0,1.8294271,98.0,59.0,70.63672,0.0,0.0,0.0
10432,2025-08-21 04:30:00,2025-08-21 05:30:00,1.0,3904,3919,2,2,3829.75,Los Angeles,15.0,0.0,5.05,18.0,0.0,0.225,91.4,60.0,76.5125,0.0,0.0,0.0
10434,2025-08-21 11:45:00,2025-08-21 18:45:00,7.0,8094,10874,11,15,48090.0,Los Angeles,9.0,0.0,2.4719827,17.0,0.0,0.36206895,98.6,60.0,76.32457,0.0,0.0,0.0
10436,2025-08-21 22:45:00,2025-08-21 23:15:00,0.5,5619,5619,1,2,2795.75,Los Angeles,17.0,0.0,9.291667,24.0,0.0,3.4583333,104.0,60.0,89.975,0.0,0.0,0.0
10438,2025-08-22 00:45:00,2025-08-22 01:30:00,0.75,5359,5359,2,2,3448.5,Los Angeles,17.0,0.0,8.359375,21.0,0.0,0.640625,102.2,60.0,87.325,0.0,0.0,0.0
10440,2025-08-22 01:45:00,2025-08-22 02:45:00,1.0,5183,5183,2,2,4918.5,Los Angeles,16.0,0.0,7.2375,17.0,0.0,0.5875,98.0,60.0,83.11,0.0,0.0,0.0
10442,2025-08-22 23:45:00,2025-08-23 04:00:00,4.25,7258,7309,8,8,21283.75,Los Angeles,22.0,0.0,8.40625,26.0,0.0,2.5347223,103.0,60.0,82.43403,0.0,0.0,0.0
10444,2025-08-23 15:15:00,2025-08-23 21:15:00,6.0,9132,12988,12,11,39514.75,Los Angeles,19.0,0.0,6.585,28.0,0.0,2.8625,98.6,60.0,80.009,0.2211,0.04,0.00055275
10446,2025-08-23 23:45:00,2025-08-24 00:45:00,1.0,5782,5812,2,3,5294.25,Los Angeles,21.0,0.0,9.875,19.0,0.0,1.4625,100.4,60.0,85.5775,0.0,0.0,0.0
10448,2025-08-24 06:15:00,2025-08-24 07:15:00,1.0,4920,5015,2,3,4861.5,Los Angeles,14.0,0.0,5.0125,10.0,0.0,0.625,96.8,60.0,76.725,0.0,0.0,0.0
10451,2025-08-25 22:15:00,2025-08-25 23:45:00,1.5,12781,12781,2,4,15639.25,Los Angeles,20.0,0.0,10.660714,28.0,0.0,6.553571,99.0,60.0,83.66964,0.0,0.0,0.0
10453,2025-08-26 06:30:00,2025-08-26 07:00:00,0.5,3828,3828,1,1,1914.0,Los Angeles,11.0,0.0,5.2291665,16.0,0.0,1.0,84.2,60.0,71.2125,0.0,0.0,0.0
10455,2025-08-26 07:15:00,2025-08-26 07:30:00,0.25,3828,3828,1,1,957.0,Los Angeles,11.0,0.0,4.21875,16.0,0.0,1.0,84.2,60.0,70.9625,0.0,0.0,0.0
10457,2025-08-28 17:30:00,2025-08-28 18:00:00,0.5,5092,5092,1,1,2546.0,Los Angeles,9.0,0.0,3.4791667,17.0,0.0,1.0625,87.0,60.0,79.125,0.0,0.0,0.0
10459,2025-08-28 18:15:00,2025-08-28 18:30:00,0.25,5414,5414,1,1,1353.5,Los Angeles,11.0,0.0,5.0625,18.0,0.0,1.09375,87.8,60.0,80.40625,0.0,0.0,0.0
10461,2025-08-28 20:15:00,2025-08-28 20:30:00,0.25,4209,4209,1,1,1052.25,Los Angeles,13.0,0.0,7.4375,21.0,0.0,1.71875,91.0,60.0,81.5,0.0,0.0,0.0
10463,2025-08-29 05:00:00,2025-08-29 06:45:00,1.75,7534,7687,4,2,11451.5,Los Angeles,10.0,0.0,4.9453125,0.0,0.0,0.0,84.2,60.0,72.9,0.0,0.0,0.0
10465,2025-08-29 11:30:00,2025-08-29 12:45:00,1.25,6569,6569,3,2,7755.75,Los Angeles,8.0,0.0,2.2916667,0.0,0.0,0.0,76.0,60.0,67.277084,0.0,0.0,0.0
10467,2025-08-29 13:00:00,2025-08-29 14:30:00,1.5,5354,5356,2,2,7438.5,Los Angeles,10.0,0.0,2.0625,0.0,0.0,0.0,77.0,60.0,67.355354,0.0,0.0,0.0
10469,2025-08-29 17:30:00,2025-08-29 18:00:00,0.5,4128,4128,2,1,2001.0,Los Angeles,9.0,0.0,4.1458335,0.0,0.0,0.0,89.6,60.0,81.5375,0.0,0.0,0.0
10471,2025-08-30 23:45:00,2025-08-31 01:15:00,1.5,4767,4767,2,2,6531.25,Los Angeles,16.0,0.0,8.928572,20.0,0.0,1.5625,99.0,60.0,84.63928,0.0,0.0,0.0
10473,2025-08-31 15:30:00,2025-08-31 15:45:00,0.25,4214,4214,1,1,1053.5,Los Angeles,5.0,0.0,1.75,0.0,0.0,0.0,86.0,60.0,74.4375,0.0,0.0,0.0
10475,2025-08-31 16:00:00,2025-08-31 17:00:00,1.0,4482,4482,3,1,4095.75,Los Angeles,8.0,0.0,2.375,0.0,0.0,0.0,89.6,60.0,77.45,0.0,0.0,0.0
10477,2025-08-31 23:45:00,2025-09-01 00:30:00,0.75,4003,4003,1,2,2999.5,Los Angeles,17.0,0.0,9.953125,21.0,0.0,4.96875,100.0,60.0,84.6125,0.0,0.0,0.0
10479,2025-09-03 16:15:00,2025-09-03 16:45:00,0.5,6829,6829,1,2,2774.75,Los Angeles,14.0,0.0,6.0625,20.0,0.0,1.9166666,99.0,60.0,82.479164,0.0,0.0,0.0
10481,2025-09-03 17:00:00,2025-09-03 17:30:00,0.5,7875,7875,1,2,3927.75,Los Angeles,14.0,0.0,6.625,22.0,0.0,2.375,99.0,60.0,83.4875,0.0,0.0,0.0
10483,2025-09-05 17:45:00,2025-09-05 18:00:00,0.25,4107,4107,1,1,1026.75,Los Angeles,17.0,0.0,6.40625,23.0,0.0,2.6875,93.0,60.0,77.45,0.0,0.0,0.0
10485,2025-09-07 16:45:00,2025-09-07 18:30:00,1.75,5046,5046,3,3,7938.75,Los Angeles,15.0,0.0,4.5625,23.0,0.0,1.4375,91.4,60.0,78.98282,0.0,0.0,0.0
10487,2025-09-08 18:00:00,2025-09-08 18:15:00,0.25,10565,10565,1,1,2641.25,Los Angeles,19.0,0.0,7.25,27.0,0.0,4.40625,89.6,60.0,78.25,0.0,0.0,0.0
10490,2025-09-13 01:15:00,2025-09-13 02:30:00,1.25,5549,5549,1,3,6323.25,Los Angeles,19.0,0.0,8.625,23.0,0.0,1.4791666,78.0,59.0,70.27292,0.0,0.0,0.0
10492,2025-09-15 17:00:00,2025-09-15 18:30:00,1.5,24026,24061,4,2,23474.0,Los Angeles,12.0,0.0,3.75,16.0,0.0,0.39285713,91.4,60.0,75.14821,0.0,0.0,0.0
10494,2025-09-16 18:45:00,2025-09-16 19:00:00,0.25,3828,3828,1,1,957.0,Los Angeles,13.0,0.0,5.78125,19.0,0.0,1.1875,95.0,60.0,82.700005,0.0,0.0,0.0
10496,2025-09-17 17:30:00,2025-09-17 18:30:00,1.0,9139,9139,2,1,8818.25,Los Angeles,11.0,0.0,5.25,15.0,0.0,0.5625,95.0,60.0,81.375,0.0,0.0,0.0
10498,2025-09-18 05:00:00,2025-09-18 09:45:00,4.75,6786,9126,9,6,27728.5,Los Angeles,20.0,0.0,6.240625,30.0,0.0,2.321875,84.2,60.0,71.89188,0.1306,0.03,0.00040812502
10500,2025-09-18 15:30:00,2025-09-18 16:00:00,0.5,12238,12238,1,2,5608.75,Los Angeles,10.0,0.0,4.9791665,24.0,0.0,0.5,75.2,60.0,69.612495,0.2302,0.03,0.004795833
10502,2025-09-18 16:15:00,2025-09-18 19:45:00,3.5,52586,53267,4,4,34980.25,Los Angeles,20.0,0.0,6.7083335,30.0,0.0,2.2,86.0,59.0,73.01,0.47050002,0.06,0.0019604168
10504,2025-09-19 17:45:00,2025-09-19 18:30:00,0.75,5139,5139,1,2,3703.5,Los Angeles,11.0,0.0,4.234375,14.0,0.0,0.65625,84.2,60.0,74.25937,0.0004,1e-04,6.25e-06
10506,2025-09-19 19:15:00,2025-09-19 19:30:00,0.25,5730,5730,1,1,1432.5,Los Angeles,12.0,0.0,6.625,16.0,0.0,0.9375,87.8,60.0,75.96875,0.0,0.0,0.0
10508,2025-09-19 21:15:00,2025-09-19 21:30:00,0.25,3833,3833,1,1,958.25,Los Angeles,16.0,0.0,8.46875,18.0,0.0,2.875,87.8,60.0,77.23125,0.0,0.0,0.0
10510,2025-09-20 01:45:00,2025-09-20 03:45:00,2.0,5655,5678,3,3,9657.5,Los Angeles,13.0,0.0,6.763889,0.0,0.0,0.0,82.4,60.0,71.86389,0.0,0.0,0.0
10512,2025-09-22 15:15:00,2025-09-22 17:30:00,2.25,5233,5233,6,1,10556.0,Los Angeles,15.0,0.0,2.8625,0.0,0.0,0.0,81.0,60.0,69.901245,0.0,0.0,0.0
10514,2025-09-22 18:45:00,2025-09-22 20:00:00,1.25,4609,4609,1,3,5655.5,Los Angeles,12.0,0.0,6.3020835,24.0,0.0,1.8333334,86.0,60.0,78.07083,0.0,0.0,0.0
10516,2025-09-23 02:45:00,2025-09-23 06:00:00,3.25,8375,11112,4,6,19318.5,Los Angeles,11.0,0.0,5.6875,0.0,0.0,0.0,82.4,60.0,71.56518,0.0,0.0,0.0
10518,2025-09-23 06:30:00,2025-09-23 06:45:00,0.25,6248,6248,1,1,1562.0,Los Angeles,10.0,0.0,5.40625,0.0,0.0,0.0,82.4,60.0,70.649994,0.0,0.0,0.0
10520,2025-09-23 07:30:00,2025-09-23 08:45:00,1.25,4642,4642,3,1,5628.75,Los Angeles,10.0,0.0,3.625,0.0,0.0,0.0,82.4,60.0,69.34583,0.0,0.0,0.0
10522,2025-09-23 14:45:00,2025-09-23 15:15:00,0.5,5530,5530,1,1,2765.0,Los Angeles,13.0,0.0,2.0,0.0,0.0,0.0,78.0,60.0,68.9125,0.0,0.0,0.0
10524,2025-09-26 05:45:00,2025-09-26 06:15:00,0.5,4247,4247,1,2,2106.5,Los Angeles,18.0,0.0,7.5416665,26.0,0.0,2.9166667,73.4,60.0,66.299995,0.0,0.0,0.0
10526,2025-09-27 20:45:00,2025-09-27 21:00:00,0.25,3829,3829,1,1,957.25,Los Angeles,8.0,0.0,5.5,12.0,0.0,0.75,82.0,60.0,71.725,0.0,0.0,0.0
10528,2025-09-28 09:15:00,2025-09-28 09:30:00,0.25,8434,8434,1,1,2108.5,Los Angeles,8.0,0.0,2.65625,0.0,0.0,0.0,68.0,55.0,64.94375,0.0,0.0,0.0
10530,2025-09-28 10:15:00,2025-09-28 11:15:00,1.0,7919,7919,1,2,7444.25,Los Angeles,10.0,0.0,2.5375,0.0,0.0,0.0,69.0,53.0,64.525,0.0,0.0,0.0
10532,2025-09-28 18:15:00,2025-09-28 18:45:00,0.5,4352,4352,2,1,2161.0,Los Angeles,12.0,0.0,4.6041665,16.0,0.0,0.33333334,77.0,55.0,69.67083,0.0,0.0,0.0
10534,2025-09-28 23:45:00,2025-09-29 02:00:00,2.25,17560,18786,2,3,30487.25,Los Angeles,17.0,0.0,8.5375,23.0,0.0,1.09375,80.0,59.0,71.04625,0.0,0.0,0.0
10536,2025-10-01 16:15:00,2025-10-01 16:45:00,0.5,3882,3882,2,1,1940.75,Los Angeles,17.0,0.0,3.875,0.0,0.0,0.0,71.0,56.0,66.541664,0.0,0.0,0.0
10538,2025-10-02 05:15:00,2025-10-02 09:00:00,3.75,3968,4024,7,5,14644.75,Los Angeles,13.0,0.0,4.5664062,0.0,0.0,0.0,75.2,55.0,64.748436,0.0,0.0,0.0
10540,2025-10-02 09:45:00,2025-10-02 11:45:00,2.0,4685,4685,1,4,8505.75,Los Angeles,12.0,0.0,2.8819444,0.0,0.0,0.0,66.0,57.0,61.383327,0.0,0.0,0.0
10543,2025-10-02 16:00:00,2025-10-02 16:30:00,0.5,3993,3993,2,1,1988.25,Los Angeles,11.0,0.0,2.8333333,0.0,0.0,0.0,71.6,59.0,65.275,0.0,0.0,0.0
10545,2025-10-03 12:45:00,2025-10-03 14:15:00,1.5,8811,8811,1,3,13211.75,Los Angeles,19.0,0.0,5.723214,24.0,0.0,0.58035713,67.0,48.0,62.425,0.00049999997,1e-04,4.464285e-06
10547,2025-10-03 17:45:00,2025-10-03 21:45:00,4.0,8635,8775,10,6,23504.25,Los Angeles,21.0,0.0,10.356618,29.0,0.0,6.5992646,77.0,53.0,69.44264,0.0,0.0,0.0
10549,2025-10-04 10:15:00,2025-10-04 10:30:00,0.25,4129,4129,1,1,1032.25,Los Angeles,13.0,0.0,4.6875,23.0,0.0,0.71875,65.0,45.0,59.4625,0.0,0.0,0.0
10551,2025-10-07 17:30:00,2025-10-07 18:00:00,0.5,6951,6951,2,1,3260.5,Los Angeles,19.0,0.0,4.9583335,33.0,0.0,2.0625,76.0,60.0,66.32083,0.0,0.0,0.0
10553,2025-10-10 15:15:00,2025-10-10 16:00:00,0.75,11216,11216,2,1,8135.0,Los Angeles,13.0,0.0,3.71875,0.0,0.0,0.0,75.0,60.0,67.72187,0.0,0.0,0.0
10555,2025-10-10 18:15:00,2025-10-10 19:45:00,1.5,6055,6055,2,3,6849.25,Los Angeles,17.0,0.0,6.258929,24.0,0.0,1.9464285,90.0,60.0,77.59286,0.0,0.0,0.0
10557,2025-10-14 07:00:00,2025-10-14 07:15:00,0.25,5213,5213,1,1,1303.25,Los Angeles,24.0,0.0,9.1875,37.0,0.0,5.625,64.4,44.0,59.85625,0.3,0.15,0.009375
10559,2025-10-14 10:15:00,2025-10-14 22:00:00,11.75,16655,26742,19,24,127261.25,Los Angeles,25.0,0.0,9.694011,40.0,0.0,9.4140625,66.0,39.0,56.439587,29.5323,0.51,0.038453516
10561,2025-10-15 00:15:00,2025-10-15 01:15:00,1.0,5940,5940,3,2,5134.0,Los Angeles,15.0,0.0,6.4375,20.0,0.0,1.85,66.0,41.0,58.230003,0.0004,1e-04,5e-06
10563,2025-10-15 01:30:00,2025-10-15 03:15:00,1.75,4983,5034,6,2,8266.5,Los Angeles,15.0,0.0,4.515625,19.0,0.0,1.0625,66.0,38.0,56.498436,0.0206,0.01,0.0001609375
10565,2025-10-16 20:00:00,2025-10-16 20:30:00,0.5,4565,4565,2,1,2260.5,Los Angeles,17.0,0.0,6.5625,28.0,0.0,2.0,78.0,59.0,69.77917,0.0,0.0,0.0
10567,2025-10-16 22:45:00,2025-10-16 23:00:00,0.25,3960,3960,1,1,990.0,Los Angeles,16.0,0.0,8.125,27.0,0.0,3.53125,78.8,59.0,70.3125,0.0,0.0,0.0
10569,2025-10-21 17:00:00,2025-10-21 17:15:00,0.25,4497,4497,1,1,1124.25,Los Angeles,13.0,0.0,4.15625,0.0,0.0,0.0,77.0,60.0,68.075,0.0,0.0,0.0
10571,2025-10-21 21:00:00,2025-10-21 21:15:00,0.25,4463,4463,1,1,1115.75,Los Angeles,14.0,0.0,6.65625,0.0,0.0,0.0,87.8,60.0,76.35,0.0,0.0,0.0
10573,2025-10-23 15:15:00,2025-10-23 23:30:00,8.25,9672,16676,15,13,52380.5,Los Angeles,17.0,0.0,4.59375,17.0,0.0,0.3841912,80.0,50.0,67.6239,0.0022,1e-04,4.0441178e-06
10575,2025-10-24 00:30:00,2025-10-24 00:45:00,0.25,5035,5035,1,1,1258.75,Los Angeles,19.0,0.0,7.375,21.0,0.0,2.46875,79.0,55.0,69.112495,0.0002,1e-04,6.25e-06
10577,2025-10-24 08:15:00,2025-10-24 08:30:00,0.25,7751,7751,1,1,1937.75,Los Angeles,12.0,0.0,2.875,0.0,0.0,0.0,83.0,49.0,61.4375,1e-04,1e-04,3.125e-06
10579,2025-10-26 08:30:00,2025-10-26 09:15:00,0.75,4528,4528,2,1,3380.25,Los Angeles,15.0,0.0,3.0625,0.0,0.0,0.0,83.0,50.0,59.996872,0.0004,1e-04,6.25e-06
10581,2025-10-28 06:15:00,2025-10-28 06:30:00,0.25,4322,4322,1,1,1080.5,Los Angeles,11.0,0.0,2.0625,0.0,0.0,0.0,83.0,54.0,62.825,0.0,0.0,0.0
10583,2025-10-28 16:15:00,2025-10-28 17:45:00,1.5,5154,5154,3,2,7362.25,Los Angeles,22.0,0.0,3.8839285,35.0,0.0,2.1160715,86.0,50.0,70.23393,0.0007,1e-04,6.25e-06
10585,2025-10-28 19:30:00,2025-10-28 20:00:00,0.5,4675,4675,1,1,2337.5,Los Angeles,16.0,0.0,5.9166665,33.0,0.0,4.6041665,90.0,60.0,81.00834,0.00029999999,1e-04,6.25e-06
10587,2025-10-28 20:30:00,2025-10-28 21:15:00,0.75,3904,3904,1,2,2908.0,Los Angeles,20.0,0.0,7.796875,33.0,0.0,4.8125,93.0,60.0,82.453125,0.00049999997,1e-04,7.8124995e-06
10589,2025-10-29 17:15:00,2025-10-29 18:00:00,0.75,5453,5453,1,2,3812.25,Los Angeles,16.0,0.0,4.296875,24.0,0.0,1.71875,88.0,60.0,77.80937,0.0,0.0,0.0
10591,2025-10-29 18:15:00,2025-10-29 20:15:00,2.0,6080,6184,4,3,10417.5,Los Angeles,15.0,0.0,4.9583335,24.0,0.0,2.5277777,91.4,60.0,81.770836,0.0,0.0,0.0
10593,2025-10-29 20:30:00,2025-10-29 20:45:00,0.25,5944,5944,1,1,1486.0,Los Angeles,12.0,0.0,6.1875,14.0,0.0,1.1875,93.2,60.0,82.75625,0.0,0.0,0.0
10595,2025-10-29 21:15:00,2025-10-29 21:30:00,0.25,6041,6041,1,1,1510.25,Los Angeles,14.0,0.0,6.1875,19.0,0.0,2.125,95.0,60.0,83.1875,0.0,0.0,0.0
10597,2025-10-29 23:00:00,2025-10-30 00:45:00,1.75,4730,4816,3,3,7587.0,Los Angeles,13.0,0.0,6.875,24.0,0.0,0.5,95.0,60.0,82.05625,0.0,0.0,0.0
10599,2025-10-30 16:30:00,2025-10-30 17:30:00,1.0,7060,7060,3,2,6561.75,Los Angeles,10.0,0.0,1.7875,0.0,0.0,0.0,83.0,51.0,71.659996,0.0,0.0,0.0
10601,2025-10-31 08:45:00,2025-10-31 09:30:00,0.75,4491,4491,1,2,3300.75,Los Angeles,9.0,0.0,2.65625,0.0,0.0,0.0,68.0,51.8,60.590622,0.0,0.0,0.0
10605,2025-11-01 20:45:00,2025-11-01 21:45:00,1.0,4577,4577,1,3,4569.25,Los Angeles,14.0,0.0,5.875,16.0,0.0,0.2,84.0,60.0,72.5775,0.0,0.0,0.0
10607,2025-11-03 07:00:00,2025-11-03 07:45:00,0.75,3948,3948,2,1,2949.75,Los Angeles,9.0,0.0,2.171875,0.0,0.0,0.0,68.0,51.0,60.246872,0.0,0.0,0.0
10609,2025-11-03 23:15:00,2025-11-04 01:15:00,2.0,4801,4801,2,4,9488.5,Los Angeles,15.0,0.0,7.6527777,18.0,0.0,0.4652778,81.0,54.0,67.370834,0.0,0.0,0.0
10611,2025-11-04 07:15:00,2025-11-04 08:15:00,1.0,5986,5986,1,1,5986.0,Los Angeles,10.0,0.0,2.6375,0.0,0.0,0.0,66.2,53.0,59.45,0.0,0.0,0.0
10613,2025-11-05 20:15:00,2025-11-06 00:15:00,4.0,11242,11771,10,6,24570.5,Los Angeles,20.0,0.0,7.7058825,27.0,0.0,1.3382353,72.0,53.0,65.85221,0.0,0.0,0.0
10615,2025-11-06 17:15:00,2025-11-06 18:15:00,1.0,4048,4048,2,1,4027.0,Los Angeles,23.0,0.0,5.45,34.0,0.0,2.025,67.0,48.0,63.027504,1e-04,1e-04,1.25e-06
10617,2025-11-06 21:30:00,2025-11-06 22:45:00,1.25,5595,5834,2,4,6158.0,Los Angeles,24.0,0.0,8.9375,32.0,0.0,3.5416667,74.0,51.0,67.206245,0.0002,1e-04,2.0833334e-06
10619,2025-11-08 07:45:00,2025-11-08 09:15:00,1.5,7288,7289,4,2,9454.25,Los Angeles,10.0,0.0,3.580357,0.0,0.0,0.0,75.2,46.0,61.801785,0.0,0.0,0.0
10621,2025-11-08 21:15:00,2025-11-08 22:15:00,1.0,167769,167769,3,2,111464.75,Los Angeles,14.0,0.0,6.8875,23.0,0.0,0.7,87.0,60.0,74.395004,0.0,0.0,0.0
10623,2025-11-09 04:45:00,2025-11-09 14:00:00,9.25,13008,14042,5,10,101008.0,Los Angeles,17.0,0.0,3.0756578,24.0,0.0,0.078947365,75.2,44.0,60.281906,0.0,0.0,0.0
10625,2025-11-10 20:00:00,2025-11-10 20:30:00,0.5,5099,5099,1,2,2404.75,Los Angeles,13.0,0.0,4.8125,18.0,0.0,0.75,91.4,60.0,76.825,0.0,0.0,0.0
10629,2025-11-14 15:00:00,2025-11-14 15:30:00,0.5,7481,7481,1,1,3740.5,Los Angeles,14.0,0.0,5.1666665,24.0,0.0,2.3541667,63.0,46.0,58.99583,0.6401,0.21,0.013335417
10631,2025-11-15 08:45:00,2025-11-15 09:00:00,0.25,7116,7116,1,1,1779.0,Los Angeles,9.0,0.0,3.1875,0.0,0.0,0.0,63.0,49.0,59.90625,0.5102,0.11,0.01594375
10633,2025-11-15 09:15:00,2025-11-15 09:45:00,0.5,3980,3980,1,2,1982.5,Los Angeles,15.0,0.0,3.9583333,22.0,0.0,1.2291666,63.0,49.0,59.662495,0.3304,0.06,0.006883333
10635,2025-11-15 11:30:00,2025-11-15 12:15:00,0.75,10203,10203,2,1,7626.5,Los Angeles,20.0,0.0,7.984375,37.0,0.0,4.03125,63.0,50.0,59.740623,1.8801,0.15,0.029376563
10637,2025-11-15 12:45:00,2025-11-15 14:00:00,1.25,4666,4693,2,3,5767.5,Los Angeles,24.0,0.0,7.8854165,44.0,0.0,4.9479165,64.0,49.0,59.662502,1.3703,0.34,0.014273959
10639,2025-11-15 16:15:00,2025-11-15 16:45:00,0.5,4570,4570,1,2,2213.0,Los Angeles,23.0,0.0,7.7916665,37.0,0.0,3.5416667,62.6,50.0,57.720837,2.48,0.32,0.051666666
10641,2025-11-15 17:30:00,2025-11-15 23:45:00,6.25,33199,36706,10,10,65911.75,Los Angeles,21.0,0.0,5.125,28.0,0.0,0.74759614,60.8,44.0,56.855286,15.6408,0.39,0.037598077
10643,2025-11-16 01:15:00,2025-11-16 01:45:00,0.5,4151,4151,2,1,2074.25,Los Angeles,11.0,0.0,6.4375,17.0,0.0,1.6875,60.0,44.0,56.233334,0.2901,0.06,0.0060437503
10645,2025-11-16 07:00:00,2025-11-16 08:15:00,1.25,7225,7225,3,3,8097.75,Los Angeles,14.0,0.0,6.3020835,27.0,0.0,1.84375,60.8,42.0,55.847916,0.7706,0.16,0.008027083
10647,2025-11-16 20:45:00,2025-11-16 22:00:00,1.25,4278,4285,4,2,5203.25,Los Angeles,19.0,0.0,7.625,28.0,0.0,3.4270833,66.2,42.0,59.797916,0.00059999997,1e-04,6.25e-06
10649,2025-11-16 22:30:00,2025-11-17 01:00:00,2.5,6236,6298,3,4,11875.75,Los Angeles,20.0,0.0,7.1420455,26.0,0.0,3.3920455,66.0,43.0,58.856815,0.0904,0.03,0.0005136364
10651,2025-11-17 02:15:00,2025-11-17 02:45:00,0.5,4580,4580,1,2,2279.5,Los Angeles,14.0,0.0,4.1666665,24.0,0.0,1.4583334,65.0,43.0,56.57083,0.1302,0.03,0.0027125
10653,2025-11-17 08:15:00,2025-11-17 11:45:00,3.5,7554,7586,3,7,23038.5,Los Angeles,21.0,0.0,4.9583335,32.0,0.0,2.2708333,60.0,42.0,54.7325,0.32340002,0.04,0.0013475001
10655,2025-11-17 17:45:00,2025-11-17 20:45:00,3.0,24325,28798,6,6,44390.25,Los Angeles,20.0,0.0,9.115385,30.0,0.0,6.5528846,67.0,43.0,60.025963,0.9107,0.08,0.0043783654
10657,2025-11-17 21:00:00,2025-11-17 21:15:00,0.25,6347,6347,1,1,1586.75,Los Angeles,18.0,0.0,10.15625,27.0,0.0,9.4375,66.2,44.0,59.65625,0.22059998,0.06,0.0068937493
10659,2025-11-18 00:45:00,2025-11-18 04:30:00,3.75,5353,5966,7,7,17723.25,Los Angeles,20.0,0.0,7.96875,27.0,0.0,3.2109375,60.8,36.0,53.958595,12.539999,0.49,0.04898437
10661,2025-11-18 05:00:00,2025-11-18 05:15:00,0.25,6242,6242,1,1,1560.5,Los Angeles,17.0,0.0,6.03125,20.0,0.0,1.84375,60.0,36.0,52.66875,0.36,0.1,0.01125
10663,2025-11-18 17:00:00,2025-11-18 19:15:00,2.25,6003,6058,4,4,11598.75,Los Angeles,10.0,0.0,4.2,10.0,0.0,0.4375,61.0,36.0,54.638752,0.1202,0.04,0.00075125
10665,2025-11-19 23:45:00,2025-11-20 00:00:00,0.25,3817,3817,1,1,954.25,Los Angeles,13.0,0.0,7.0,15.0,0.0,0.90625,62.6,46.0,59.112503,0.0,0.0,0.0
10667,2025-11-20 00:15:00,2025-11-20 00:30:00,0.25,3821,3821,1,1,955.25,Los Angeles,13.0,0.0,6.375,16.0,0.0,0.5,62.6,41.0,58.581253,0.0,0.0,0.0
10669,2025-11-21 07:00:00,2025-11-21 07:45:00,0.75,7233,7233,2,2,4485.75,Los Angeles,20.0,0.0,7.34375,30.0,0.0,3.515625,60.0,35.0,51.696877,1.7709,0.15,0.027670313
10671,2025-11-21 20:15:00,2025-11-21 21:00:00,0.75,5014,5014,1,3,3510.75,Los Angeles,28.0,0.0,10.734375,45.0,0.0,9.734375,65.0,38.0,58.44375,0.26,0.06,0.0040625
10673,2025-11-21 21:30:00,2025-11-21 21:45:00,0.25,4469,4469,1,1,1117.25,Los Angeles,23.0,0.0,10.625,47.0,0.0,8.1875,66.0,39.0,59.1625,0.0002,1e-04,6.25e-06
10675,2025-11-21 22:00:00,2025-11-22 04:30:00,6.5,9911,12423,12,12,43748.0,Los Angeles,31.0,0.0,8.1875,51.0,0.0,7.400463,66.0,38.0,57.70463,0.0022,1e-04,5.0925923e-06
10677,2025-11-22 07:30:00,2025-11-22 08:45:00,1.25,4101,4102,4,2,4986.5,Los Angeles,20.0,0.0,5.5104165,30.0,0.0,4.9895835,61.0,38.0,54.962498,0.0,0.0,0.0
10679,2025-11-22 22:15:00,2025-11-23 00:15:00,2.0,28648,28721,4,3,55895.0,Los Angeles,20.0,0.0,8.902778,30.0,0.0,6.9305553,72.0,48.0,63.78472,0.0,0.0,0.0
10681,2025-11-23 00:30:00,2025-11-23 00:45:00,0.25,6535,6535,1,1,1633.75,Los Angeles,20.0,0.0,7.09375,30.0,0.0,4.9375,70.0,47.0,62.5625,0.0,0.0,0.0
10683,2025-11-23 02:30:00,2025-11-23 03:00:00,0.5,4992,4992,1,2,2492.25,Los Angeles,20.0,0.0,4.3333335,30.0,0.0,3.7083333,67.0,45.0,60.466663,0.0,0.0,0.0
10685,2025-11-23 15:00:00,2025-11-23 17:30:00,2.5,5496,5608,4,2,13150.25,Los Angeles,20.0,0.0,3.6647727,30.0,0.0,1.875,66.0,36.0,55.16591,0.0,0.0,0.0
10687,2025-11-24 06:30:00,2025-11-24 09:00:00,2.5,4778,4778,4,4,11277.25,Los Angeles,20.0,0.0,3.7045455,30.0,0.0,1.875,61.0,41.0,54.834095,0.0,0.0,0.0
10689,2025-11-24 12:00:00,2025-11-24 12:15:00,0.25,4842,4842,1,1,1210.5,Los Angeles,20.0,0.0,3.5625,30.0,0.0,3.4375,60.0,40.0,52.14375,0.0,0.0,0.0
10691,2025-11-24 14:30:00,2025-11-24 15:30:00,1.0,5017,5117,2,2,4700.0,Los Angeles,20.0,0.0,2.6125,30.0,0.0,1.875,60.0,35.0,51.5325,0.0004,1e-04,5e-06
10693,2025-11-24 19:15:00,2025-11-24 20:00:00,0.75,4121,4121,1,3,3024.75,Los Angeles,20.0,0.0,3.765625,30.0,0.0,1.875,66.0,50.0,62.034374,0.0,0.0,0.0
10695,2025-11-25 01:00:00,2025-11-25 01:45:00,0.75,5076,5076,2,2,3336.0,Los Angeles,20.0,0.0,5.46875,30.0,0.0,1.875,68.0,50.0,60.440624,0.0002,1e-04,3.125e-06
10697,2025-11-25 09:00:00,2025-11-25 18:15:00,9.25,18528,19946,11,13,73493.75,Los Angeles,20.0,0.0,3.4457238,30.0,0.0,2.631579,69.0,33.0,52.476974,0.0,0.0,0.0
10699,2025-11-27 06:15:00,2025-11-27 06:45:00,0.5,5934,5934,2,1,2556.25,Los Angeles,18.0,0.0,3.7916667,0.0,0.0,0.0,77.0,42.0,61.458332,0.0,0.0,0.0
10701,2025-11-27 14:15:00,2025-11-27 14:30:00,0.25,3883,3883,1,1,970.75,Los Angeles,20.0,0.0,3.0625,31.0,0.0,1.84375,77.0,37.0,55.925,0.0,0.0,0.0
10703,2025-11-29 10:15:00,2025-11-29 10:45:00,0.5,4123,4123,1,1,2061.5,Los Angeles,5.0,0.0,1.5625,0.0,0.0,0.0,77.0,41.0,54.891663,0.0,0.0,0.0
10705,2025-12-02 22:15:00,2025-12-02 22:45:00,0.5,3921,3921,1,2,1940.0,Los Angeles,11.0,0.0,5.7916665,19.0,0.0,1.125,68.0,54.0,63.141663,0.0,0.0,0.0
10707,2025-12-05 04:45:00,2025-12-05 05:15:00,0.5,4341,4341,2,1,2165.5,Los Angeles,11.0,0.0,3.5208333,18.0,0.0,0.7291667,69.8,40.0,54.912502,0.0,0.0,0.0
10709,2025-12-05 05:45:00,2025-12-05 06:15:00,0.5,5387,5387,1,1,2693.5,Los Angeles,10.0,0.0,3.375,0.0,0.0,0.0,69.8,37.0,53.975002,0.0,0.0,0.0
10711,2025-12-05 20:45:00,2025-12-05 22:15:00,1.5,3905,3905,1,3,5776.0,Los Angeles,11.0,0.0,5.553571,16.0,0.0,0.14285715,71.6,54.0,65.225,0.0,0.0,0.0
10717,2025-12-15 08:30:00,2025-12-15 09:45:00,1.25,6022,6022,2,3,6487.75,Los Angeles,8.0,0.0,2.5104167,0.0,0.0,0.0,69.8,36.0,55.077087,0.0,0.0,0.0
10719,2025-12-15 10:00:00,2025-12-15 11:45:00,1.75,5030,5030,1,4,7246.75,Los Angeles,8.0,0.0,2.1328125,0.0,0.0,0.0,64.4,33.0,53.443752,0.0,0.0,0.0
10721,2025-12-16 13:45:00,2025-12-16 21:30:00,7.75,6271,6692,15,10,39992.25,Los Angeles,20.0,0.0,3.2929688,27.0,0.0,0.8203125,79.0,35.0,58.35234,0.0,0.0,0.0
10723,2025-12-17 01:15:00,2025-12-17 02:00:00,0.75,4790,4790,1,2,3519.5,Los Angeles,12.0,0.0,3.59375,17.0,0.0,0.796875,70.0,53.0,61.571877,0.0,0.0,0.0
10725,2025-12-17 02:15:00,2025-12-17 05:45:00,3.5,9212,9993,5,6,23786.5,Los Angeles,22.0,0.0,3.4291666,28.0,0.0,0.9875,71.0,50.0,59.280003,0.0014,1e-04,5.833333e-06
10728,2025-12-18 23:45:00,2025-12-19 00:45:00,1.0,4637,4637,2,1,4287.0,Los Angeles,26.0,0.0,7.0,29.0,0.0,0.9,84.2,59.0,71.005,0.00049999997,1e-04,6.2499994e-06
10730,2025-12-19 11:15:00,2025-12-19 12:00:00,0.75,3949,3949,1,2,2943.25,Los Angeles,16.0,0.0,3.859375,0.0,0.0,0.0,67.0,43.0,54.03125,1e-04,1e-04,1.5625e-06
10733,2025-12-20 22:30:00,2025-12-21 02:15:00,3.75,13853,14869,6,7,36597.5,Los Angeles,20.0,0.0,5.1914062,23.0,0.0,0.171875,74.0,53.0,62.214844,0.0,0.0,0.0
10735,2025-12-21 02:30:00,2025-12-21 03:15:00,0.75,4078,4078,1,1,3058.5,Los Angeles,11.0,0.0,3.90625,0.0,0.0,0.0,63.0,52.0,58.896873,0.0,0.0,0.0
10737,2025-12-24 13:30:00,2025-12-26 02:30:00,37.0,27098,55163,60,72,371290.75,Los Angeles,35.0,0.0,9.67953,65.0,0.0,8.641779,67.0,41.0,58.099327,62.6064,0.61,0.026261074
10739,2025-12-26 03:30:00,2025-12-26 05:00:00,1.5,6024,6069,2,4,8664.0,Los Angeles,24.0,0.0,8.705358,36.0,0.0,4.651786,63.0,43.0,58.68571,0.79059994,0.11,0.0070589283
10741,2025-12-26 18:30:00,2025-12-26 22:15:00,3.75,6186,7570,7,9,18917.75,Los Angeles,20.0,0.0,7.1289062,30.0,0.0,1.671875,62.6,43.0,56.8875,2.6116998,0.29,0.010201952
10743,2025-12-26 22:45:00,2025-12-26 23:15:00,0.5,4510,4510,2,1,2247.25,Los Angeles,17.0,0.0,6.4583335,23.0,0.0,2.9791667,63.0,43.0,56.37083,1.4106,0.3,0.029387498
10745,2025-12-27 01:45:00,2025-12-27 02:30:00,0.75,3896,3896,2,1,2914.75,Los Angeles,11.0,0.0,4.0,0.0,0.0,0.0,62.6,40.0,54.8875,0.30029997,0.07,0.004692187
10747,2025-12-27 14:00:00,2025-12-27 15:00:00,1.0,3862,3862,2,1,3850.75,Los Angeles,10.0,0.0,3.25,0.0,0.0,0.0,62.6,34.0,46.125,0.0,0.0,0.0
10749,2025-12-28 04:45:00,2025-12-28 10:45:00,6.0,6649,7616,7,8,35583.25,Los Angeles,13.0,0.0,3.8125,21.0,0.0,0.0875,62.6,32.0,49.032,0.0,0.0,0.0
10751,2025-12-30 11:45:00,2025-12-30 12:15:00,0.5,4104,4104,1,2,2026.25,Los Angeles,29.0,0.0,6.3958335,42.0,0.0,3.0416667,66.2,38.0,56.3,0.0,0.0,0.0
10753,2025-12-30 16:45:00,2025-12-30 17:15:00,0.5,4364,4364,2,1,2178.0,Los Angeles,26.0,0.0,6.5416665,39.0,0.0,3.4166667,67.0,43.0,58.962498,0.020399999,0.01,0.00042499998
10755,2025-12-30 22:45:00,2025-12-31 00:45:00,2.0,13286,13287,2,4,19609.75,Los Angeles,25.0,0.0,8.020833,34.0,0.0,3.0694444,74.0,45.0,66.08472,0.0,0.0,0.0
10757,2025-12-31 08:30:00,2025-12-31 10:45:00,2.25,5697,6016,3,5,10822.75,Los Angeles,19.0,0.0,5.1,26.0,0.0,2.45,69.8,43.0,61.355003,0.0,0.0,0.0
10759,2025-12-31 22:00:00,2025-12-31 22:15:00,0.25,3990,3990,1,1,997.5,Los Angeles,21.0,0.0,5.28125,31.0,0.0,2.5,60.0,40.0,55.6125,1.0702,0.22,0.03344375
10761,2025-12-31 23:00:00,2026-01-01 00:00:00,1.0,4916,4917,3,2,4847.75,Los Angeles,24.0,0.0,6.671875,39.0,0.0,3.984375,60.0,38.0,54.846878,2.1202998,0.22,0.033129685
